sensors,0.5,1,1.5,2,2.5,3,3.5,4,4.5,5,5.5,6,6.5,7,7.5,8,8.5,9,9.5,10,10.5,11,11.5,12,12.5,13,13.5,14,14.5,15,15.5,16,16.5,17,17.5,18,18.5,19,19.5,20,20.5,21,21.5,22,22.5,23,23.5,0,0.5,1,1.5,2,2.5,3,3.5,4,4.5,5,5.5,6,6.5,7,7.5,8,8.5,9,9.5,10,10.5,11,11.5,12,12.5,13,13.5,14,14.5,15,15.5,16,16.5,17,17.5,18,18.5,19,19.5,20,20.5,21,21.5,22,22.5,23,23.5,0,0.5,1,1.5,2,2.5,3,3.5,4,4.5,5,5.5,6,6.5,7,7.5,8,8.5,9,9.5,10,10.5,11,11.5,12,12.5,13,13.5,14,14.5,15,15.5,16,16.5,17,17.5,18,18.5,19,19.5,20,20.5,21,21.5,22,22.5,23,23.5,0
0,18.3,18.2,18.1,18,18,17.9,17.8,17.7,17.6,17.5,17.4,17.3,19.3,21,21.1,21.3,21.5,22,22.3,22.3,22.6,23.5,24.6,24.9,24.6,25.8,25.8,25.8,25.3,25.1,25.1,25.3,25.5,25.6,23.6,21.7,21.3,21.1,20.9,20.7,20.5,20.3,20.1,19.8,19.7,19.5,19.3,19,18.8,18.6,18.5,18.3,18.1,18.1,17.9,17.8,17.6,17.5,17.4,17.4,19.8,22.2,23.2,24.1,24.8,25.3,25,24,23.7,24,24.2,24.4,24.4,24.4,24.5,24.3,24.1,24,23.6,23.2,22.1,21.8,21.5,21.6,21.4,21.2,21,20.9,20.7,20.6,20.5,20.4,20.2,20.1,20,19.9,19.8,19.7,19.4,19.2,19,18.9,18.7,18.5,18.4,18.3,18.3,18.3,20,23.4,24.7,26,26.5,25.3,25.2,25.5,25.3,24.1,23.5,23.3,24.1,24.5,24.2,24.5,24.4,24.1,24.4,23.8,23.9,24.2,23.7,22.8,22.4,22.1,21.9,21.7,21.5,21.4,21.2,21.1,20.9,20.8,20.5,20.3
1,18.7,18.6,18.5,18.4,18.3,18.3,18.2,18.1,18,17.9,17.8,17.7,19.6,21,21.2,21.7,21.9,22.2,22.6,22.7,22.8,23,23.4,23.7,23.9,24.4,24.2,24.4,24.2,24.1,24.1,24.1,24.2,24.3,23.3,22,21.7,21.5,21.2,21,20.8,20.7,20.4,20.2,20.1,20,19.7,19.5,19.3,19.1,18.9,18.7,18.6,18.5,18.4,18.2,18.1,18,17.9,17.9,19.6,21.9,22.7,23.7,24.1,24.4,24.7,23.9,23,23.1,23.3,23.5,23.5,23.6,23.6,23.5,23.4,23.3,23.1,22.7,21.9,21.6,21.3,21.6,21.6,21.5,21.4,21.3,21.1,21,20.8,20.7,20.5,20.4,20.3,20.2,20.1,20,19.7,19.4,19.3,19.1,19,18.9,18.7,18.7,18.7,18.7,20.5,23.3,24.1,24.7,25.1,24.6,24,23.9,23.7,23.1,22.5,22.2,23.1,23.4,22.9,23.1,23.4,23.2,23.2,22.6,22.7,22.9,22.8,22.6,22.5,22.3,22.2,22,21.9,21.8,21.6,21.5,21.4,21.2,21,20.8
2,18.6,18.5,18.4,18.3,18.3,18.3,18.1,18.1,18,17.8,17.8,17.7,20.3,21.9,22.1,22.6,22.8,23.2,23.5,23.6,23.7,24,24.4,24.8,24.9,25.6,25.5,25.6,25.2,25.2,25.1,24.8,25.1,25.3,23.4,21.9,21.6,21.3,21.1,20.9,20.8,20.6,20.3,20.1,19.9,19.8,19.5,19.3,19.1,18.8,18.7,18.5,18.4,18.3,18.2,18,17.9,17.8,17.6,17.7,20.2,22.7,23.9,24.7,24.7,25.1,25.6,24.6,23.6,23.7,24,24.2,24.2,24.2,24.4,23.8,23.6,23.5,23.4,23,22.3,21.9,21.7,21.7,21.6,21.4,21.2,21.1,20.9,20.8,20.6,20.5,20.4,20.3,20.2,20.1,20,19.9,19.7,19.4,19.2,19,18.9,18.8,18.6,18.5,18.5,18.5,21,24.1,25.3,25.5,25.9,25.7,24.3,24.1,23.9,23.2,22.7,22.5,23.6,24,23.4,23.6,24,23.3,23.5,23.1,23.1,23.4,23.1,22.7,22.4,22.2,22,21.8,21.8,21.7,21.6,21.5,21.3,21.1,20.9,20.6
3,18.9,18.8,18.7,18.7,18.7,18.6,18.5,18.5,18.3,18.2,18.3,18.1,20.7,22.9,23,23.2,23.4,23.8,24.2,23.8,23.8,24.2,24.6,24.9,24.7,26.3,26.4,26.4,25.9,26,25.9,25.8,25.9,26.1,23.7,22.1,21.8,21.6,21.3,21.1,20.9,20.8,20.5,20.3,20.2,20.1,19.8,19.6,19.4,19.2,19,18.9,18.7,18.8,18.6,18.5,18.3,18.3,18.2,18.2,20.5,22.8,23.3,24.4,25,25.5,25.7,24.5,23.3,23.3,23.7,23.7,23.8,23.9,23.8,23.3,23.1,23,22.9,22.6,22,21.7,21.4,21.6,21.6,21.4,21.3,21.2,21.1,20.9,20.8,20.6,20.5,20.4,20.3,20.2,20.1,20,19.8,19.6,19.4,19.2,19.1,19,18.8,18.8,18.9,18.9,21.9,23.8,25.1,26,26.3,25.4,23.8,22.6,22.4,21.8,21.3,21.3,23.3,23.7,23.3,23.8,24.2,23.6,23.4,22.5,22.8,23,23,22.7,22.5,22.3,22.1,22,22,22,21.9,21.7,21.6,21.4,21.2,20.9
4,18.5,18.4,18.3,18.2,18.3,18.2,18,18,17.9,17.8,17.8,17.7,19.7,21.3,21.6,21.9,22.1,22.5,22.8,22.8,22.8,23.3,23.7,23.9,23.3,25,25,24.9,24.6,24.6,24.5,24.3,24.3,24.5,22.7,21.6,21.3,21.2,20.9,20.7,20.5,20.4,20.1,19.9,19.8,19.7,19.5,19.2,19,18.8,18.7,18.5,18.4,18.4,18.2,18.1,17.9,18,17.8,18,19.4,21.7,22.5,23.4,23.3,23.6,23.8,23.1,22.7,22.7,23,23.1,23.1,23.2,23.3,22.8,22.6,22.5,22.4,22.2,21.6,21.2,20.9,21.2,21.2,21,20.9,20.8,20.7,20.6,20.5,20.3,20.2,20.1,20,19.9,19.8,19.7,19.5,19.3,19.1,18.9,18.8,18.6,18.5,18.6,18.6,18.7,20.6,23.2,24,24.3,24.8,24.7,24.1,23.7,23.4,22.4,22,21.8,23.2,23.9,23.6,24.1,24.5,24.3,23.7,22.7,23.1,23.5,23.1,22.3,22.1,22,21.9,21.8,21.8,21.8,21.5,21.5,21.3,21.1,20.9,20.6
5,18.5,18.4,18.3,18.3,18.5,18.3,18.1,18.3,18,17.9,18.2,17.9,20.3,21.9,22.2,22.6,22.8,23.1,23.5,23.5,23.7,24.1,24.6,24.9,24.7,25.8,25.9,26,25.7,25.7,25.7,25.6,25.6,25.7,23.7,21.8,21.5,21.2,20.9,20.7,20.5,20.4,20.1,19.9,19.8,19.7,19.4,19.2,19,18.8,18.6,18.5,18.3,18.5,18.2,18.3,18,18.2,17.9,18.1,20,22.5,23.4,24.1,23.9,24.2,24.5,23.8,22.9,22.9,23.1,23.3,23.3,23.4,23.4,22.7,22.5,22.5,22.5,22.3,21.8,21.5,21.1,21,21,20.9,20.8,20.8,20.7,20.5,20.4,20.3,20.1,20.1,20,19.9,19.8,19.7,19.4,19.2,19,18.8,18.7,18.6,18.4,18.5,18.6,18.7,20.9,23.9,24.6,24.9,25.5,25.3,24,22.8,22.3,21.9,21.6,21.2,23.1,23.7,23.4,23.8,24.2,24.1,23.7,22.5,22.8,23.4,23.1,22.5,22.2,22,21.9,21.9,21.8,21.8,21.6,21.5,21.4,21.2,20.9,20.6
6,18.2,18.1,18,18,18,18,17.8,17.7,17.7,17.5,17.6,17.5,19.7,21.4,21.7,22,22.3,22.7,23.1,22.9,23.1,23.6,24.2,24.6,23.5,25.9,25.9,25.9,25.7,25.6,25.6,25.4,25.4,25.6,23.1,21.3,21,20.8,20.5,20.2,20,19.9,19.6,19.4,19.2,19.1,18.8,18.6,18.4,18.2,18.1,17.9,17.8,17.8,17.6,17.5,17.3,17.4,17.2,17.3,19.3,20.9,21.9,22.9,23.3,23.7,23.7,22.7,21.9,21.9,22.2,22.4,22.5,22.6,22.7,22.7,22.6,22.7,22.7,22.4,21.3,20.9,20.5,20.7,20.7,20.5,20.4,20.3,20.2,20,19.8,19.7,19.6,19.5,19.4,19.3,19.2,19.1,18.9,18.7,18.4,18.3,18.2,18,17.9,17.9,18,18,19.9,22.9,24,24.8,25.5,25.7,25.7,25.6,24.9,22.7,22,21.9,24.2,24.8,25,25.7,26.1,26,25.2,23.4,24.1,25.1,24.1,22.3,21.9,21.7,21.5,21.4,21.4,21.3,21.1,21,20.8,20.6,20.4,20.1
7,18.3,18.2,18.1,18.1,18.2,18.1,17.9,18,17.8,17.7,17.8,17.6,20.1,21.6,21.8,22.1,22.3,22.6,23.1,23.2,23.4,24,24.7,25,24.4,26.3,26.3,26.3,25.9,25.8,26,25.7,25.5,25.6,23.3,21.6,21.1,20.8,20.6,20.4,20.3,20.3,19.8,19.5,19.4,19.2,19,18.9,18.6,18.4,18.3,18.2,18,18.2,18,18.1,17.7,17.9,17.6,17.8,19.3,21,22.1,23,23.6,23.9,24.1,23.2,22.3,22.2,22.5,22.7,22.8,22.9,23,22.9,22.8,22.9,22.9,22.7,21.6,21.1,20.6,20.7,20.8,20.6,20.5,20.5,20.4,20.2,20,19.9,19.8,19.7,19.6,19.5,19.5,19.3,19.1,18.9,18.7,18.5,18.4,18.2,18.2,18.2,18.3,18.4,20.5,23.3,24.4,25.4,26,26.2,26.5,26.4,25.7,23.4,22.7,22.4,24.9,25.4,25.7,26.4,26.9,26.8,25.9,23.8,24.5,25.7,24.7,22.5,22.2,21.9,21.7,21.6,21.6,21.4,21.2,21.1,20.9,20.7,20.5,20.2
8,18.3,18.2,18.1,18,18.1,18,17.9,17.9,17.8,17.7,17.8,17.6,19.7,21.2,21.4,21.9,22.1,22.5,22.9,22.8,22.9,23.3,23.8,24,23.6,25.3,25.2,25.3,25,24.9,24.9,24.6,24.7,24.8,23.1,21.5,21.3,21,20.7,20.6,20.3,20.2,19.9,19.6,19.5,19.3,19,18.8,18.6,18.4,18.2,18.1,17.9,18.2,17.9,18,17.7,17.9,17.6,17.9,19.4,21.2,22.1,23.1,23.3,23.7,23.8,22.7,22.3,22.3,22.5,22.7,22.8,22.8,22.9,22.7,22.6,22.5,22.5,22.3,21.5,21,20.6,20.7,20.8,20.7,20.7,20.6,20.5,20.3,20.1,20,19.8,19.8,19.7,19.6,19.5,19.4,19.1,18.9,18.7,18.5,18.4,18.2,18.2,18.3,18.4,18.4,20.3,22.8,23.8,24.5,25,25,25.2,25.3,24.7,22.8,22.6,22.4,24.2,24.3,24.3,24.7,25,25,24.3,23.2,23.7,24.5,23.9,22.6,22.4,22,21.9,21.8,21.7,21.5,21.3,21.2,21,20.8,20.5,20.1
9,17.4,17.3,17.2,17.1,17.1,17,16.9,16.8,16.7,16.6,16.5,16.5,20,21.9,22,22.4,22.6,22.9,23.3,23.4,23.7,24.3,25.1,24.8,24.9,25.4,25.2,25.2,25.2,25.3,25.2,25.1,25.1,25.4,23.7,22.2,21.7,21.1,20.8,19.9,19.5,19.9,19.5,19.2,19.1,18.5,17.9,17.4,17.1,17,16.9,16.7,16.6,16.5,16.3,16.2,16,16,15.9,16,18.8,21.9,22.9,24,24.2,23.9,24.1,23.1,22.5,23.2,23.3,23.2,23.2,23.3,23.3,23.3,23.3,23.3,23.3,23.3,22,21.2,20.8,20.4,20.9,20.8,20.4,19.9,19.4,19.1,18.9,18.7,18.7,19.3,19.2,18.6,19,18.7,18,17.7,17.5,17.3,17.1,16.9,16.9,17,17.2,17.3,20.4,24.1,25.3,25.3,25.4,25.4,25.9,26.3,26.3,25.9,26,25.9,26.2,26.1,26.2,26.3,26.7,27.5,26.9,27.1,27,26.5,25.3,23.4,23.1,22.7,22.3,22.1,21.8,21.6,21.1,21.1,20.7,20.2,19.3,18.8
10,17.2,17.1,17,16.9,16.8,16.7,16.5,16.4,16.3,16.2,16.1,16,18.4,20.7,21,21.5,21.7,22.2,22.7,23,23.3,24,25.2,25,25.3,25.7,25.5,25.4,25.3,25.3,25.2,25,25.1,25.5,23.6,21.2,20.6,20.1,19.8,19,18.7,18.9,18.3,18,18,17.8,17,16.3,15.7,15.8,15.7,15.5,15.3,15.3,15.2,15.1,14.9,15.1,14.9,14.9,18.1,21.2,22.6,23.7,23.9,23.8,23.9,22.6,21.9,22.2,22.4,22.6,22.7,22.8,22.9,23,22.9,23.1,23.2,22.8,21.4,20.9,20.6,20.1,20.1,20,19.7,19.3,18.9,18.7,18.5,18.3,18.1,18.3,18.3,18,18,17.7,17.2,16.9,16.6,16.5,16.3,16.1,16.1,16.3,16.5,16.7,20.3,22.6,24.4,25.2,25.5,25.6,26.1,26.3,26.6,26.4,26.1,26.1,26.5,26.4,26.2,26.1,26.4,27.3,26.8,27.3,27.1,26.3,24.7,22.7,22.3,22,21.6,21.3,21,20.7,20.1,20,19.5,18.9,18,17.4
11,17.7,17.5,17.4,17.3,17.3,17.2,17.1,17.1,16.9,16.8,16.8,16.7,19.2,20.1,20.3,20.6,20.9,21.1,21.6,22.2,22.5,24.1,25.4,25.2,25.1,25.7,25.7,25.9,26,26,26.2,25.9,25.9,26,23.6,21.6,21.2,20.6,20.4,19.8,19.6,19.4,18.8,18.5,18.6,18.7,17.9,17.2,16.9,16.8,16.7,16.4,16.3,16.5,16.2,16.2,16,16.2,16,16.1,18.3,21.8,23.1,24.2,24.4,24.3,24.4,22.9,21.9,22.2,22.5,22.6,22.6,22.2,21.9,21.8,22,22,21.8,21.8,21.3,21.1,20.9,20.6,20.5,20.4,20.2,19.8,19.5,19.2,19.1,19,18.7,18.7,18.7,18.5,18.5,18.3,17.9,17.7,17.4,17.3,17.1,17,16.9,17.2,17.5,17.7,19.5,23.5,24.9,23.8,22.3,22.4,22.8,23.5,23.9,24.5,24.3,24.1,23.4,23.5,23.4,23.4,23.4,24.2,23.5,23.8,23.7,23.6,23.6,23.2,22.8,22.3,22,21.8,21.6,21.3,20.7,20.6,20.3,19.7,19.2,18.7
12,18,17.7,17.6,17.5,17.3,17.2,17.1,16.9,16.8,16.6,16.5,16.4,18.9,22.1,22.3,22.8,23,23.4,23.8,24.1,24.5,25.3,25.6,23.8,24.2,24.4,24.2,24.2,24.1,24.2,24.2,24.2,24.3,24.3,23.3,22.3,21.8,21.4,21.1,20.6,20.4,20.2,19.7,19.4,19.7,20.2,19.1,18.3,17.7,17.4,17.1,16.9,16.7,16.5,16.3,16.1,15.9,16,15.9,15.8,18.7,22.6,24.2,25.6,23.4,22.5,22.7,22.2,22,22.4,22.7,22.9,22.9,22.9,22.9,23,23.1,23,23,22.9,22.3,22,21.9,22,21.9,21.7,21.5,21.1,20.8,20.6,20.3,20.1,19.9,19.7,19.6,19.5,19.4,19,18.5,18.1,17.8,17.7,17.5,17.3,17.2,17.3,17.5,17.5,19.9,24.8,26.5,25.5,24,24,24.5,25,25.3,25.1,24.6,24.6,24.8,24.9,24.7,24.7,24.6,24.6,25.1,25.7,25.6,25,24.6,23.9,23.4,23.1,22.8,22.4,22.2,21.9,21.6,21.3,20.8,20,19.4,19
13,17.3,17.1,17.3,16.9,16.8,16.6,16.5,16.4,16.2,16,15.8,15.6,20.3,24.4,24.5,24.9,25.1,25.4,25.8,26.2,26.8,27.9,27.9,22.6,23,22.6,22.4,22.5,22.8,22.6,22.7,22.8,22.8,22.7,22.2,21.7,21.2,20.7,20.4,20,19.9,19.7,19.1,18.8,18.6,18.5,18.1,17.5,16.8,16.4,16.2,16,15.8,15.7,15.5,15.2,15.1,15.3,15.3,15.2,20.5,25.1,26.9,28.5,24,20.9,21.1,21.1,21.5,22.1,22.3,22.7,22.7,22.5,22.5,22.5,22.5,22.2,22,22.1,21.7,21.7,21.6,21.9,21.8,21.5,21.3,20.9,20.7,20.4,20.2,19.9,19.7,19.5,19.5,19.3,19.1,18.4,17.8,17.4,17.1,17,16.8,16.6,16.5,16.8,17.1,17,21.5,27.9,29.8,25.3,21.9,22,22.7,23,23,22.4,22.2,22.3,22.5,22.5,22.2,21.9,21.8,21.9,22.4,22.8,22.8,22.4,22.8,23.2,23.1,22.4,22.1,21.9,21.6,21.5,21,20.7,20.1,19.1,18.5,18
14,17.7,17.7,17.6,17.5,17.3,17.2,17,16.9,16.8,16.6,16.4,16.3,19.9,22,22.4,22.8,22.9,23.4,24,24.4,24.8,25.6,25.7,22.6,22.8,22.7,22.5,22.5,22.6,22.6,22.6,22.7,22.7,22.7,22.6,22.3,22,21.6,21.3,21,20.8,20.6,20.2,19.8,19.6,19.5,19.2,18.7,18.3,18,17.8,17.6,17.4,17.3,17,16.8,16.6,16.6,16.5,16.5,19.3,24,26,27.7,24.6,22.1,21.9,21.9,21.9,22.5,22.7,23,23,23,22.9,23,23,22.8,22.7,22.7,22.4,22.1,22.1,22.5,22.4,22.2,22,21.7,21.4,21.1,20.9,20.6,20.4,20.3,20.2,20.1,19.9,19.6,19.2,18.9,18.6,18.4,18.3,18.1,17.9,17.8,17.8,17.9,20.9,26.1,28.3,25.2,22.5,22.8,23.3,23.6,23.9,23.5,22.8,22.8,23,23,22.8,22.8,22.7,22.9,23.3,23.5,23.4,23.2,23.6,23.7,23.3,23,22.8,22.5,22.3,22.1,21.8,21.6,21.2,20.6,20.2,19.7
15,18.2,18,17.9,17.8,17.7,17.6,17.4,17.3,17.1,16.9,16.7,16.5,19.8,22.7,22.9,23.3,23.5,23.9,24.3,24.7,25.1,25.9,26.3,24.4,25.1,25.2,25.1,24.9,24.6,24.7,24.7,24.7,24.8,24.6,23.6,22.8,22.4,22.2,21.7,21.4,21.2,21,20.6,20.1,19.9,19.8,19.5,19,18.6,18.3,18.1,17.9,17.7,17.6,17.4,17.2,17,16.9,16.8,16.7,19.6,24,25.6,27.1,25.8,25.3,25.5,25.3,25.1,25.3,25.6,25.9,25.9,25.9,25.9,25.9,25.9,25.7,25.4,25,24,23.2,23,23.1,22.9,22.6,22.4,22.1,21.8,21.6,21.3,21.1,20.8,20.6,20.5,20.4,20.3,20,19.8,19.3,19,18.8,18.6,18.4,18.3,18.2,18.2,18.2,21.5,26,28.2,27,25.9,26.2,26.9,27.4,27.5,26.7,26.3,26,26.1,26.5,26.1,25.9,26,26,26.6,26.7,26.6,26.5,25.5,24.3,23.8,23.5,23.2,22.9,22.7,22.4,22.4,22,21.6,21,20.6,20.2
16,17.7,17.6,17.5,17.4,17.3,17.1,17,16.8,16.6,16.4,16.2,15.9,20.1,23,23.2,23.6,23.7,24.2,24.6,24.9,25.5,26.5,26.8,24.1,24.5,24.9,24.8,24.6,24.4,24.3,24.5,24.4,24.6,24.5,23.4,22.4,22,21.7,21.4,21,20.8,20.5,20,19.5,19.3,19,18.8,18.4,18,17.8,17.6,17.4,17.3,17.1,16.9,16.7,16.5,16.4,16.3,16.2,20.2,25.7,28,29.8,27.3,25.5,25.4,24.6,24.3,24.5,24.6,25,25,24.9,24.9,24.9,24.9,24.8,24.7,24.5,24,23.4,23.2,22.9,22.6,22.3,22.1,21.7,21.4,21.2,20.9,20.6,20.2,20,19.9,19.8,19.6,19.4,19,18.8,18.5,18.3,18.1,17.9,17.8,17.8,17.8,17.8,21.5,28.1,30.6,28.3,26,26.1,26.6,26.6,26.7,25.8,25.2,25.1,25.2,25.4,25.3,25.4,25.5,25.5,26,26.2,26.2,25.9,25,23.9,23.4,23,22.6,22.3,22,21.8,21.5,21.3,21,20.5,20.1,19.7
17,18.3,18.2,18.1,17.9,17.8,17.7,17.6,17.4,17.2,16.9,16.7,16.5,22.1,25.5,25.4,25.9,26.1,26.7,27,27.1,27.6,28.5,29.8,31.7,32.9,33.8,33.6,33.5,32.6,32.9,32.8,32.4,33,32.8,26.8,23.1,22.6,22.3,21.9,21.6,21.5,21.3,20.9,20.3,20.1,19.9,19.7,19.2,18.7,18.4,18.2,18,17.8,17.7,17.5,17.2,17,16.9,16.8,16.7,22.4,27.4,29.2,31.1,32.6,33.6,32.8,29.1,27,27.1,27.8,28,27.9,27.9,28,28,27.9,27.8,28,27.2,25.5,23.9,23.5,23.3,23.1,22.9,22.7,22.3,21.9,21.7,21.4,21.2,20.9,20.7,20.6,20.5,20.4,20,19.5,19.2,18.9,18.7,18.6,18.4,18.2,18.2,18.2,18.2,23.1,29.2,31.8,33.7,34.9,34.9,35.4,35.7,35.9,35.6,35.1,35,35.3,35.5,35.2,35.2,35.3,35.4,35.9,35.9,35.7,35.6,30.5,24.8,24.2,23.8,23.4,23.2,22.9,22.7,22.3,22.1,21.7,21,20.6,20.2
18,17.6,17.5,17.4,17.2,17.1,17,16.8,16.7,16.4,16.2,16,15.8,21.1,23.8,23.9,24.5,24.6,25.3,25.7,26.1,26.8,27.9,29.1,29.7,30.8,31.3,31.4,31.4,31.2,31.1,30.9,30.9,31.2,31.2,26.4,22.9,22.3,21.9,21.5,21.2,21,20.8,20.4,19.9,19.8,19.6,19.3,18.8,18.2,17.9,17.7,17.6,17.4,17.2,17,16.8,16.6,16.5,16.4,16.3,21.9,27.5,29.6,31.3,31.6,31.3,30.7,27.9,26.2,26.2,26.6,26.9,26.9,26.9,27,27,26.9,26.7,26.6,25.9,24.7,23.6,23.3,23,22.6,22.4,22.2,21.9,21.6,21.3,21,20.8,20.6,20.3,20.2,20.1,20,19.6,19.3,19,18.7,18.5,18.3,18.1,18,17.9,17.9,17.9,23,30.1,32.4,33.2,32.6,32.5,33.1,33.4,33.6,32.7,32.4,32.2,32.5,32.5,32.3,32,32,32.1,32.6,32.6,32.5,32.4,28.7,24.5,23.9,23.4,23,22.7,22.4,22.2,21.9,21.7,21.3,20.7,20.3,19.9
19,18.4,18.3,18.1,18,17.9,17.8,17.6,17.5,17.3,17.1,16.8,16.6,20.4,23.6,24,24.5,24.6,25.2,25.6,25.9,26.4,27.4,28.5,28.6,29.3,29.6,29.7,29.7,29.5,29.5,29.5,29.5,29.6,29.6,25.9,23.2,22.6,22.3,22,21.7,21.4,21.3,20.9,20.5,20.3,20.1,19.9,19.5,18.9,18.4,18.2,18,17.9,17.7,17.5,17.3,17.1,17.1,17,16.9,20.4,25.6,27.1,28.5,29.4,29.6,29.2,27.7,26.7,26.8,27.2,27.4,27.3,27.2,27.3,27.3,27.2,27.2,27,26.1,25.1,24,23.5,23.4,23.1,22.9,22.7,22.4,22.2,21.9,21.7,21.5,21.2,21,20.9,20.8,20.6,20.2,19.7,19.4,19.1,18.9,18.7,18.5,18.4,18.4,18.4,18.3,21.7,27,29,30.5,30.6,30.7,31.4,31.7,31.7,31.2,30.6,30.7,31.2,31.1,30.8,30.7,30.5,30.3,31.2,31.4,31.1,31,28.5,25,24.4,24,23.6,23.3,23,22.8,22.5,22.3,21.8,21.2,20.7,20.4
20,17.6,17.5,17.3,17.2,17.2,17,16.8,16.7,16.4,16.2,15.9,15.7,21.5,24,24,24.6,24.6,25.3,25.8,26,26.7,27.8,29.2,28.7,29.9,29.9,30.1,29.8,30.1,29.9,30.1,29.9,30.1,30,25.6,23,22.3,21.9,21.5,21.2,21,20.8,20.4,19.9,19.7,19.6,19.3,18.9,18.2,17.7,17.5,17.3,17.2,17,16.7,16.5,16.3,16.3,16.2,16.1,21,26.5,28.4,30.2,30.8,31.6,32,30.8,30,30.3,30.8,31,30.7,30.4,30.3,30,29.3,28.6,27.6,26.7,25.3,24,23.6,23.4,23,22.8,22.5,22.2,21.9,21.6,21.3,21,20.8,20.6,20.4,20.3,20.2,19.6,19,18.7,18.4,18.2,18,17.8,17.7,17.6,17.6,17.6,22.3,28.9,30.9,32,32,32.6,34,34.6,33.8,32.2,31.3,31.3,31.6,31.3,31,30.7,30.8,30.9,31.6,31.9,31.7,31.4,28.3,24.8,24.1,23.7,23.2,22.9,22.6,22.3,22.1,21.8,21.3,20.5,20.1,19.7
21,17.6,17.5,17.3,17.2,17.1,17,16.8,16.6,16.4,16.1,15.9,15.6,20.8,24.1,24.4,24.9,25,25.6,26,26.5,27,28.3,29.7,29.9,30.9,31.5,31.5,31.6,31.3,31.3,31.3,31.3,31.4,31.5,26.2,22.6,22,21.6,21.2,20.9,20.7,20.5,20.2,19.7,19.5,19.4,19,18.7,18.3,18,17.9,17.7,17.5,17.3,17.1,16.8,16.6,16.6,16.5,16.4,21.2,26.5,28.4,30.3,31.4,32,32.2,30.8,30.2,31.2,32.3,32.2,31.8,31.3,30.9,30.5,29.8,29.3,28.4,27.1,25.6,24.7,24.1,23.5,22.8,22.5,22.1,21.9,21.7,21.2,20.8,20.6,20.3,20.1,20,19.9,19.8,19.5,19.2,18.9,18.6,18.4,18.2,18,17.9,17.9,17.9,17.9,21,28.8,30.9,32.5,32.5,33,34,34.8,34.5,33.2,32.6,32.8,33,33,32.8,32.7,32.7,32.7,33.1,33.4,33.3,33.1,28.7,24.6,23.9,23.4,23,22.7,22.4,22.1,21.9,21.6,21.2,20.7,20.2,19.8
22,17.4,17.2,17.1,17,16.9,16.7,16.5,16.3,16.1,15.8,15.6,15.3,18.6,20.9,21.4,21.9,22,22.4,23,23.5,23.9,25.5,26.7,26.2,27.2,27.6,27.6,27.4,27.2,27.2,27.3,27.2,27.3,27.2,24.3,22.4,21.8,21.4,21.1,20.7,20.5,20.4,20,19.5,19.3,19.2,18.8,18.5,18.2,17.9,17.7,17.5,17.4,17.2,17,16.8,16.5,16.4,16.4,16.3,19.3,23.8,25.8,27.6,28.7,29.2,29.6,29,28.6,28.8,29.2,29.4,29.1,28.7,28.4,28.2,27.6,27.2,26.5,25.5,24.5,23.8,23.4,22.8,22.3,22.2,22,21.7,21.4,21.1,20.8,20.6,20.3,20,19.9,19.8,19.7,19.4,19.1,18.8,18.5,18.3,18.1,17.9,17.7,17.7,17.6,17.6,20.6,25.5,28,29.4,29.2,29.7,31,31.6,31.1,29.5,28.9,28.9,29.4,29.1,28.6,28.6,28.5,28.6,29.2,29.4,29,28.7,26.7,24.2,23.5,23.1,22.8,22.4,22.1,21.9,21.6,21.4,21,20.5,20,19.7
23,17.8,17.7,17.5,17.4,17.3,17.2,17,16.8,16.5,16.2,16,15.8,19.1,20.5,20.8,21.4,21.6,22,22.5,23,23.3,24.4,25.7,25.3,25.9,26.5,26.7,26.6,26.4,26.4,26.6,26.4,26.3,26.3,24.2,22.7,22.1,21.7,21.5,21.1,20.9,20.8,20.5,20.1,19.9,19.8,19.5,19.3,19,18.5,18.2,18,17.8,17.7,17.5,17.2,17,17,16.9,16.8,19.6,22.6,24.9,26.2,27,28.1,28.3,27.7,27.3,27.5,28,28.3,28.2,28,27.6,27.6,27.1,26.8,26.3,25.5,24.9,24.2,23.6,23.2,22.8,22.5,22.3,22.1,21.8,21.6,21.4,21.1,20.9,20.7,20.6,20.5,20.3,20.1,19.6,19.3,19.1,18.8,18.6,18.5,18.3,18.2,18.2,18.2,20.6,24.2,26.7,27.7,28,28.3,29.7,30.1,29.9,28.7,27.7,27.5,28.3,28.1,27.9,27.6,27.8,27.8,28.3,28.6,28.2,28.1,26.2,24.5,23.9,23.5,23.1,22.9,22.6,22.4,22.1,21.9,21.5,21.1,20.6,20.3
24,16.7,16.5,16.3,16.2,16.2,16,15.9,15.7,15.5,15.3,15.1,15.1,18.2,20.2,20.5,21.1,21.1,21.7,22.1,22.5,22.9,24.8,26.3,26.4,27.5,27.9,28.1,28.2,27.9,27.9,27.9,27.9,27.9,27.8,24.3,21.8,21.2,20.8,20.5,20.2,20,19.9,19.4,19,18.7,18.6,18.3,18,17.7,17.4,17.2,17,16.8,16.7,16.4,16.1,15.9,15.9,15.8,15.8,18.8,23.2,25.3,27.2,28.7,29.6,30.3,29.7,29.3,29.7,30.2,30.3,30.1,29.8,29.4,29.1,28.3,27.6,26.7,25.6,24.4,23.6,22.9,22.4,22.1,21.9,21.6,21.4,21,20.7,20.4,20.2,19.9,19.7,19.6,19.5,19.3,19.1,18.7,18.4,18.1,17.9,17.7,17.5,17.3,17.2,17.2,17.3,20.2,25.3,27.6,29.3,29.4,30,31.5,32.2,31.6,30.1,29.7,29.4,29.7,29.9,29.6,29.4,29.3,29.2,29.8,29.9,29.6,29.8,27.2,23.8,23.2,22.8,22.4,22.1,21.7,21.4,21.2,20.9,20.6,20.1,19.6,19.3
25,17.5,17.4,17.3,17.2,17.1,17,16.9,16.7,16.6,16.4,16.2,16.1,19,20.8,21.1,21.7,21.7,22.4,22.7,22.8,23.1,24.7,25.9,26.1,27,27.5,27.7,27.7,27.5,27.6,27.6,27.5,27.6,27.5,24.6,22.3,21.8,21.4,21.2,20.9,20.7,20.5,20.2,19.8,19.6,19.4,19.2,18.9,18.5,18.1,17.9,17.7,17.5,17.3,17.1,16.9,16.7,16.6,16.6,16.5,20.3,23.2,24.7,26.3,27.5,28.2,28.5,27.6,27.1,27.3,27.8,28.1,28,27.8,27.6,27.5,27.1,26.9,26.5,25.7,24.2,23.7,23.1,22.8,22.5,22.3,22,21.8,21.6,21.3,21,20.8,20.6,20.4,20.3,20.1,20,19.7,19.2,18.9,18.7,18.4,18.2,18.1,17.9,17.8,17.8,17.8,20.5,24.6,26.6,28.3,28.6,29,30,30.7,30.7,29.7,29,29.1,29.5,29.5,29.3,29.1,29.1,29.1,29.4,29.6,29.4,29.4,26.7,24.1,23.6,23.2,22.8,22.5,22.2,22,21.8,21.6,21.2,20.7,20.3,20
26,17,16.9,16.8,16.7,16.7,16.6,16.5,16.4,16.2,16,15.9,15.8,19,20.2,20.4,20.8,21,21.6,22,22.2,22.6,24.1,25.4,25.3,26.3,26.7,26.7,26.6,26.5,26.4,26.5,26.3,26.5,26.4,24.3,21.8,21.2,20.7,20.4,20.1,20,19.8,19.4,19,18.7,18.6,18.3,18.1,17.8,17.5,17.3,17.2,17,16.9,16.7,16.5,16.3,16.2,16.2,16.1,19.4,23.4,25.1,26.8,27.9,28.9,29.5,28.8,28.6,28.9,29.5,29.6,29.3,29,28.8,28.3,27.7,27.3,26.4,25.2,23.9,23.3,22.8,22.4,22,21.8,21.5,21.3,20.9,20.7,20.4,20.1,19.9,19.7,19.6,19.4,19.3,19,18.6,18.3,18.1,17.9,17.7,17.5,17.4,17.3,17.2,17.2,20.1,25,27,28.6,28.7,29.3,30.8,31.4,31,29.2,28.5,28.2,28.5,28.5,28.1,27.9,27.8,27.9,28.6,28.6,28.4,28.2,25.9,23.7,23.1,22.7,22.2,21.9,21.5,21.3,21.1,20.8,20.4,20,19.7,19.4
27,17.6,17.5,17.4,17.3,17.2,17.2,17.1,17,16.8,16.7,16.6,16.5,18.7,20.2,20.4,20.9,21,21.6,22,22.5,22.9,24.4,25.9,26.1,26.9,27.3,27.4,27.3,27.3,27.3,27.3,27.2,27.3,27.3,24.3,21.9,21.3,20.9,20.6,20.3,20.2,20,19.7,19.3,19.1,19,18.7,18.5,18.2,17.9,17.7,17.6,17.4,17.3,17.2,17,16.8,16.7,16.7,16.6,19.6,22.7,24.7,26.5,27.6,28.2,28.5,27.6,27.1,27.4,27.9,28.1,27.9,27.7,27.6,27.4,27,26.8,26.2,25.3,23.8,23.1,22.7,22.4,22,21.8,21.5,21.3,21,20.8,20.5,20.3,20.1,19.9,19.8,19.7,19.5,19.3,19,18.6,18.5,18.2,18,17.9,17.7,17.7,17.6,17.6,19.8,24.3,26.8,28.3,28.6,29.1,30.1,30.6,30.5,29.4,28.9,28.6,29,29.1,28.8,28.5,28.5,28.5,29,29.2,28.9,28.9,26.2,23.7,23.1,22.7,22.3,22,21.7,21.4,21.2,21,20.7,20.4,20,19.8
28,17.4,17.3,17.2,17.1,17.1,17,16.9,16.8,16.6,16.5,16.4,16.3,19,20.6,20.7,21.3,21.3,22,22.4,22.4,22.9,24.7,25.9,25.9,27,27.3,27.3,27.2,27,27.1,27.1,26.9,27.1,27,24.7,21.5,20.9,20.6,20.3,20.1,19.8,19.7,19.4,19.1,19,18.9,18.6,18.3,18.1,17.9,17.7,17.5,17.4,17.3,17.1,16.9,16.8,16.7,16.6,16.5,20.9,23.6,25.1,26.8,28,28.5,29.2,28.3,27.5,27.8,28.4,28.7,28.5,28.4,28.2,28.1,27.4,27,26.4,25.7,23.7,22.9,22.4,22,21.7,21.5,21.2,21,20.8,20.5,20.3,20.1,19.8,19.7,19.5,19.4,19.3,19.1,18.8,18.5,18.2,18.1,17.9,17.8,17.6,17.6,17.5,17.5,20.3,24.9,27.3,28.8,28.8,29.4,30.8,31.5,30.7,29.4,29,28.6,28.9,29.1,28.6,28.6,28.4,28.4,29,29,28.9,28.9,26.4,23.3,22.7,22.3,21.9,21.6,21.3,21.1,20.9,20.7,20.4,20.1,19.9,19.7
29,18.2,18.1,18,17.9,17.9,17.8,17.7,17.6,17.5,17.3,17.2,17.1,19,20,20.2,20.7,20.8,21.4,21.7,21.8,22.1,23.4,24.9,24.9,25.8,26.1,25.7,25.5,24.6,24.7,24.8,24.8,24.9,24.8,23.4,21.8,21.4,21,20.9,20.6,20.4,20.2,20,19.7,19.6,19.4,19.2,19,18.6,18.3,18.1,17.9,17.8,17.7,17.5,17.3,17.2,17.1,17,17,18.6,21.7,23.3,24.8,25.9,26,26.2,25.5,25.4,25.6,25.9,26,26.1,26.1,26.2,26.1,25.8,25.7,25.2,24.2,23.2,22.7,22.2,21.9,21.8,21.6,21.4,21.3,21.1,20.9,20.7,20.5,20.3,20.2,20.1,20,19.9,19.6,19.2,18.9,18.7,18.6,18.4,18.2,18.1,18,18,18,19.7,23.1,25.6,27.1,27.3,27.3,27.5,28,27.7,27.7,26.9,26.6,27,27.6,26.5,26.1,25.8,25.3,26.9,25.7,25.9,27.2,24.8,23.4,22.8,22.4,22.2,21.9,21.7,21.5,21.3,21.1,20.9,20.7,20.5,20.2
30,17.6,17.5,17.3,17.2,17.2,17.2,17,16.9,16.7,16.4,16.3,16.2,18.6,19.5,19.5,20,20.1,20.8,21.2,19.7,19.6,19.9,19.9,19.9,20.2,20.6,20.5,20.5,20.3,20.3,20.2,20.1,20.1,20.1,20.8,20.9,20.6,20.4,20.1,19.9,19.7,19.6,19.3,19,18.9,18.7,18.5,18.3,18,17.7,17.6,17.4,17.2,17.2,17,16.8,16.7,16.6,16.5,16.4,19.4,22.1,23.4,24.3,21.3,21.7,22.4,22.7,23,23.1,23.4,23.7,23.6,23.4,23.3,23.1,22.9,22.6,22.1,21.7,20.8,20.4,20.2,21.4,21.4,21.2,20.9,20.8,20.5,20.4,20.1,20,19.8,19.6,19.5,19.4,19.3,19,18.6,18.3,18,17.9,17.7,17.5,17.4,17.3,17.1,17,20.1,23.2,23.6,21.5,21.8,22.3,23.4,23.9,23.6,22.1,21.3,21.1,21.4,21.5,21.3,21.2,21.1,21.2,21.7,21.6,21.5,21.5,22.3,22.7,22.1,21.7,21.4,21.1,20.8,20.6,20.5,20.3,20.1,20,19.8,19.5
31,18.4,18.3,18.2,18.1,18.1,18,17.9,17.8,17.7,17.6,17.4,17.4,19.2,20.5,20.6,21.1,21.4,22.2,22.7,20.8,20.7,21.5,22.1,22.2,22.1,22.8,22.6,22.6,22.3,22.3,22.3,22.1,22.2,22.2,22.2,21.7,21.5,21.2,21,20.8,20.6,20.4,20.1,19.9,19.7,19.5,19.3,19.1,18.7,18.4,18.3,18.1,17.9,17.8,17.7,17.5,17.4,17.4,17.3,17.2,19.5,22.5,23.8,24.6,21.6,21.8,22.2,22.4,22.7,22.7,23,23.3,23.2,23.2,23.1,22.8,22.6,22.4,22.1,21.7,21,20.9,21.2,22.1,22,21.8,21.6,21.4,21.2,21.1,21,20.8,20.6,20.5,20.4,20.3,20.1,19.8,19.4,19.1,18.8,18.7,18.5,18.3,18.2,18.2,18.2,18.2,20.1,23.9,23.9,23.4,23.9,23.4,22.9,23.2,23.1,22.1,21.4,21.4,22.9,23.2,22.8,22.9,23,22.7,23,22.5,22.6,22.8,23,23,22.6,22.3,22.1,21.8,21.7,21.5,21.3,21.2,21,20.8,20.5,20.3
32,17.9,17.8,17.7,17.6,17.5,17.5,17.4,17.3,17.1,16.9,16.8,16.7,19.2,21,21,21.6,21.8,22.3,22.8,20.8,20.7,20.7,20.7,20.7,20.6,21,21.2,21.4,21.2,21.3,20.9,20,19.9,19.9,20.8,21.1,21,20.8,20.5,20.3,20.1,20,19.6,19.3,19.2,19,18.7,18.5,18.3,18.1,17.9,17.7,17.6,17.5,17.3,17.1,16.9,16.8,16.8,16.7,19.6,22.8,24.2,25.1,22,22.3,22.9,23.1,23.5,23.6,23.9,24.1,24,23.9,23.8,23.6,23.2,22.9,22.4,21.9,21.1,20.5,20.3,22,21.8,21.7,21.5,21.3,21.1,20.8,20.7,20.5,20.4,20.3,20.1,20,19.9,19.6,19.3,19.1,18.8,18.6,18.4,18.2,18,17.9,17.9,17.9,20.5,24.3,24.4,22,22.2,22.4,23.1,23.5,23.3,21.8,21.7,21.5,21.2,21.1,20.8,20.6,21.2,21.7,22.3,21.4,21.1,20.7,21.5,22.1,21.9,21.6,21.4,21.2,21,20.8,20.6,20.5,20.3,20,19.8,19.5
33,18.6,18.5,18.4,18.3,18.2,18.2,18.1,18,17.8,17.7,17.6,17.5,19.6,21,21.2,22.1,22.5,23.1,23.8,23,22.8,23,23.4,23.6,23.7,23.7,23.1,23.4,23.3,23.4,23,22.2,22.5,22.6,22.1,21.8,21.6,21.4,21.2,21,20.8,20.6,20.4,20.1,19.9,19.8,19.5,19.3,19,18.7,18.5,18.3,18.2,18,17.9,17.7,17.5,17.4,17.4,17.3,19.6,22.7,24,25,24.7,24.9,24.8,24.1,24.1,24.3,24.5,24.8,24.7,24.8,24.7,24.3,24.1,23.9,23.7,23.3,22.7,22.3,22,22.3,22.2,22,21.9,21.7,21.4,21.2,21,20.9,20.8,20.7,20.5,20.4,20.3,20,19.6,19.4,19.2,19,18.8,18.7,18.5,18.4,18.5,18.4,20.5,24.3,25.3,25.4,24.7,23.6,23.7,23.5,23.3,22.2,22.3,22.3,22.5,22.6,22.3,22.2,22.6,22.8,23,22.5,22.3,22.1,22.5,22.8,22.6,22.3,22.2,22,21.8,21.6,21.5,21.3,21.1,21,20.7,20.4
34,17.7,17.7,17.5,17.5,17.4,17.3,17.2,17.1,16.9,16.8,16.6,16.5,19.1,20.3,20.2,20.4,20.8,21.5,22.3,21.3,21.4,22.4,24.1,25,25.4,24,21.4,21.8,22.1,22.6,21.9,22.2,23.4,22.9,21.3,21,20.8,20.6,20.4,20.2,20,19.9,19.6,19.3,19.1,18.9,18.7,18.5,18.2,17.9,17.8,17.6,17.4,17.3,17.2,17,16.8,16.6,16.6,16.5,19,22.2,23.7,25.4,27.4,27.4,26.5,25.7,26.2,26.2,26.5,26.7,26.5,26.1,25.8,25.5,25.2,24.8,24.3,23.5,22.6,21.7,21.2,22.1,21.8,21.5,21.2,21,20.7,20.5,20.2,20,19.9,19.8,19.6,19.5,19.5,19.2,19,18.7,18.5,18.3,18.1,18.1,17.9,17.8,17.8,17.7,20.2,23.7,26.1,28.2,25.3,24,25.5,26,25.2,23.1,22.2,22.3,22.1,21.4,21.2,21.1,21.3,21.5,22.6,22.2,21.3,20.9,21.4,22,21.8,21.6,21.4,21.2,21,20.8,20.7,20.5,20.3,20.2,19.9,19.7
35,18.2,18.1,18,17.9,17.8,17.8,17.7,17.6,17.4,17.3,17.2,17,19.8,21.5,21.5,21.7,21.8,22.3,22.8,22.2,22.1,22.6,23.1,23.4,23.5,23.3,22.2,22.5,22.3,22.4,22.1,22,22.3,22.4,21.7,21.4,21.2,21,20.7,20.5,20.3,20.1,19.9,19.6,19.4,19.3,19,18.8,18.6,18.3,18.1,17.9,17.7,17.6,17.5,17.3,17.1,17,16.9,16.8,19.4,22.1,23.4,24.6,25,25,24.7,23.8,24.2,24.3,24.6,24.8,24.7,24.6,24.6,24.4,24.2,24,23.7,23.2,22.7,22.5,22,22.3,22.3,22,21.8,21.6,21.4,21.2,20.9,20.7,20.6,20.5,20.4,20.3,20.2,19.8,19.5,19.2,19,18.9,18.6,18.5,18.3,18.2,18.2,18.2,20.8,23.6,25,25.9,24.4,22.9,24.1,24.4,24.1,22.9,22.2,22.5,22.5,22.4,22,21.9,22.2,22.1,22.7,22.5,21.9,21.8,22,22.5,22.3,22.1,21.9,21.7,21.5,21.3,21.2,21,20.8,20.6,20.3,20
36,17.7,17.7,17.5,17.4,17.4,17.3,17.2,17.1,17,16.8,16.7,16.5,19.8,21.3,21.2,21.6,22,22.9,24.1,24,24.7,25.8,27.4,28.5,29.7,26.2,21.1,24.7,25.5,25.7,24.3,24.7,26.4,25.3,22.1,21.2,20.9,20.7,20.4,20.2,20,19.9,19.6,19.3,19.1,18.9,18.7,18.5,18.2,18,17.8,17.6,17.4,17.3,17.2,17,16.8,16.7,16.6,16.5,20.1,23.9,25.1,26.8,29.1,30,28.5,24.1,24.3,24.4,24.6,24.8,24.5,24.5,24.4,24,23.9,23.7,23.4,22.9,22.6,22.4,22.1,22.4,22.2,21.8,21.6,21.3,21.1,20.9,20.7,20.5,20.3,20.2,20,19.9,19.8,19.6,19.2,18.9,18.7,18.5,18.3,18.1,17.9,17.9,17.9,17.8,21.1,26.4,28.3,31.2,26.4,23.1,26.2,25.9,24.3,22.8,23.2,24.3,23.9,23.2,23,22.9,22.9,23,23.6,22.5,21.8,21.7,21.9,22.3,22.1,21.8,21.6,21.4,21.1,21,20.8,20.6,20.4,20.2,20,19.7
37,17.4,17.3,17.2,17.1,17,17,16.9,16.8,16.6,16.5,16.3,16.2,20,21.6,21.6,22,22.5,23.4,24.4,24.5,24.8,25.7,26.9,27.8,28.8,27.4,21.5,25.3,26,26,24.8,24.9,26.2,25.5,22.1,21.2,20.9,20.4,20.2,20,19.8,19.5,19.3,18.9,18.8,18.6,18.4,18.2,17.9,17.7,17.4,17.2,17.1,16.9,16.8,16.5,16.4,16.3,16.2,16.2,19.6,24.2,25.9,27.7,29.2,30.8,29.9,26.3,26.6,26.5,26.7,26.8,26.5,26.3,26,25.8,25.5,25.2,24.8,24.2,23.8,23.2,22.9,22.6,22.2,21.7,21.5,21.2,20.9,20.7,20.5,20.3,20,19.9,19.8,19.6,19.5,19.3,18.9,18.6,18.3,18.1,17.9,17.7,17.6,17.5,17.6,17.6,21.3,26.2,28.2,30,27.4,24.5,27.4,27.8,25.9,23.5,23.8,25,24.5,23.7,23.6,23.4,23.4,23.5,24.2,23,22.2,22.1,21.9,22.1,21.9,21.6,21.4,21.1,20.8,20.6,20.5,20.3,20.1,19.8,19.5,19.2
38,16.4,16.3,16.1,16,16,16,15.8,15.7,15.5,15.4,15.3,15.1,18.9,21.3,21.3,21.7,22.1,22.9,23.8,24.1,24.8,26.1,27.6,28.7,30.1,27.1,20.8,24.8,25.5,25.3,23.8,24.1,26.1,24.8,21.5,20.9,20.5,19.9,19.7,19.3,19,18.8,18.4,18.1,17.9,17.7,17.4,17.3,17.1,16.8,16.6,16.4,16.2,16.1,15.9,15.6,15.4,15.4,15.3,15.2,20.2,24.6,26,27.6,29.2,30.8,29.4,24.7,25.1,25,25.4,25.3,25.1,25,24.7,24.4,24.3,24.4,24.3,23.8,23.6,23.7,23.6,22.7,22,21.7,21.3,20.9,20.6,20.3,20,19.8,19.5,19.3,19.2,19,18.9,18.7,18.2,18,17.8,17.5,17.3,17.1,17,17,17.1,17.1,21.9,27.1,28.7,30.4,26.7,23.5,27.2,27.2,24.6,22.5,23.1,24.4,23.7,22.8,22.5,22.4,22.7,22.8,23.8,23.6,23,22.8,22.3,22.2,21.8,21.5,21.1,20.6,20.3,20.1,19.8,19.6,19.3,19,18.8,18.5
39,17.3,17.2,17.1,17,16.9,16.9,16.8,16.7,16.5,16.4,16.4,16.3,19.1,20.7,20.8,21.3,22,23,24,24.4,24.6,25.3,26.3,27.2,27.9,26.8,21.9,24.6,25.3,25.5,24.5,24.6,25.5,25.1,22.4,21.4,21.1,20.7,20.4,20.1,19.9,19.7,19.3,19,18.9,18.7,18.5,18.2,18,17.7,17.6,17.4,17.3,17.1,17,16.8,16.6,16.5,16.5,16.4,19.6,23.6,25.2,26.6,27.6,29.2,28.5,24.5,24.7,24.7,24.9,24.9,24.5,24.4,24.1,23.9,23.9,24,23.7,23.2,22.8,22.7,22.4,22.3,22.1,21.8,21.6,21.3,21.1,20.9,20.6,20.4,20.2,20,19.9,19.8,19.7,19.4,19,18.7,18.5,18.3,18.1,17.9,17.8,17.7,17.7,17.8,21,25.5,27.1,28.1,26.6,23.3,26.3,26.4,24.7,23,23.6,24.4,24.2,23.7,23.4,23.3,23.2,23.3,23.9,22.7,22,22,21.9,22.2,22.1,21.8,21.6,21.3,21.1,20.8,20.6,20.4,20.2,19.8,19.5,19.2
40,16.5,16.3,16.1,16.1,16.1,16.1,16,15.7,15.6,15.4,15.4,15.2,17.4,17.7,17.5,21.6,22.9,23.7,24.4,24.6,24.2,24.6,25.2,25.6,26.5,23.2,20.1,21.3,21.3,21.5,21.1,21.2,22.7,21.9,20.7,20.7,20.5,20,19.8,19.5,19.2,19,18.5,18.1,17.9,17.7,17.4,17.3,17.1,16.9,16.8,16.6,16.4,16.3,16.1,15.8,15.6,15.5,15.5,15.4,19.4,23.3,24.4,25.6,26.2,26.7,24.2,21.4,21.8,21.7,21.8,21.9,22.1,22.6,23,23.4,24.8,25.7,26,25.5,25.3,25,24.3,22.9,22.1,21.7,21.4,21.1,20.8,20.5,20.2,20,19.7,19.5,19.4,19.2,19.1,18.9,18.5,18.3,18,17.8,17.6,17.4,17.2,17.2,17.3,17.4,21.1,25.8,26.9,27.1,22.8,20.9,22.2,22.1,21.7,21,21.1,21.5,21.4,21.3,20.9,20.9,21,21.3,22.7,24.7,24.6,23.6,22,22.5,22.2,21.7,21.4,21.1,20.8,20.4,20.1,19.9,19.6,19.3,18.9,18.6
41,17,16.9,16.7,16.6,16.5,16.5,16.4,16.3,16.1,16,15.9,15.8,18.6,19.8,19.7,22,23.2,23.8,24.4,24.9,25.2,25.8,26.7,27.7,28.5,24.7,20.6,23.2,23.5,23.5,22.7,22.6,24.2,23.5,21.5,21.1,20.9,20.5,20.2,19.8,19.5,19.2,18.7,18.3,18.2,17.9,17.6,17.3,17.1,17,16.8,16.6,16.5,16.4,16.2,15.9,15.7,15.6,15.6,15.6,20.1,23.6,24.6,25.8,27,27.9,26.3,22.1,22.2,22.2,22.5,22.4,22.2,22.6,22.8,22.7,22.8,22.9,23.1,22.9,22.9,22.9,22.6,22.4,22.2,21.9,21.6,21.3,21.1,20.8,20.5,20.3,20.1,19.9,19.7,19.6,19.5,19.2,18.9,18.6,18.3,18.1,17.9,17.7,17.6,17.6,17.7,17.7,22.3,26.1,27.3,28.6,24.6,21.4,24.2,24,22.6,21.5,22.4,23.3,22.8,22.5,22,21.9,22.2,22.3,22.9,22.7,22.5,22.2,22.1,22.6,22.3,21.9,21.6,21.3,21.1,20.7,20.5,20.2,19.9,19.5,19.1,18.7
42,17.1,17,16.9,16.8,16.7,16.7,16.6,16.5,16.3,16.2,16.2,16.1,19.7,20.2,19.4,20.9,21.7,22.9,24.2,23.6,24.1,25,26.1,27.2,28,24.1,19.6,22.5,23,23.1,22,22.3,24.1,22.9,20.8,21,20.9,20.5,20.2,19.8,19.6,19.3,18.8,18.4,18.3,17.9,17.6,17.4,17.2,17,16.9,16.7,16.5,16.4,16.2,16,15.8,15.7,15.6,15.6,20.3,23.7,24.6,26,27.3,27.6,25.6,21.2,21.9,22.1,22.5,22.7,22.7,22.9,22.7,21.8,21.9,22,22,21.8,21.8,22,22.1,22.2,22.1,21.8,21.6,21.3,21,20.8,20.5,20.3,20.1,19.9,19.7,19.6,19.5,19.3,19,18.7,18.4,18.3,18.1,17.8,17.7,17.7,17.8,17.9,22,26.5,27.7,29.3,24.5,20.2,23.3,22.7,21.4,20.4,21.2,21.9,21.4,21.2,21,21,21,21,21.7,21.8,21.7,21.4,21.6,22.4,22.2,21.9,21.6,21.4,21.2,20.9,20.6,20.4,20.1,19.6,19.2,18.9
43,16.8,16.7,16.5,16.5,16.4,16.4,16.3,16.2,16,16,15.9,15.8,17.4,16.9,16.4,22,23.8,24.1,25,25.3,25.3,25.6,26.5,26.8,28.3,22.5,19.1,20.3,20.3,20.5,20.2,20.8,22.5,21.2,20.2,20.8,20.7,20.2,19.9,19.5,19.3,19,18.5,18.1,17.9,17.6,17.3,17.1,16.9,16.8,16.6,16.4,16.3,16.2,16,15.7,15.5,15.4,15.4,15.4,19.3,22.9,23.9,25.4,26.6,28.2,24.1,20.2,20.8,20.8,21.1,21.2,21,21.2,21.7,22.2,22.9,23.4,23.7,23.5,23.4,23.2,22.7,22.5,22.4,22.1,21.8,21.4,21.1,20.9,20.6,20.3,20.1,19.9,19.8,19.6,19.5,19.2,18.8,18.5,18.2,18.1,17.8,17.5,17.5,17.5,17.6,17.7,21.5,25.7,26.9,28.1,22.5,19.7,20.7,20.9,20.6,19.8,19.9,20.1,20.1,20.1,19.8,19.9,20,20.2,21,22.6,22.6,21.9,21.7,22.6,22.2,21.8,21.5,21.3,21,20.6,20.3,20,19.7,19.2,18.8,18.4
44,17.2,17.1,16.9,16.8,16.8,16.7,16.7,16.5,16.4,16.3,16.3,16.2,19.1,18.7,16.6,18.7,19.7,21.4,23.5,21.9,21.8,22.2,22.8,23,23.5,21.7,19.7,20,20.1,20.1,19.8,19.9,20.7,20.5,20.5,21.3,21.2,20.6,20.2,19.7,19.4,19.1,18.5,18.1,18,17.7,17.4,17.1,16.9,16.7,16.6,16.4,16.3,16.2,16,15.8,15.6,15.5,15.5,15.4,18.5,21.7,22.7,24.2,25.1,23.8,21.5,20.4,21.9,22,22.5,22.7,22.9,23.2,23.3,22.3,22.5,22.7,22.7,22.6,22.6,22.7,22.8,22.5,22.2,21.9,21.7,21.3,21,20.7,20.4,20.2,19.9,19.8,19.6,19.5,19.4,19.2,18.8,18.4,18.2,18.1,17.8,17.6,17.5,17.5,17.7,17.8,20.9,24.6,25.9,27.1,23.9,19.8,20.1,20.3,20.3,19.9,19.7,20,20,20.2,20.1,20,20,20.3,21,21.7,21.9,21.4,21.6,22.6,22.3,21.9,21.7,21.4,21.1,20.7,20.4,20.2,19.9,19.4,18.9,18.5
45,16,16.1,15.9,15.8,15.7,15.6,15.7,15.4,15.3,15.1,15.1,15,18.7,18.6,15.2,16.7,17.3,19.7,23.1,19.5,19.6,20.2,20.9,21.2,21.7,20.7,19.3,19.4,18.9,19,19.1,18.9,19.1,19.1,20.1,21,20.9,20.4,19.2,18.2,17.9,17.5,16.9,16.5,16.4,16.2,15.9,15.6,15.5,15.3,15.2,15.1,14.9,14.9,14.7,14.3,14.1,14,14,14,16.6,21.5,22.6,24.4,25.3,21.6,19.8,19.9,22.1,22.2,22.9,23.3,23.5,23.8,23.7,22.7,23.2,23.8,23.8,23.5,23.4,23.1,23.1,22.3,21.6,21.3,21,20.5,20.2,19.8,19.5,19.2,19,18.8,18.7,18.6,18.4,17.9,17.3,17,16.7,16.5,16.3,16,16,16.1,16.4,16.5,20.1,24.7,25.9,27.2,24.6,18.7,19.1,19.4,19.8,19.9,19.3,19.4,19.9,19.3,19.1,18.8,18.8,19.8,20.6,22.1,22.2,21.8,21.4,22.1,21.7,21.1,20.7,20.3,20,19.3,18.9,18.7,18.3,17.5,17.1,16.8
46,17.3,17.2,17.1,17,16.9,16.8,16.8,16.7,16.5,16.5,16.5,16.4,21.4,19.1,16.4,18.2,18.9,21.3,23.9,21.3,20.9,21.3,21.8,21.6,22.4,22.1,21.2,21.3,21,21.1,21,20.8,21.2,20.8,21,21.6,21.4,20.9,20.4,19.6,19.3,19,18.4,17.8,17.8,17.4,17.1,16.8,16.5,16.5,16.4,16.1,16,15.9,15.8,15.5,15.2,15.2,15.1,15.1,19.9,22.5,23.6,25.2,26.4,23.2,21.4,20.9,22.2,22.4,22.8,23.2,23.4,23.7,23.4,22.3,22.5,22.5,22.4,22.2,22,22.2,22.4,22.5,22.3,21.9,21.7,21.3,21,20.6,20.3,20.1,19.8,19.6,19.5,19.4,19.3,19,18.6,18.2,18,17.9,17.6,17.4,17.3,17.4,17.6,17.8,21.7,26.1,27.3,29.3,26.1,20.1,20.4,20.2,20.4,20.2,20,19.9,19.9,20.2,20.4,20.2,20.4,21.4,21.8,21.3,20.9,20.7,21.5,22.7,22.5,22.1,21.8,21.5,21.1,20.7,20.3,20.1,19.7,19.1,18.6,18.1
47,17.3,17.2,17,17,16.9,16.9,16.9,16.8,16.7,16.6,16.5,16.5,19.7,19.1,18,18.5,19,20.9,23.4,21.2,21,21.4,21.8,22.1,22.2,21.9,21.4,21.6,21.8,21.7,21.7,21.5,21.5,21.7,21.4,21.4,21.1,20.5,20,19.3,19,18.6,17.8,17.3,17.4,17,16.6,16.2,16,15.9,15.8,15.5,15.3,15.4,15.2,15,14.7,14.7,14.7,14.6,17.4,21.6,22.7,24.3,25.4,22.7,21.6,21.2,22.1,22.2,22.7,23,23.1,23.4,23.3,22.5,22.6,22.7,22.7,22.5,22.3,22.5,22.6,22.4,22,21.7,21.5,21,20.7,20.4,20,19.8,19.5,19.4,19.3,19.2,19,18.6,18.1,17.6,17.4,17.3,17,16.7,16.8,17,17.4,17.6,20.5,24.7,25.9,27.2,25.3,22.1,22.3,22.2,22,21.2,21,21,22.3,22.4,22.6,22.7,22.7,22.3,22.7,22.5,22.5,22.7,22.5,22.5,22.3,21.9,21.6,21.4,21,20.4,20.1,19.8,19.4,18.6,17.9,17.5
48,16.7,16.6,16.5,16.4,16.4,16.3,16.2,16.1,16,15.9,15.8,15.7,18.4,19.6,19.4,19.8,20.1,20.9,22.4,21.9,22,22.4,23.1,23.5,22.6,25.9,26,25.8,23.5,23.4,23.3,23,23.1,23.1,21.7,20.8,20.2,19.5,19,18.4,18,17.6,16.8,16.4,16.4,16,15.7,15.2,15.1,15.1,15,14.8,14.6,14.6,14.4,14.2,13.9,13.9,13.8,13.7,16.6,20.5,21.5,23,24.2,22.8,22.5,21.4,21.1,21.2,21.7,22,22.2,22.5,22.5,22.2,22.2,22.3,22.4,22.2,21.6,21.8,21.5,21.2,20.7,20.5,20.3,19.7,19.5,19,18.7,18.5,18.2,18,17.9,17.9,17.7,17.4,17,16.5,16.3,16.3,16,15.7,15.9,16,16.5,16.7,19.5,23.2,24.5,25.6,24.8,23.2,23.4,24.2,25.2,23.5,21.3,21.3,22.9,23,23,23.1,23.3,23.6,23.8,22.9,23,23.3,22.7,22.1,21.8,21.2,20.9,20.5,20.1,19.6,19.2,18.9,18.5,17.9,17.5,17
49,16.6,16.5,16.4,16.3,16.2,16.2,16.1,16,15.9,15.8,15.7,15.6,17.7,19.4,19.4,19.9,20.3,20.9,22,22,22,22.5,23.2,23.6,22.9,25.8,26,25.8,24.5,24.1,24,23.7,23.7,23.8,21.9,20.6,20.2,19,18.6,18.1,17.7,17.4,16.6,16.2,16.2,15.8,15.4,15.2,15.1,15,14.9,14.6,14.5,14.5,14.3,14.1,13.8,13.8,13.7,13.6,16.4,19.1,20.3,21.7,22.6,22.6,22.4,21.4,21.1,21.2,21.7,21.8,22,22.4,22.5,22.2,22.2,22.3,22.3,22.1,21.4,21.2,20.9,20.7,20.5,20,19.6,19.1,18.8,18.4,18.1,17.9,17.6,17.4,17.3,17.3,17.1,16.9,16.5,16.2,16,15.9,15.7,15.4,15.4,15.6,16,16.2,18.5,21.6,22.9,24.2,24.5,23.7,24,24.8,25.5,24.5,22.1,21.7,23.4,23.7,23.8,24.1,24.3,24.5,24.4,23,23.1,23.8,23.1,21.9,21.5,20.9,20.5,20.1,19.7,19.3,18.9,18.6,18.2,17.7,17.2,16.8
