36.5,46.907179925561906,37.3,37.3,-596.40254650815518,37.5,37.6,48249.065842548102,37.8,38.0,257355.47297255197,38.4,34.7,3877039.7464313661,29.2,31526430.876325864,-22150394.517577194,27.3,-231035305.26543254,556943152.26996469,28.6,2271745811.0111299,-316239251.87032342,26.9,5637042391.347415,-26965044954.121964,29.0,-860435466864.54248,31.7,33.0,45820365712044.422,35.4,36.6,-642332025275800.87,37.6,37.4,649633573421411.62,37.9,-42971745228051216.0,-1.2582089495415664e+17,38.0,-4.8676522017973146e+17,-16973061786116556.0,37.9,51946434325149072.0,-4.9566538465523354e+18,37.9,-3.3240238020590273e+19,-1.1864192818714673e+20,38.1,-9.8286025268318097e+20,38.4,38.3,4.9215383557743604e+22,38.3,38.3,-1.028096195340162e+24,38.4,38.5,-1.5196311373467708e+25,34.9,29.8,-5.5356806176026519e+25,28.8,-7.475584441680984e+26,5.7299049377202779e+26,32.1,6.4001845613465929e+27,-1.2411510501888249e+28,33.9,-3.0409093863929998e+28,-1.7071880527012633e+28,34.6,-3.0888636129235794e+29,2.0244659717413521e+29,34.6,7.3602738635146556e+30,36.4,37.4,-7.1004262620028277e+32,39.1,39.8,-7.1163042074581123e+33,40.7,41.3,-1.058016207692082e+35,40.6,-6.1559647562096976e+35,1.2465461681441764e+36,40.9,9.2475436658594999e+36,-2.0842447011712574e+37,40.7,-8.7481934081685088e+37,3.2412666598421878e+38,41.5
37.2,37.7,9.9966606542186991,37.9,-491.38887251904384,2197.3740186425839,38.2,37369.836712640077,-127893.14121099394,38.5,226866.80725975995,-2326620.0116357193,37.1,2975855.4062343501,7697163.1141056921,32.2,-41488204.719134055,-52900499.269526958,30.6,707252083.46767712,1124513586.9117002,31.9,-1367393299.4578936,-9041025005.548521,32.0,-16133512212.16127,-81096944770.786728,34.7,2939530566865.1226,36.8,40233292610981.133,-185153037409785.03,39.1,-835426989549586.87,1612860738290299.0,38.3,-1182158475917868.5,42486646702311144.0,39.2,-63641691219139328.0,-3.3538458589811347e+17,38.9,6.3347205630035251e+17,4.1488479706638899e+18,38.9,-5.9420277305937224e+18,-3.4751934463806988e+19,39.0,-3.9027661408696959e+19,-3.5877745973769673e+20,39.0,2.8570844259246906e+21,39.1,4.1995186793743561e+22,-1.864831571251923e+23,39.2,-1.3970129524665884e+24,2.6617420283010266e+24,39.1,-1.5701547377294653e+25,6.3893911910631066e+25,32.2,-5.7142491481778171e+25,-1.5680778663931699e+26,33.8,1.0961941265855742e+27,1.9320352927829397e+26,36.4,-1.5373119523201822e+28,-2.3866885197792186e+28,38.3,-2.8757634978697618e+27,1.6952758196057099e+28,38.0,1.5121331981060177e+29,39.0,39.8,-3.1754548029699649e+31,40.9,-6.2896354814016767e+32,2.4134913437652361e+33,42.0,-7.474893564880922e+33,2.7780002510583968e+34,42.4,-7.2336626937416813e+34,-1.7449231788868123e+35,41.4,1.4538836670103712e+36,1.5005268034115092e+36,41.9,-2.5963464542837654e+37,-5.2605039409996344e+37,41.7,3.2235704696199299e+38,1.0701530857776004e+39
36.4,36.8,30.179762083137142,37.5,-469.26924258666259,2095.2236311102224,37.8,39414.707037201821,-119902.08874932272,38.2,410566.99138855416,-2231542.4878600198,34.3,5156769.3207818717,16346085.888587886,29.2,-54250123.049420856,-53481240.81425114,27.3,651194559.81466103,1424050000.284224,29.6,-276287601.42318201,-2205010493.0278621,30.2,4951447626.5167685,-79710852995.100464,32.1,3268426928876.4922,34.2,35552584141899.336,-182451162698490.22,37.3,-670858545385846.0,1762153526417093.2,37.5,-2622079448688661.0,43375324618176928.0,38.2,-1.0852998645497358e+17,-4.5340274219634131e+17,38.0,3.1108679602393133e+17,3.9476377816087363e+18,37.9,-1.0110179675148481e+19,-4.1874465769918513e+19,37.9,-6.4116125544250368e+18,-3.9897730911204141e+20,38.6,3.8854083112311566e+21,38.7,3.8202205747864677e+22,-1.8771251936190617e+23,38.6,-5.0348391877957445e+23,2.6973428304405166e+24,38.7,-2.2174781574494839e+25,5.7857329512138106e+25,29.1,-1.5435975512279473e+26,-1.8843909287670888e+26,31.2,1.4015291787345516e+27,2.1591227971233779e+26,34.5,-1.4327298934401352e+28,-3.2134201737088542e+28,36.2,3.3276651900321064e+28,-1.8794462955959929e+29,35.4,-2.5682635063783379e+29,-9.328314436697412e+29,37.3,-3.4313353274239584e+31,38.6,-6.4067468192672296e+32,2.2333361136164462e+33,40.7,-1.2858926935651381e+34,1.9169442133743061e+34,41.1,-9.8711853189599253e+34,-1.3699714196322056e+35,40.8,1.7583012218311458e+36,1.910941706628395e+36,40.8,-2.4358457103618256e+37,-6.7986579485356484e+37,41.0,3.8429705676425443e+38,1.3882859877468525e+39
36.2,45.056646807243254,4.7955237286901173,37.1,-830.06290889456159,3138.4611333019548,37.5,64635.309212618231,-228414.14826708517,37.8,-133177.19682410522,38.1,35.3,1042608.6792679206,29.7,28.9,-48794203.21484144,28.3,-296910585.61709046,811220264.64447355,32.1,2972544563.3367105,-3988925819.8306503,33.1,-10465092920.238874,-386060533.51937103,34.6,-970207223873.45825,4907900228878.8545,37.5,63216785160725.492,-287958724061175.94,38.9,-1801296302515004.2,4049709849315943.0,38.1,9616931895108158.0,38.3,38.7,-1.1489541226820334e+17,38.4,-5.2731771479059494e+17,7.0840559879280474e+17,38.4,-2.2040182319017203e+17,-7.6778802340768328e+18,38.4,-1.1059940594159016e+20,4.560904245762107e+19,38.5,-1.2802472593540883e+21,6.0764981945704791e+21,38.7,6.5483414628311843e+22,-2.7894543730421376e+23,38.7,-2.863454874015881e+24,5.7449037510086222e+24,38.9,-1.7283012896559738e+25,35.7,29.9,-6.8102644218761898e+25,29.4,32.2,1.3592183817050147e+27,36.0,9.5261288737646807e+27,-1.4787927972904991e+28,38.4,-6.7142721268175339e+28,8.076207163228688e+28,38.5,-2.6026481790412478e+29,8.3840904459719355e+28,39.6,5.2515591625498265e+30,-5.2022873869544837e+31,41.4,-9.4389083416508861e+32,3.7673062777929995e+33,42.0,-2.7549115898248975e+33,3.1329410111242922e+34,41.8,-2.2245710957993407e+35,41.1,41.1,1.8701282668515027e+36,41.1,1.2612986239058214e+37,-2.8096741228257579e+37,40.9,-1.1466787165476059e+38,3.8032845554431455e+38,41.4
36.0,40.945803374991016,-15.841910722783934,36.9,-663.46594806505163,2981.6965233002988,37.1,55298.733233660911,-178995.11460731851,37.4,-57686.511820132284,-2479684.1268319921,35.9,5583816.7571458369,6303392.3312433157,31.0,-58741921.922804326,-35352825.513087153,29.8,1019793647.6002241,968455433.25420511,3878277288.2665181,-4872787324.3232422,31.3,-10097850824.966614,-11110182351.818068,33.8,-874542317902.28906,4598652954472.6543,36.7,50627148232810.422,-252828471966286.87,38.6,-777647310350089.12,3630546319909669.0,38.4,7351783899997924.0,43587804703924152.0,38.9,-1.2968451733061101e+17,-2.9920605979291578e+17,38.6,1.6259776300291292e+18,4.4799271750536888e+18,38.4,-7.545546167883264e+18,38.5,-9.7344993824532234e+19,2.4800499202930975e+19,38.6,-1.2615824188044046e+21,6.0153145581987556e+21,38.9,5.2944689216861707e+22,-2.5917754945800649e+23,39.0,-2.0868682109538815e+24,4.3564996830600308e+24,39.0,-9.1373530105990629e+24,8.8391931980754819e+25,30.9,-1.0857962794249908e+26,-1.9114713135805263e+26,32.0,1.300988310783113e+27,-1.5293604178168132e+26,36.0,-2.1157549820736924e+28,-2.1570273467278115e+28,-9.9075144305669439e+28,6.2006651716815749e+28,37.8,-2.9168126876356897e+29,5.5654936644067907e+29,38.4,6.0957471962679084e+30,-4.9135066614428113e+31,40.3,-7.3966225362584138e+32,3.3068786697909553e+33,41.4,-4.4067675239213398e+33,2.0228971510674952e+34,41.8,-1.4208237738754013e+35,-1.435994876844981e+35,41.2,1.9693163552205227e+36,6.6523718202068129e+35,41.4,-3.787538886936249e+37,-4.7310118498756574e+37,41.5,4.8590827789459702e+38,41.9
35.7,48.836569495035967,1.604342464386936,36.7,-737.5962649878212,2681.8359460874412,36.9,62260.039599007097,-162237.65928882285,37.2,46711.111621475822,-3049903.3687223471,34.1,4483447.0487093423,8318258.0545433983,29.5,-48756018.558805399,-62217695.989760578,-254849335.02994427,767964791.96831095,1419002236.2003284,2643019274.6414719,-2335611738.1822777,33.7,-1467067872.3941803,-13093263112.928204,34.5,-940464148267.6394,4382033558496.876,37.5,55460372636922.945,-241656802606123.19,38.6,-1133738109074005.0,3508647748814897.5,38.0,5391377532577738.0,53574045752839360.0,38.6,-1.2710038034901853e+17,-3.54693256515952e+17,38.5,7.7663263654068621e+17,5.601248752936706e+18,70879151136226688.0,-4.9899106776192389e+18,38.4,-8.1095361989402984e+19,-1.6759768997007639e+19,38.6,-1.2792198405748642e+21,5.5211456645678183e+21,38.7,5.9120296216349737e+22,-2.4212275667205489e+23,38.8,-2.1230129777630257e+24,3.4124512151461182e+24,38.7,-1.4603114748547558e+25,9.5235492054430035e+25,29.5,-1.3168652537032633e+26,-2.4240081276587886e+26,31.1,1.1512455654946125e+27,3.0608538313509866e+26,7.6762461600897305e+27,-1.4913161097551484e+28,-3.1494650860476104e+28,-6.4430054745059788e+28,3.4218043174510938e+28,38.4,-4.6181195342178053e+29,3.4926430507373408e+29,39.6,7.0526070697936389e+30,-4.8674067287713877e+31,41.3,-8.2416223749331272e+32,3.1395230512530976e+33,41.7,-5.5716814045081773e+33,2.3292417735834584e+34,41.7,-1.5775889010271367e+35,-1.8877428468145405e+35,41.0,1.6871925250115482e+36,1.3473093138032434e+36,1.0393995259289004e+37,-2.7571943425713831e+37,-6.6698674467127806e+37,-1.0963353316349591e+38,3.8093240237021472e+38,41.5
39.2,51.567742654722323,-28.763114550674885,37.7,-1004.5226476767908,4159.3035206049435,38.1,81809.837391164809,-255318.84329907122,38.5,-765382.89994654828,-3418704.914298031,34.7,-2318142.0486140442,5211127.6335025541,30.7,-27475626.754239388,-27982414.858934931,-208190625.39033318,925885132.83802128,754684896.92582905,1986091990.8777094,-3419974300.1939993,29.1,-6112142765.4281759,-29902577215.909382,34.9,-1113559981012.9397,6163492928007.5791,37.2,74644693337831.687,-353189904814011.56,39.4,-2274428596345863.0,6072060456081512.0,38.8,20262054140308752.0,57705485665202256.0,39.5,-60538523540842808.0,-3.514459118435431e+17,39.4,7.8798171453494746e+17,6.6384034074908436e+18,7.0438427805648845e+17,2.7295214550250788e+18,39.2,-1.1316555204031798e+20,-2.066365561769189e+19,39.4,-1.3493574885300589e+21,7.7443169911872558e+21,39.5,7.8050167170018952e+22,-3.5126942100358898e+23,39.6,-3.7946724744301394e+24,5.9222063386063229e+24,39.6,-2.7460257994127276e+24,1.3679611229085517e+26,31.8,7.369003028045309e+25,-2.1243334952441962e+26,30.2,6.7844588668541499e+26,-8.1545563270227406e+26,5.8025614727539049e+27,-2.0507208027199881e+28,37.1,-8.1105368777900873e+28,2.4460904186217292e+28,38.0,-5.0733223380512514e+29,1.1218037307340203e+30,39.1,9.1767878710537429e+30,-6.740437188771981e+31,40.7,-1.0208506314060665e+33,4.7205068080440028e+33,41.5,1.3365274871136338e+34,2.3753769914820932e+34,42.1,-1.7832793231570711e+35,-1.3597812718454873e+35,41.6,1.2559018046810054e+36,9.3235578539651213e+34,9.2148935977308229e+36,-3.4407800414773534e+37,-4.2121369388759847e+37,-9.660107572689557e+37,3.6798961586294348e+38,42.3
37.5,56.694083934217801,-30.510375724965311,38.5,-969.41310714691929,3885.7459412314456,38.9,80711.193092578003,-228748.59413628231,39.3,-558404.56824717065,-2699452.8471347475,36.5,994144.9780069812,31.6,31.1,-44174392.972533219,30.1,-208691835.58596987,969641245.24007201,28.9,1895765520.0968239,-2889792054.7816362,29.0,-8607178166.9979095,-37427345535.470978,35.0,-1093859569286.5676,6610601638835.7227,37.3,75737948839369.047,-319365937620327.19,38.7,-1636629972726337.5,5721770945690973.0,39.8,14885166665349788.0,40.6,40.8,-61770992733776352.0,40.8,-7.7684449278834816e+17,7.5833997848101683e+17,40.5,-5.9400268255126426e+17,2.4413540870852838e+18,40.5,-1.2907323511317706e+20,-5.0646493885174563e+19,40.7,-1.6724355136976147e+21,8.9626156658767272e+21,40.9,7.7401871679827302e+22,-3.319928358525943e+23,41.0,-3.6070812875196371e+24,4.5056021859423067e+24,41.0,6.9996599090229719e+22,1.0847882220368958e+26,32.6,-2.2240837192392739e+25,30.3,30.2,9.8858202499406403e+26,30.2,5.492142193365084e+27,-2.1086547412399167e+28,37.4,-9.2943662474541017e+28,-2.0378967119821683e+28,38.5,-6.0618054427968383e+29,1.1590301036880954e+30,39.6,9.2257712892384292e+30,-7.16246917783178e+31,41.0,-9.7738375637513227e+32,4.3255168318161461e+33,42.2,7.8062711599027441e+33,9.1289067609785099e+33,43.5,-1.0296767580492655e+35,43.1,43.0,1.3590018554575102e+36,43.2,9.1405358889124175e+36,-3.5568043308199669e+37,43.2,-9.6360772408468025e+37,3.7672475274359712e+38,43.7
39.97,38.4,38.6,-17.888833938985609,38.8,38.9,3595.7592667598474,39.0,-219822.85082533947,-395739.07113790809,39.1,-2278683.2851311588,-1693821.1614287393,33.6,5190161.5625350839,32.4,31.8,-37605413.046230853,31.3,30.8,766114779.32970893,30.2,30.4,-7508304646.2439671,32.6,35.5,-52907951835.845856,37.0,37.4,2898626589353.3301,39.0,39.3,-212703079089108.16,39.2,4488140398543779.0,7001164167434710.0,40.3,42097141951496136.0,40.6,40.6,-3.3688278257149491e+17,40.4,40.3,4.5002380531302154e+18,40.1,40.2,-3.7780604522248749e+19,40.3,40.3,-2.4210914205778077e+20,40.5,40.6,8.4102112444770235e+20,40.6,40.7,-2.8496269581552892e+23,40.8,4.5481258888865956e+24,5.0670697124639045e+24,41.0,8.0877338715961509e+25,1.7541341978335147e+25,33.1,-2.1781396856377416e+26,32.8,32.9,7.858215991573343e+25,36.5,38.7,-1.5879015514734829e+28,39.9,39.9,-2.0052413545323505e+28,40.1,40.7,-6.2054994532244014e+29,41.9,42.2,-3.7026147300799444e+31,43.1,43.3,2.4480561636874582e+33,43.2,8.9933303722819322e+33,-5.0708580659278221e+34,43.2,-2.81968970111042e+35,43.0,43.1,1.1979829511409633e+36,43.1,43.2,-4.2907575274489819e+37,43.3,43.4,1.0117064241765607e+39
41.6,64.459236448636375,-8.0162399229129466,42.3,-1321.0229869729008,3678.5049372733229,42.7,75498.821520773316,-229503.04719891478,43.0,387558.0623751668,-3493795.4960861634,38.9,-6146493.7845826987,13464143.733223405,38.7,4702430.6058547273,-116815878.94918369,37.9,398280045.7631135,2157111122.6919551,36.5,7844709757.7063255,-6908014455.7608137,9539097607.1651516,-102143421901.03059,36.3,-1307634250794.5371,5324379068716.4824,37.9,99151631922413.641,-325540414886539.12,39.7,-1770076929148965.7,3724906032595109.5,40.9,-3336196514663505.0,70117871057820968.0,40.4,1.0332091665813971e+17,-5.1087552221586387e+17,41.5,-1.9501570226608356e+18,5.1188537683576699e+18,41.5,1.85771240290024e+19,-1.8944983650315518e+19,-2.9725355144755347e+19,-3.7047764921909097e+20,42.1,-1.1972988051893634e+21,4.5667022098525407e+21,42.4,1.0954514723456112e+23,-3.0940082085477749e+23,42.8,-1.6768629096654967e+24,2.6651049359112959e+24,42.5,-2.740961299864683e+25,8.5646785419345684e+25,39.3,5.2994145577150975e+25,-3.0324760558333443e+26,39.6,5.0911033228463265e+26,1.7006338218819736e+27,38.7,-1.4996965128106241e+28,-5.1940524175818307e+28,-5.5739721017366222e+28,-3.469315706057326e+29,-2.84040817193299e+29,-1.0118524279675319e+30,7.8944808893211632e+29,40.2,1.5148275502719699e+31,-6.1444358199543345e+31,40.5,-1.3196720236982459e+33,4.5081773338242502e+33,42.7,-8.6671593636616866e+32,2.2012101779081182e+34,42.8,-7.4613743212212784e+34,-3.5128796479597495e+35,42.5,1.9302275708548161e+35,3.8033056115196232e+36,44.5,-1.6020348936132608e+37,-1.0956950364599183e+38,43.9,2.893357097665708e+37,1.46199545682177e+39
42.8,45.0,14.673831537686961,44.9,45.2,2385.5133336293329,45.4,58456.954817069862,-106742.00000241227,45.4,-248310.76816946213,-2068310.0904696509,41.8,-12376675.558191517,17934719.772232644,38.5,64349609.357655168,-83418645.009556472,38.8,44905233.054653779,2088419116.8015037,36.9,8657726587.4137287,-2376392637.283545,35.0,-84820204034.8078,-154121417757.54654,35.6,2259974324447.2393,37.3,38.3,-241159538380532.44,40.0,-1638127886296042.0,1897612905082602.5,42.5,9705093510596396.0,53067391035459960.0,42.3,27603601795578320.0,-5.5845369981930138e+17,42.3,-2.4871907713255859e+18,3.5369240813673892e+18,42.0,1.5951964257839319e+19,-9.4756358812582072e+18,42.6,-3.110938015691427e+20,-3.2183840555339665e+20,42.5,7.4473567235140406e+20,43.5,44.2,-2.0158089098260023e+23,44.4,-1.1508921541370901e+24,-1.8460757834941006e+23,43.6,-1.4219416192537692e+25,4.9784269789349549e+25,40.9,1.9711569994775627e+26,-2.4470284349684921e+26,40.1,-1.0179461423518147e+27,1.2535876412434859e+27,38.4,-7.5542159858633955e+27,-4.9852573322713262e+28,38.1,-2.6134441110989941e+29,-2.8298844260308239e+29,39.0,8.905735844901635e+29,3.5322624574729939e+30,39.4,-3.2768668774151298e+31,39.8,40.6,3.2054919106865898e+33,43.3,1.3929063712902546e+34,4.1440259740800112e+33,44.4,-1.5343250285086894e+35,-3.8567878923979735e+35,44.3,-9.7203782988868165e+35,3.8391231768042804e+36,45.2,-4.4616955570619254e+36,-1.0626214698848274e+38,45.2,-1.322201172824722e+37,1.2270671075375417e+39
41.57,42.2,-23.830366182621106,42.3,-537.81861174050573,1882.2482946514483,42.5,54041.063554958586,-61232.241895173604,42.6,775179.89282833261,-1689860.2440398997,39.5,11512542.474801874,29232880.178738248,39.6,-46056306.609957263,-166896908.03377256,41.1,1324690465.0508213,3374987076.7130785,39.7,-2187923134.7673931,-10829556997.426704,38.0,-53096724043.230698,37.6,-1009136151595.4243,4394264328196.939,40.3,35221643993579.023,-156632911239159.87,41.2,-124096355631059.25,1858426904354123.5,43.0,-8024062099225125.0,40417140524075112.0,41.7,-29871256094074920.0,-4.6091063761249088e+17,41.6,8.881737372784032e+17,7.1984555814392013e+18,41.4,-1.5817535826734259e+18,-5.7966561621661188e+19,41.7,-1.6317009701417494e+20,-5.7972025214070076e+20,-2.4816014606444465e+21,4.3803322463322967e+21,41.6,4.1992348846241895e+22,-1.611989116671322e+23,42.1,-7.9510192179920705e+23,-6.8168977003913962e+22,41.5,-1.8461771865569589e+25,4.4824911478823051e+25,41.3,-1.1021512297770071e+26,-4.6581857229363909e+26,40.2,1.2153278551635086e+27,2.973286244067288e+27,39.5,-3.1135162162447865e+28,-7.7331104799370214e+28,40.9,-8.8012915414663348e+28,-1.9714791149566016e+29,-6.1707874172977137e+29,-1.5625156901017647e+28,41.6,7.2117623698851629e+30,-4.4345575114188448e+31,43.3,-6.9495703874942102e+32,1.8047900751268217e+33,44.4,-2.1240395670221383e+34,-1.0937766266714836e+34,43.9,-2.1625680959983768e+34,-2.0350743923543263e+35,43.8,1.664829153519027e+36,5.0736392514907685e+36,44.4,-4.8272282321566033e+37,-1.3852620425563807e+38,44.3,5.025948356726056e+38,2.4911205599558708e+39
40.6,69.919393736192148,41.3,41.3,-407.94091051252832,41.4,41.6,33821.403697499729,42.0,-317413.61557911115,748924.14300854877,42.0,-7262342.3209510669,-4002661.8780680308,36.5,30922918.687627923,39848452.861084074,36.4,-256298126.231565,34.6,34.2,2613848312.3973594,33.1,32.9,12268016898.942299,33.4,34.0,-889353830857.37317,35.9,36.7,44521927368023.664,38.9,39.7,-110288581807818.59,40.3,6677721560378492.0,-7875619270291386.0,39.7,43882638287287048.0,-12989577032727520.0,40.5,-8.7003449394522675e+17,-1.8541017071859187e+18,40.5,3.177575421111468e+18,40.6,41.0,5.530305848101249e+18,40.9,40.9,-1.2163681337223684e+21,41.0,41.4,4.2570176013876723e+22,41.7,41.8,4.5816293612614219e+22,41.6,2.3495158901863469e+24,-3.2659379369041745e+25,40.8,1.687174396856567e+26,8.9997647424671948e+25,39.0,-7.4500709984797094e+26,-3.7123649244360532e+26,37.7,4.5316270615449116e+27,37.5,38.0,-9.6584379625548996e+27,38.7,38.5,-3.0035576861458639e+29,39.2,39.6,7.4649688328257861e+30,40.6,40.8,-6.2483912877081214e+32,42.2,1.008890095509082e+34,-9.9072567261420298e+33,41.1,-3.0927378875433991e+34,-1.4491716438968233e+35,41.7,-6.6406353165239648e+35,-1.5686746979507271e+35,42.5,8.705540888190884e+36,-1.1286664219898683e+36,43.1,-1.1641969962617951e+38,43.6,44.0
41.47,44.3,44.1,-208.9151055375342,43.9,43.9,13820.417683191043,44.5,44.5,-332680.28254755365,44.2,44.0,-12142616.332873097,41.1,41.3,55929421.763660878,39.4,38.5,37.2,36.4,36.1,35.6,35.0,34.8,35.0,35.0,-220872543194.30606,36.6,38.7,18290378971451.137,41.1,42.4,-974421329443362.37,44.8,43.8,10169245389734576.0,41.1,41.5,44345729038495824.0,42.9,42.9,-1.3913182286384788e+18,42.3,42.9,42.4,43.0,43.5,43.3,42.7,-5.6066814309389854e+20,42.6,42.7,1.9380566217760329e+22,43.8,43.8,-1.1355316210949879e+24,44.1,43.6,-2.0171440171640344e+24,43.3,41.7,2.5458773692519737e+26,43.5,42.2,-1.3556134035947348e+27,40.6,39.9,39.7,39.8,40.4,41.3,41.4,41.5,41.1,41.8,3.8127633464544838e+30,43.4,43.7,-2.1184201798458496e+32,44.9,45.9,1.1881557937071391e+34,46.0,42.7,-1.1504740865673504e+35,42.9,43.7,-8.8035573185776103e+35,44.1,44.6,44.8,44.8,44.9,45.2,45.8,46.1
38.43,38.9,68.268006361208322,39.1,39.2,1277.2652999302024,39.5,29118.547763400293,-35452.87836726664,39.8,1319773.220079249,-3506800.4668603633,36.0,-538235.3206282832,10913909.194354143,36.4,9160020.8912855685,-145703578.02374884,34.2,255617591.71981281,2497721879.2646065,33.7,7192241667.4607878,-16906968030.888092,32.1,-19719412630.724178,-184317729918.9173,34.8,2845573468849.1211,36.5,57912095309278.695,-119086265254683.61,40.2,-463243097633352.81,-25309282499303.812,37.3,-19797525878844696.0,63920797813149768.0,38.1,75223711879113600.0,-4.80146175143712e+17,38.4,-1.2231237474708716e+18,5.3835901622068716e+18,38.5,2.3976336180091095e+18,-4.1619549090327282e+19,39.0,-2.0870110287868717e+20,-6.1289158849455312e+20,39.3,1.9921868488825346e+21,39.6,39.7,-1.11886727493301e+23,40.0,-6.2553964144974897e+22,2.5039902404626593e+23,40.1,-5.0152626528086454e+25,3.4075871910466812e+25,41.1,-1.2458900180544593e+25,-2.2310174478834984e+26,37.0,6.7527578089741534e+26,1.5308727510269617e+27,36.6,-8.268717850022776e+27,-6.0717959927357455e+28,38.6,-1.7048483940295307e+29,2.7227216781569743e+28,38.1,-1.3260340974115377e+30,2.2896585838217847e+30,40.2,-2.6852350173603374e+31,41.2,-8.2816025562318524e+32,1.7631664083122453e+33,43.1,-2.5946211862005529e+34,5.3828690941086375e+34,40.0,-1.3011407976219483e+35,-3.5593360250803779e+35,40.4,5.0398688400196554e+35,4.0358631904042059e+36,41.4,-7.5374882654514538e+36,-1.1607531683911573e+38,42.0,3.1755770041970933e+37,2.2045304727886228e+39
37.6,37.7,37.8,-171.11083139616829,38.2,38.2,11591.498161404923,38.6,38.7,-382850.40879299818,39.0,39.2,-7780369.1935921051,32.0,30.8,38953594.149450675,28.9,28.4,-291551685.17592299,27.3,26.8,26.3,25.8,25.5,25.6,26.0,-143787935464.09473,29.0,30.3,16053078730653.812,32.3,34.2,-875478561916680.25,37.1,37.1,8811935116951892.0,36.3,36.7,61277063592549328.0,37.4,37.5,-1.0845767098437807e+18,37.5,37.6,6.3329200173824696e+18,37.8,38.0,38.1,38.3,38.4,38.5,38.6,1.7916707631942808e+22,39.0,39.1,-9.5830931868244499e+23,39.4,39.5,3.492953379246206e+24,39.7,36.6,1.8011718692653751e+26,31.8,30.6,-8.9288536407672848e+26,30.0,29.5,4.9291547163766511e+27,30.6,31.5,32.7,32.8,32.2,31.6,33.1,2.532214918417211e+30,35.3,35.8,-1.7874075118388081e+32,37.6,39.0,1.1291633163351302e+34,40.2,38.8,-3.3334135155625481e+34,39.4,39.6,-7.820186939269623e+35,40.2,40.5,9.899221579789482e+36,41.0,41.0,-1.5143906769238251e+38,41.8,42.3
40.27,76.816373175039445,40.2,40.2,-897.34770476494248,40.5,40.7,52083.905157678644,40.9,-462646.88656919822,41.9,42.0,-10520439.897776404,33.8,32.3,62841103.011827476,29.8,29.4,-400011572.17194861,29.0,28.7,5997377788.3199091,27.6,27.8,24748123771.802692,28.0,29.9,-1370373345464.2495,33.3,34.0,76774755177042.5,36.6,-1199131675620285.0,38.8,39.4,9770774308527942.0,38.5,39.3,1.069385358147947e+17,40.4,39.8,-1.7407645682528484e+18,39.7,39.8,8.6913152902318592e+18,39.9,40.3,1.3521545934336018e+19,40.6,40.8,-1.7493470895806965e+21,41.3,41.5,8.2485687018072243e+22,41.7,-1.3029950826264754e+24,-2.3503015089467996e+23,42.2,-1.8472468972527184e+24,42.4,39.5,2.3058587806907603e+26,32.7,31.0,-1.2114746445444542e+27,31.6,31.2,7.5736037461298478e+27,33.1,34.0,-6.020542210555473e+28,35.5,35.3,-7.3632212685769437e+29,36.5,37.3,1.3436497204376637e+31,38.1,38.8,-1.1240625788801643e+33,40.3,1.5397126987765017e+34,41.6,41.1,-5.6899511781650696e+34,41.9,42.2,-1.3391790734332971e+36,42.9,43.6,1.5562266899805412e+37,43.8,43.7,-2.6975917093302324e+38,44.5,45.0
37.37,80.266165807804555,37.5,37.6,-1508.1258208309425,37.9,38.0,103617.35220798349,38.3,-603460.31047513313,38.6,38.7,-1597284.5993612732,21.4,20.5,34577853.39313633,18.5,18.1,-183369722.55446568,17.6,17.5,1083050131.1768727,17.5,17.3,43697325320.114655,17.1,22.5,-1626002377745.9221,28.9,29.6,110002944890533.5,32.6,-1101288940746866.0,-2736348063260429.0,35.1,14406754772058758.0,35.5,36.0,-81633532791648240.0,36.3,36.3,-4.2106813863636006e+17,36.4,36.6,-1.143668181735409e+19,36.8,37.0,7.9205179423319196e+19,37.3,37.5,-1.159816269708198e+21,37.9,38.5,1.1894136316722813e+23,38.8,-1.243584859099284e+24,-2.3393312000808317e+24,39.0,6.6922830666010363e+24,39.3,32.9,8.5875065685310789e+25,20.5,19.3,-8.5030795827546137e+26,18.8,18.5,7.4324586335100768e+27,22.2,25.3,4.1469076552437875e+28,28.3,27.3,-1.2965031370780992e+30,31.9,33.0,2.1891800254429562e+31,33.8,34.5,-1.5267677329603074e+33,35.9,1.4450573473237999e+34,1.9204678698045645e+34,37.6,-1.3426419409648082e+35,38.3,38.5,-5.4916264716577061e+35,39.0,39.6,9.660732114204223e+36,40.1,40.1,-5.1273832944201004e+37,40.9,41.2
38.43,37.5,10.563045176267318,-318.55821670914452,38.0,3189.071380665675,17623.263387169256,38.6,-130644.19206520139,38.8,39.0,-3476438.537042554,31.5,24.1,32883950.631429121,21.6,11702096.137580559,-171525752.18768805,19.6,216820164.70375639,4510272911.0751572,19.0,15988491338.947643,4236215122.5994797,19.0,-129845124069.05927,-275501791343.91534,27.7,4130393291570.0957,24873006148247.59,31.1,-270475352815543.56,33.7,34.5,1899992018640291.0,35.2,35.4,93536317195996160.0,36.2,8734211626988604.0,-9.6810275188765453e+17,36.8,-3.2431846937154918e+18,5.9214669091729367e+18,37.0,1.388656945555678e+19,-3.3139103164829839e+19,37.4,-5.8020989518316732e+20,-8.8266905422763537e+20,38.2,2.6919388530236347e+21,2.7797765512062348e+22,39.4,-2.8035526157339228e+23,39.6,39.8,-3.5822859028018959e+24,40.1,40.2,6.5047855457301713e+25,24.0,-6.2261211822406952e+25,-4.6931583832594092e+26,21.1,3.8889856260129774e+26,3.6480404870497228e+27,21.9,-1.2501003901111051e+28,-1.0432175234891539e+29,29.9,-4.3788682801223341e+29,-6.2495470222921196e+29,28.8,9.9855914538535477e+29,3.4424031041409623e+30,33.6,-5.607598234697419e+31,-2.8180131159889556e+32,35.2,3.6073333068597468e+33,36.8,37.5,1.7151206341218643e+33,38.4,38.8,-8.2538151880091191e+35,39.6,5.5242291184659481e+34,7.995294376371839e+36,41.1,-9.9439370310749807e+36,-2.0458930775414225e+38,41.8,1.3357671621923328e+38,2.5860707806534001e+39
36.6,70.567376454662124,37.3,37.4,-925.52395538563883,37.6,37.8,70916.817679385233,38.1,-442297.69012878649,-139760.67063237762,38.6,-3208305.0162544437,27.7,26.8,25856546.389752619,23.2,22.4,-172815104.76080608,21.3,20.9,1470906535.255069,20.5,20.2,23321070792.862808,20.3,23.5,-1189436433318.168,27.6,28.6,73259141229633.672,31.4,-830661387098573.25,-1881671269642997.0,34.1,10072371008737734.0,34.8,35.3,-9355257301597936.0,35.6,35.8,-5.6657473375688134e+17,36.0,36.1,-3.4947052377034015e+18,36.2,36.4,2.225736610031233e+19,36.8,36.9,-1.1550274257740539e+21,37.6,38.3,7.6906296558177558e+22,38.7,38.8,-1.8272272051037589e+24,38.9,6.8088632038348434e+24,-1.8931166654259942e+25,35.1,1.0694251336933819e+26,25.9,24.0,-7.1804140099492677e+26,23.5,22.7,4.6797888795416248e+27,24.7,26.7,5.9845278970140095e+27,29.2,28.3,-8.3180012193035747e+29,30.3,31.5,1.4468717665523206e+31,32.8,33.7,-1.0020071784856944e+33,35.1,1.0910517203026024e+34,1.3455128831171646e+34,37.4,-5.4575096011096461e+34,38.2,38.3,-5.4549214509548659e+35,39.1,39.6,7.2608391564257561e+36,40.3,40.3,-7.1802730429038479e+37,41.2,41.6
38.73,88.881998802755817,38.3,38.5,-1122.7547778781332,38.9,17004.364281040005,86764.104178787689,39.4,-573581.13201264478,39.9,40.0,-5285202.333430754,25.3,24.3,39185273.595151454,20.4,19.0,-275813653.43981665,17.5,17.1,1559507540.3555398,16.3,16.5,35290294451.506241,16.7,20.4,-1578615024565.8857,25.4,26.7,91916227875942.937,30.4,-1240155898754033.0,33.1,33.8,14216287764157000.0,34.7,35.0,-44085488716151288.0,35.9,36.2,-7.4181404038700762e+17,36.8,36.9,-1.6347152777113421e+18,37.2,37.3,4.6459601421516898e+19,37.7,38.4,-1.1712261701863914e+21,38.7,39.6,9.6232756563234213e+22,40.0,-1.3993801391781271e+24,-2.0987513329644234e+24,40.6,5.0165365066009584e+24,40.9,40.3,1.3075410252477653e+26,23.7,22.3,-1.0408781675698864e+27,21.5,20.7,6.9643086830380853e+27,24.1,26.0,7.017478544330841e+28,28.2,26.0,-7.3580271863325943e+29,26.9,28.7,1.58935011026653e+31,30.6,32.3,-1.3822785852296297e+33,34.3,1.5886080435065092e+34,36.6,37.1,-1.0808298111043191e+35,38.4,38.8,-7.2257276614144385e+35,40.1,40.9,1.0773069119004759e+37,41.8,41.7,-6.1035772894921829e+37,42.8,43.3
39.0,37.8,24.452835076160184,-324.87570058081974,38.3,2659.9847055863024,15619.38287672928,38.7,-100887.63590491519,38.9,39.1,-3154461.0908373632,32.5,-6698142.7978558037,31421224.97950438,22.3,35396736.49940341,-162001616.30900219,19.1,-134274488.67481583,4078177682.1778793,17.1,16404962847.372921,-1095701206.0533161,16.9,-122620674700.6521,-201958091850.72247,23.8,3362199501836.4956,22840371018761.914,28.4,-229851472993447.75,31.5,32.5,2275846957065830.0,34.7,-1864273364928405.5,86003897107926624.0,36.4,-6485569119494716.0,-9.3452437599182643e+17,37.2,-3.9229664097947474e+18,6.8688636324226673e+18,37.5,1.8053451581825485e+19,-2.9767965970673549e+19,37.7,-5.6634032595176246e+20,-5.0153686501209774e+20,38.7,2.1905477725370833e+21,2.7715332768470391e+22,39.3,-2.3669572425498219e+23,39.6,39.6,-3.9809357771884058e+24,39.7,39.9,6.8405497723985732e+25,26.0,9.3973520994986251e+24,-4.3997734208847643e+26,21.6,-2.6042902090671285e+26,3.3044133641694132e+27,21.8,-5.4799593391037071e+27,-9.1733945124394223e+28,27.7,-4.0806486561963563e+29,-4.1756511427861975e+29,25.5,1.1086893802769159e+30,3.5439916073938879e+30,29.7,-4.9283932725235382e+31,-2.5359105886065668e+32,32.9,2.9652410746544238e+33,35.0,36.4,-9.2502157726382527e+33,38.8,-1.139194990035155e+35,-7.7402816168033721e+35,40.6,-5.6463594532513136e+35,7.3822024062110531e+36,41.1,2.3370574960106994e+36,-1.877745052867002e+38,41.8,9.6489581938243007e+36,2.246558461475684e+39
39.1,39.6,36.636510662063401,40.0,-710.51189434986043,1047.1898789515471,40.4,63118.332025092466,-9863.3243869435464,40.9,352070.28386450128,-2209221.565586789,36.9,-3906673.7011567559,20211868.690127302,27.2,26387772.006340183,-138863784.78187546,23.1,77468417.818611085,3127654968.7230959,20.4,11960979897.679174,-4808121466.3030291,20.6,-67946371616.291107,24.8,-1062919580994.3145,2267470749964.7896,29.4,59230016471206.578,-97674975220276.656,33.6,-1487764846866872.7,-64476854265322.312,36.5,-3247555732875501.0,63321991749598032.0,38.4,43423885448699584.0,-6.4175261087806963e+17,39.1,-2.2687182308598221e+18,5.4079985732961772e+18,39.5,1.1823222345787154e+19,-3.5739210348973933e+19,39.8,-3.798385153434781e+20,-3.9477585282603378e+20,-1.2144774409303595e+21,1.9989944479018836e+21,41.0,6.2257820872450364e+22,-9.2814170145093906e+22,41.4,-1.6843401346038315e+24,-4.5492687045363064e+24,41.7,-2.772322789724698e+25,2.5382121738606758e+25,30.3,5.3016002192729143e+25,-2.7236695557570817e+26,26.2,5.1914234453044133e+24,2.7678824019427905e+27,25.9,-5.960114334416305e+27,-6.8856783067439299e+28,31.9,-2.960608903083346e+29,-2.2233055435014342e+29,28.5,-1.2504387968111745e+28,30.7,1.0869659341242498e+31,-2.9296361545102169e+31,34.0,-8.6818562203400408e+32,1.2355875705641993e+33,37.2,3.9263810781324769e+32,2.2938881886046113e+33,41.0,-7.8242068033507914e+34,-6.5039907841010948e+35,42.5,-2.7581224597341103e+35,5.9803675843048753e+36,43.5,-2.620724520033083e+36,-1.3911107972645777e+38,44.4,3.8442007634683642e+36,1.9484661904909608e+39
36.9,37.4,37.7,-149.08185171195436,38.1,38.2,11219.850351418714,38.5,38.5,-325814.64686537365,38.9,-2511142.2050047102,-7031578.3541921508,29.9,16872223.977959517,27.1,25.6,-128069638.26181178,23.0,21.9,2842306087.731945,20.2,19.9,-7387621573.6285362,20.1,20.5,-110934382665.30693,25.8,26.8,15643775340242.75,29.6,30.5,-833734652979479.25,32.8,33.9,7033003426065131.0,35.1,63312862251421504.0,36.1,36.3,-5.6213964087540371e+17,36.6,36.6,5.0993496265373399e+18,37.0,37.0,-3.9093866046420263e+19,37.1,37.3,-4.1982265012153719e+20,37.8,38.3,1.7475466164780728e+22,39.1,39.3,-9.3524469463860071e+23,39.5,39.6,4.7281273105650655e+23,40.0,1.4500333850681989e+25,1.3209003143598539e+26,29.5,-2.2285654064107727e+26,26.7,26.3,2.3122770274938975e+27,25.8,27.6,-6.1680711322035532e+28,30.7,30.8,-1.2071902668647473e+29,28.2,29.0,7.1876898833290479e+29,31.4,31.9,-1.7482040226289355e+32,33.8,34.7,1.0638188040709385e+34,36.9,38.0,-3.2299324542244239e+34,39.1,-5.9466272998719686e+35,39.7,40.5,5.2162036329903495e+36,41.7,42.1,-1.2285755201723785e+38,42.3,43.2,1.8854598214667244e+39
41.83,40.1,46.677068624106191,-231.72788125937541,40.6,950.76095767813592,13077.178199467748,41.2,-2718.7414309875458,41.5,41.7,-1294544.8467421713,37.5,31.1,31531676.621884618,27.1,24.9,-188161893.10680085,21.5,20.4,3658570115.1459317,18.8,18.5,-10828879736.463161,18.9,-84566479798.912231,-91966072762.586456,24.6,1723909115053.3735,18902924491434.086,29.6,-80510800005716.609,-979077102629376.0,33.5,816389667493573.12,36.6,37.4,54203875040078984.0,38.5,38.9,-7.5976545590150912e+17,39.3,39.5,7.0506746780033935e+18,39.8,39.9,-4.7640331101176807e+19,40.1,-4.7287985201912467e+20,-2.268165386037419e+20,41.4,9.4701866231704794e+20,2.2698937537069069e+22,41.8,-8.4326554044542864e+22,-1.0848633416218806e+24,42.2,-5.2757183564657241e+24,42.2,42.3,1.0660143010494502e+25,31.9,29.7,-4.0736317011650998e+26,25.5,25.3,3.991079694902286e+27,24.8,27.1,-7.637099233819433e+28,30.5,31.0,-8.4903252972814431e+28,26.3,2.0031720451061713e+29,1.0454440478701359e+30,30.6,-2.7476197674781811e+31,-2.0326730955553092e+32,34.3,9.290202702520564e+32,36.5,38.4,-3.0314324354077061e+34,41.2,41.7,-7.0662934738624493e+35,42.6,43.8,7.902287999893268e+36,44.6,45.1,-1.596889114378133e+38,45.4,46.3,2.1636389116813255e+39
39.43,37.9,38.3,-212.67055469676603,38.6,38.7,10330.034092624326,39.1,39.3,-375428.53816798551,39.6,39.8,-2456324.9489432322,28.4,27242629.005952522,28827119.627896983,25.2,-158219347.48933253,22.6,21.8,3291363073.7184343,20.5,20.1,-13102259691.554514,20.0,20.3,-69499185455.273773,25.6,26.8,15205823660511.967,29.4,30.7,-739568292688221.25,32.8,34.1,8799877551875184.0,35.7,63634429583826192.0,-17540530475526944.0,36.8,-7.0644339617073958e+17,37.2,37.3,7.1345152955699896e+18,37.5,37.5,-4.0412611392715039e+19,38.4,38.5,-6.4203026766141276e+19,38.9,38.9,1.9225628478865488e+22,39.6,39.7,-8.448621771545426e+23,39.8,39.8,5.8911604590282339e+24,39.9,35.3,8.3297155230416436e+25,28.5,-3.6194517543549298e+26,-7.4910856823764464e+26,25.4,2.9724307833767712e+27,24.5,26.8,-6.842772180444525e+28,30.2,30.5,-2.5221596482181325e+28,28.1,29.2,1.4708956740059689e+30,31.3,31.8,-1.613443039289361e+32,34.2,34.7,9.5215332566704412e+33,37.0,38.7,-6.3244800609499267e+34,39.5,-6.4186381050067916e+35,-5.6723514411163893e+35,41.0,6.4910095962418568e+36,42.2,42.7,-1.4616029055520083e+38,43.0,43.8,1.9143401866044666e+39
41.53,40.0,52.663069368512829,-196.95321330412938,40.7,1244.2410793798581,41.1,41.3,-23150.448688333767,41.6,377248.0759902306,-2917227.2927089259,37.4,-2654266.3000049228,22584449.268468592,27.0,23188047.934177231,-155206238.90495452,22.3,-101560664.09496316,3427834516.3821821,19.8,14828617268.136589,-8621699629.0891457,19.8,-76372290670.584274,-99882355122.759415,26.1,1468374694044.6104,17041886212590.432,30.7,-115387297256482.94,33.6,34.7,-311405741686972.62,36.8,-3295552996742006.0,78089838849929056.0,38.7,21114148082416976.0,-7.5562417333791667e+17,39.5,-3.0128062562086093e+18,6.4712784666477076e+18,39.9,1.2535887334643728e+19,-4.6334044481050206e+19,40.5,-4.6577052688306923e+20,-2.828634206459728e+20,41.8,-1.6246986906361004e+19,1.9595111804550657e+22,41.6,-1.1078848317900979e+23,41.5,41.5,-5.1526238784988247e+24,41.5,-2.7691504844608864e+25,2.4740144683599765e+25,30.2,7.8108109041968843e+25,-2.4349451699731088e+26,26.3,-1.3856553706435645e+26,2.7774012905379029e+27,25.6,-2.6064967646474425e+27,-7.2606208127865184e+28,31.3,-3.427389752729366e+29,-1.5968765973712539e+29,27.6,-1.2580102848815999e+29,9.0504677823155067e+29,31.7,-2.5255549291003627e+31,-1.865575025965099e+32,35.0,1.4707784465521937e+33,37.5,38.8,1.3882153695974571e+34,41.5,-7.6857774405984975e+34,-7.4992162786411887e+35,42.8,-1.2728829248241455e+35,6.7036396934355591e+36,44.8,3.3854237520944927e+36,-1.51034948389072e+38,45.7,-3.9209407678175213e+37,2.1852999933581768e+39
40.53,39.2,39.5,-211.52906728773524,39.8,39.9,10767.194478815118,40.3,40.4,-358325.27198257338,40.7,40.9,-2327605.2628346281,30.6,28.7,8444029.0908004083,26.0,24.8,23.7,22.8,21.9,21.4,21.1,-4009408816.0488458,21.2,21.5,-69471135728.290497,27.1,28.4,15715453219623.734,31.3,32.3,-805157695318248.87,34.8,36.0,7361096882416904.0,37.6,38.1,-43491206376989192.0,38.9,39.0,-1.0271270558701912e+17,39.1,39.1,39.3,39.4,-3.3078750311285146e+19,39.8,40.1,-5.2734946801443561e+19,40.5,40.5,1.9721966177912107e+22,40.6,40.6,-8.919682574038706e+23,40.6,40.6,6.2957920106585823e+24,40.7,37.1,9.0059273353077929e+25,29.3,27.6,-4.3373491554471366e+26,26.2,25.5,25.9,27.7,29.3,31.1,31.8,-2.3700129180986665e+29,29.1,30.3,1.4401594217481201e+30,32.7,33.3,-1.6565240967475986e+32,35.7,36.3,1.0553885451758461e+34,38.9,40.1,-2.7920624889555145e+34,41.2,41.5,-1.423308437076849e+35,42.7,43.4,43.5,43.7,43.6,43.9,44.2,1.9413463166642747e+39
40.1,77.757210560827261,39.2,39.3,-780.34726045784316,39.6,39.7,64730.351002683936,40.0,40.1,-84532.915673103533,40.5,36.0,-7093743.2008650126,27.3,-2100629.3865660825,45600555.479410663,23.7,-30233717.828741994,-164232129.31682459,20.1,-2493153726.4479594,14871573261.051437,18.7,38338264224.938179,19.4,22.5,-1020327468814.7749,27.0,28.4,62207625456361.695,31.9,33.4,-2054963399299962.2,35.8,37.3,5779096446311974.0,38.3,-93809068844918400.0,-21624454360588864.0,39.4,2.3941421616528586e+17,-3.5611108824183854e+18,39.6,-9.7375437196012667e+18,1.0370971385456763e+19,40.1,7.1599160296455086e+19,40.7,40.8,-4.9397951349756317e+20,40.9,40.8,6.5153111790957017e+22,40.7,40.7,-1.6216183665253163e+24,40.6,40.6,-1.8920224517017841e+25,36.7,28.8,2.056966898549114e+26,26.2,-3.1920883304108055e+26,-8.0137707116023267e+26,24.2,1.6424602166963072e+27,-1.5729751154977275e+27,28.6,1.0807217234723269e+29,-3.1971545648000978e+29,28.5,-7.2847302182067659e+29,29.0,30.1,1.2630958621896211e+31,31.8,33.9,-9.0737236723275794e+32,35.7,37.1,1.2130956554643906e+34,40.8,41.7,-1.1038007202980061e+35,42.3,1.2495944586440551e+35,-4.9429463632886801e+35,44.1,7.6042728718316855e+35,4.9191105381991505e+36,43.6,1.1524105709319021e+38,-1.7302873318018523e+37,44.6
38.6,59.386027411934876,38.0,38.2,-241.27747683612915,38.4,7286.3512685272435,38.7,38.8,-247092.12197604647,39.4,39.5,-1678547.3129333293,31.4,30.2,4035493.0736022745,29.3,27.5,-50545787.706532165,26.3,26.4,-413017148.2088874,25.5,24.7,11828446152.369801,26.3,26.3,-467810738313.67871,29.3,10813600104330.486,32.1,32.8,-555066039370290.25,35.7,36.8,4730309377788096.0,37.1,37.6,-14070366482301372.0,37.7,37.8,-91342800244459520.0,37.7,37.7,-2.0892173212845348e+18,37.7,37.8,1.2292139735663329e+19,38.1,38.2,-4.6593890061429847e+20,38.6,38.6,1.9842528835438471e+22,38.7,-5.9916011910293991e+23,38.6,38.7,5.3867436772760444e+24,38.9,36.6,9.1095272596566097e+25,31.2,29.3,-3.4464218719418631e+26,27.8,26.9,9.2591875152177289e+26,29.0,30.0,2.0316431157532174e+28,32.2,31.2,-3.9747310387273606e+29,31.3,32.1,6.1458888267007714e+30,33.9,-1.1110766088454908e+32,36.1,36.7,7.3710626805678511e+33,39.2,39.8,-3.6005508532304634e+33,40.3,40.2,-5.5201843866025164e+33,40.6,41.1,1.0532421388527329e+36,41.2,41.1,1.3448763145462037e+37,41.7,41.9
40.5,40.1,102.30339006394279,26.778208713766116,40.6,1645.4382753223545,3838.0362596986806,41.0,-94864.183287898399,121837.31049801942,41.5,-5657047.3300141953,37.1,30.9,2474172.9342305884,35.3,35.3,-66847222.403320268,33.3,32.1,1381295397.8780591,30.2,29.6,-15919339676.02091,29.6,30.4,-120687580117.67192,33.4,478256079377.90802,2253749445656.7285,37.0,-203780794398553.19,-177644871228722.31,41.2,-1806938053000424.5,-3467437663187979.0,39.5,1.0073565537923851e+17,40.2,40.3,-5.9065631491847206e+17,40.4,40.4,5.3643552698835763e+18,40.5,40.4,-5.8917063134726603e+19,40.7,40.8,-6.3513584585905354e+20,41.1,-1.547231729124213e+21,-1.8301129292396196e+21,41.2,-1.5861361558586531e+23,-3.0197769949696824e+23,41.1,7.1364410909709237e+23,-1.440661847589469e+25,41.3,6.8875238628393348e+25,31.4,37.0,1.0141505953442366e+26,37.0,36.8,-1.3068991768009811e+27,36.5,37.5,-2.8137055463308468e+28,39.0,39.0,3.63040386897143e+28,36.3,36.0,-6.0166875072325477e+29,38.3,-7.2608823718231551e+30,-4.1850956909123505e+31,41.2,2.8970609514856022e+33,1.3243414847151993e+33,43.3,1.214355135359998e+35,-6.0146919064001252e+34,43.0,-4.4744547230028921e+35,43.2,43.4,1.9616582448577946e+36,43.8,43.9,-7.0873045264913957e+37,44.0,44.3,1.9396431801718083e+39
40.4,49.685365461385864,40.4,-113.15797197340783,-311.71233097961056,40.6,1131.867436617847,40.9,41.0,109882.02361765005,41.3,41.4,3913275.1880553206,31.7,30.9,6172802.4826044012,37.0,36.0,-88388709.184727743,34.7,33.8,-1142605960.341063,32.6,32.8,27721963634.327858,34.2,35.0,-522551099029.55432,36.7,2905141092828.0469,39.2,41.0,73283766546966.203,42.2,41.7,1323683960930222.2,39.7,39.8,-1.613889373862503e+17,40.0,40.0,5.3660643515363814e+17,40.0,40.0,-8.2618781021275873e+18,40.1,40.2,1.058957088051937e+20,40.4,40.6,2.3738615994543099e+20,40.7,5.3984844085228911e+21,40.8,40.8,-5.4038703589396656e+22,40.8,40.8,-6.236639091130125e+24,41.0,37.5,-1.4668991785757069e+26,37.2,36.4,-3.3644880150600078e+26,38.5,38.3,5.3534546122223364e+27,39.7,40.1,8.3736334144782346e+28,41.3,39.7,2.6262866005432436e+29,38.2,38.7,3.6141470847420173e+30,39.9,-3.1314826698716092e+31,43.0,43.9,-1.8153741996052178e+33,43.4,42.9,-1.6694309775156645e+35,42.6,42.5,4.1442088175087453e+34,42.8,43.2,3.838367374907668e+36,43.1,43.0,8.3178066182224033e+37,43.4,43.9
41.23,42.0,81.058169435134303,11.569616597106972,42.1,2515.0918686192622,42.2,42.5,-133509.69773524386,42.6,1301520.3718217516,-5441854.7634512819,37.9,10329686.40917011,8160194.0880108895,35.8,-49760744.910502784,-69865181.333292991,34.2,378175956.38696367,1592762350.4086726,31.5,1415507249.6170788,-13488431711.257,31.6,49689082412.100601,-83089634570.766083,34.8,1333795519305.7178,36.7,38.3,-257409138723218.06,41.3,-108938623151230.47,145378112362587.75,40.7,-12835798809165140.0,99936947774523696.0,41.2,-1.7884737697446886e+17,-6.9446496008326912e+17,41.5,6.3245036168737062e+17,6.3982201890361037e+18,41.6,-1.9216880983388832e+19,-7.1576515073162297e+19,41.9,-4.914202450327339e+18,-5.9479931362096474e+20,42.4,-4.5707824947420647e+20,-2.011106619610616e+21,42.4,-2.3423997141749207e+23,42.3,42.4,3.2903011164813904e+24,42.4,-4.8414376529282211e+25,7.9389247655711049e+25,31.1,-2.2003567499881467e+26,-7.8275334197029762e+25,37.8,1.5971102222031719e+27,-1.1289738930220883e+27,37.8,-4.1467403691365138e+27,-3.2383867780144327e+28,40.3,5.2698087380324086e+28,2.6959955391973593e+28,35.9,-1.842415173962264e+30,-1.9264974056132893e+30,38.6,-1.6396995679547951e+31,41.1,42.3,3.5066525627301498e+33,45.4,-3.1841612585914789e+34,1.0787602647953791e+35,44.1,-2.6760134042064742e+35,-5.386925471037911e+35,44.2,2.5540147294876432e+36,2.2641025708645073e+36,44.8,-1.1304656079515136e+37,-7.7821243802315538e+37,45.0,2.6737970656995018e+38,2.1708307970917928e+39
40.8,41.4,78.379992937240416,-18.739414772436728,41.6,1645.7569729319557,3294.1567827640069,42.1,-64931.455472810558,42.1,42.4,-3559665.2362713884,38.4,32.4,7737976.6395267472,32.8,31.7,-69028515.568480954,33.2,317351048.93413889,1640659561.3669317,33.5,155352190.48354578,-13536891348.129145,34.1,18854223183.134983,-39127266325.814377,36.7,941743433008.49634,4176925860247.939,39.4,-152535795582204.75,40.0,40.2,-799372730923735.62,40.4,40.3,68980894998138728.0,40.9,41.0,-5.0207859092076557e+17,41.1,41.0,5.3838627304720476e+18,41.2,-1.4122999444884214e+19,-5.6097168899769287e+19,41.3,-5.840526041719885e+19,-2.4507547587512995e+20,41.5,-2.1729068064265051e+20,3.5085725836199823e+21,41.5,-1.5318342049221477e+23,-2.589593013744583e+23,41.4,5.531543681087412e+23,41.3,41.5,5.8628876060191401e+25,31.8,33.2,-6.2938313444347136e+25,36.6,37.9,-6.821203698327044e+25,39.7,-5.5454142476305673e+27,-3.2546321000735138e+28,40.6,3.382203596807434e+28,1.0137714029740648e+29,39.3,-1.1008806954128413e+30,-1.2511132619248527e+30,40.6,-1.3270123320706195e+31,-4.803778218649496e+31,42.4,1.9382856106965929e+33,43.1,43.5,5.6550899271110884e+34,43.4,43.3,-3.93181879326684e+35,43.6,43.8,2.4469224223089315e+36,44.0,44.1,-7.2110540444013677e+37,44.2,2.7381895792029952e+38,1.6246707606971981e+39
38.93,39.3,127.71527581485388,39.5,39.5,-95.737391586839323,39.7,17412.020705209827,83071.128861295787,40.0,202996.91949578936,-2716146.7058087396,36.4,725247.84177637938,22050813.473605379,26.3,-212405.02372271381,-193275023.9331924,27.8,-210442591.44149962,2499318902.0150757,25.8,6776868722.4395866,-36507579038.587334,26.9,23608253585.972248,73727704916.845917,30.0,-1227844379170.9124,32.0,11213149970406.381,8441928117774.418,37.0,-2651226265910483.5,-4572244218124509.0,37.7,3090117568442939.5,69274061513372248.0,38.5,-73570826211394576.0,-7.2280481416336422e+17,38.8,-2.0485820618028782e+18,1.0621676177911761e+19,38.9,-1.1778475807606557e+19,-9.2776552039182975e+19,39.2,-2.0012982652429051e+20,3.7386658969258484e+19,39.6,-3.6980861900776276e+21,39.6,5.9183168136569422e+21,9.9002779638616084e+20,39.3,-3.2301391610262013e+24,-6.3523182597570577e+24,39.3,-1.7534026934542073e+25,1.7531807697915832e+25,29.5,1.3134598160626208e+26,-1.4567272561735119e+26,32.9,7.4415330094925159e+25,2.1220420012858042e+27,33.1,7.483629733691911e+27,-3.5110322214790052e+28,36.6,-1.0648234310637628e+29,6.8619603037151604e+29,32.0,-2.438014235476234e+30,-3.6501179505146306e+30,34.2,9.5053449328124096e+30,36.1,-2.914635258381313e+32,-3.6185255042939357e+32,42.0,1.4214176520275061e+33,4.2763917626072795e+34,40.9,-8.6549847983780377e+34,-6.4987605025443529e+35,41.5,8.609219308821362e+35,6.7873101644211022e+36,42.2,1.1601902632824756e+37,-1.0081508066723105e+38,42.4,-5.1578425722094898e+37,1.9053383501183227e+39
39.7,40.7,40.7,-35.541486680483878,40.7,40.7,3711.7025787591383,41.0,41.0,37544.809487738385,41.4,41.5,-2702230.5825033011,31.9,30.6,23798151.227582626,29.1,32.2,32.7,31.5,30.9,30.4,30.2,-24727223906.370277,31.1,32.1,-8110280406.1176834,34.0,34.7,5413024338347.8613,36.9,38.1,-166981949271432.81,39.2,39.4,229590067912310.5,38.5,38.9,-48055844716162144.0,39.2,39.3,39.3,39.5,39.5,39.6,39.6,-6.5156911599184658e+19,39.8,39.9,-1.229917888188851e+20,40.1,40.1,5.6090451193696669e+21,40.0,39.9,-2.8590148186147615e+23,40.0,40.0,-4.2047946726770044e+24,40.2,37.8,-2.0926413349689121e+25,31.6,32.2,-5.9046246449462932e+26,35.9,35.6,36.0,37.3,37.4,38.7,38.6,3.4382207205847855e+29,36.4,36.2,-1.5513089065968304e+30,38.1,38.3,-5.6901141123331108e+31,40.5,41.6,1.4821137350891843e+33,42.5,41.2,-7.0269118146074791e+34,41.5,41.5,-4.8735590156934981e+35,42.0,42.5,42.4,42.5,42.5,42.7,43.0,1.7401191162025401e+39
39.1,39.9,40.0,-41.454198321823498,40.1,40.2,11218.969318911881,40.5,40.5,-233538.40555243555,40.9,41.0,-10112724.061764125,29.1,26.9,21298561.595919497,22.0,28.4,30.7,30.0,29.4,29.4,29.6,-19081910781.116817,30.9,31.9,-67114871019.567017,34.2,35.5,13905181100995.207,37.4,38.1,-884376321633728.12,38.8,38.6,-493524033318426.5,38.0,38.6,19868696369185412.0,38.7,38.8,38.7,38.8,39.0,39.3,39.3,-9.2790624920051794e+19,39.5,39.6,-5.3130200620436691e+20,39.7,39.7,1.2013976507933671e+22,39.8,39.6,-9.6360374826680417e+23,39.7,39.7,1.3330343946931479e+24,40.0,35.2,8.7358322075566206e+25,24.2,25.3,-3.6988560410314485e+26,34.2,33.8,34.9,36.7,-7.7165887742590389e+28,37.9,37.6,1.4440241100022803e+29,35.9,36.6,-2.7106619548486307e+30,38.7,38.7,-1.5161103591782201e+32,40.9,42.0,1.1527425804738169e+34,42.3,40.2,7.7138732273530829e+34,40.7,40.8,-7.4579588813675831e+35,41.6,42.0,42.3,42.4,42.5,42.6,42.9,2.7003065591297185e+39
39.8,53.844408067999915,40.6,6.8780077268187085,40.7,40.8,8330.1790335401583,41.2,41.2,-168103.09489108995,41.5,41.6,-8106516.1746061835,28.1,25.5,35232816.445667133,21.6,25.6,-416761987.46007574,26.1,25.3,3132026582.9246917,25.6,26.2,-23387981215.049381,28.6,29.9,-1231460943059.5232,31.9,7434858396452.959,34.3,35.7,-626457635895624.5,37.5,37.8,-790585412671047.0,37.9,38.6,33407306805317124.0,38.7,38.7,-1.1332688219722312e+18,38.9,39.0,3.7822471459227781e+18,39.3,39.4,-1.0316088077065583e+20,39.7,40.0,-2.0633189276819013e+21,40.0,3.9085378873869211e+21,39.8,39.7,-7.1075610549782106e+23,39.7,39.7,-1.0618671619035837e+24,39.8,33.7,7.6842123460240546e+25,24.1,24.9,-5.8887282391725722e+26,31.4,30.6,6.2951311583893168e+27,34.6,34.6,-5.9230994578984055e+28,36.0,34.4,4.5228105657044194e+29,32.5,33.7,9.1861951608922835e+30,35.0,-9.2387933251391496e+31,38.7,40.0,7.8897681826498811e+33,40.7,39.7,7.5385961642517104e+33,40.2,40.5,-1.0159807144209905e+36,41.8,42.2,1.397065295037706e+37,42.6,42.8,-1.2599420431425979e+38,43.1,43.8
41.7,42.2,92.90690011235877,-35.084799310074494,42.3,1256.8127028848266,12713.815411769025,43.0,58540.222625447095,43.0,43.2,-1980195.3610481683,37.9,29.2,31646546.36060692,24.2,22.3,-328192678.5431245,29.2,28.0,4135088892.3332052,28.4,2036468658.1602521,-22159831949.746113,31.3,-28301175996.807999,-85420157268.64592,34.1,566604640987.72803,14618109781504.518,35.9,-46609979139359.82,36.5,37.5,-3014778168168045.0,37.8,38.4,67660646999698256.0,39.8,39.9,-1.0140484547379971e+18,40.2,40.3,1.094462304971121e+19,40.5,-2.3862762709518356e+19,-1.112478160788973e+20,40.9,-3.8126362722991853e+20,-7.3093148835420111e+20,41.5,-2.5204391432049231e+21,1.1299559927091313e+22,41.4,-9.4854836303559421e+22,-1.0818271149479623e+24,41.4,-5.9192586230047673e+24,41.3,41.5,-2.3793711659881992e+25,27.2,24.8,-6.6457973446067423e+26,35.2,33.0,5.7861383174893817e+27,34.3,36.7,-7.8451561457679992e+28,37.9,-1.7829313763991275e+29,1.1900040938511181e+29,35.3,-2.5478890532718028e+30,-3.6437177868727029e+30,38.0,-9.122088343915118e+30,-1.6522598815381329e+32,38.1,4.5556136551841882e+32,39.5,40.1,7.68636305456208e+33,40.7,41.0,-1.1447375387364367e+36,42.2,42.8,1.1649421263899675e+37,43.6,43.9,-1.7149742454085649e+38,44.2,5.7458007230567932e+38,3.1484859472195005e+39
39.9,41.512914337945134,40.6,49.970825978887447,40.6,40.7,8384.7262710467585,41.0,41.0,-131945.50224262761,41.5,41.4,-10863800.761062756,28.5,26.7,70649747.979234278,23.8,26.3,-688837684.33866203,28.8,28.4,9208158536.9124279,29.2,29.4,-32322722181.650993,31.3,32.6,34.1,35.4,7779173915077.9072,37.2,37.3,-642212413924707.12,38.0,37.9,-3763383295965080.0,37.6,38.1,1.5337094182851155e+17,37.7,37.7,-2.3023592607904893e+18,37.8,37.8,1.3022043348556429e+19,37.9,38.1,-1.5111772456018195e+20,38.3,38.5,38.5,38.5,1.9276175804077556e+21,38.5,38.5,-7.2938747645952843e+23,38.6,38.5,-8.1781529143937668e+24,38.6,34.4,6.5084699389694542e+25,26.0,25.3,-1.0497822107237354e+27,32.4,32.0,1.1605131342982809e+28,35.7,36.1,-2.0752548562274511e+29,36.9,36.0,1.0795783081407233e+29,35.9,36.7,38.4,38.6,-1.0218139920902414e+32,40.5,41.3,8.1370276093048027e+33,41.1,39.4,4.4837464442917803e+34,39.2,39.3,-2.2398521335763919e+36,40.3,40.7,2.5456730708497072e+37,41.1,41.2,-3.952255773157604e+38,41.6,42.9
41.7,76.811740039477314,42.1,-62.310331929869776,42.1,42.1,20952.860500901632,42.5,42.6,-586396.91304375709,43.1,43.0,-18942101.64904809,29.3,27.6,61564194.337115765,26.2,34.0,-748882566.91888702,34.4,34.6,8731477743.444355,35.0,35.2,-28669892720.840122,35.1,35.0,33.1,33.0,23802716439959.836,33.9,34.4,-1809224565351663.2,39.9,39.7,3926927277523210.0,38.7,39.3,2.5218902216600707e+17,40.1,40.1,-2.5646079864432041e+18,40.2,40.2,1.7635567612517399e+19,40.4,40.7,-2.868538171124917e+19,40.9,41.0,41.2,41.1,1.8443165528702625e+22,41.1,41.1,-1.8049648600395022e+24,41.1,41.2,1.9653970092234813e+24,41.4,36.0,2.89466166326859e+26,26.7,32.0,-9.129101539429612e+26,37.3,37.7,9.3379629292912546e+27,39.2,39.4,-1.1883275923586746e+29,40.4,39.8,38.6,37.9,7.7866182310273428e+28,35.6,34.1,-2.8081366642478204e+32,33.8,34.7,2.4379137026975192e+34,39.8,39.3,1.845520701218573e+35,40.5,40.9,-2.2501850499152318e+36,42.1,42.4,2.491380863100545e+37,43.0,43.1,-3.9296735193080162e+38,43.6,44.1
40.9,50.843060861670743,41.1,-4.0691504683669599,41.1,41.1,14297.629140079325,41.6,41.6,-327713.24422570999,42.0,41.9,-15815049.514855616,28.4,26.6,67546671.442652091,23.8,30.4,-814815017.29515326,32.3,32.1,9286943217.0847645,33.7,33.7,-33727901269.007759,34.9,35.9,-1209425076923.9238,37.6,15406157644390.453,37.7,37.7,-1145681370639358.0,38.1,38.2,-1435673430188966.0,37.4,38.0,1.8723225673789062e+17,38.3,38.4,-2.4497502844568535e+18,38.4,38.4,1.5623663661817344e+19,38.6,38.9,-1.0792059633216904e+20,39.0,39.2,-2.9819931054876708e+21,39.2,8.6723504104227838e+21,39.4,39.4,-1.2248030424235997e+24,39.5,39.5,-2.9423357884497606e+24,39.5,33.9,1.5233174009883679e+26,24.8,28.6,-1.1545396708148743e+27,35.6,35.5,1.2098189866038891e+28,38.7,38.9,-1.5099114169649169e+29,39.6,39.3,3.2767693179822717e+29,39.4,39.8,1.0403439733358783e+31,39.7,-1.8154324172653351e+32,39.9,40.0,1.5080925604681404e+34,40.5,38.4,1.0421147660392046e+35,39.1,39.3,-2.2826844778980097e+36,40.1,40.4,2.7279818519757996e+37,40.9,41.0,-4.0067284162827499e+38,41.6,42.2
41.2,54.789473802357442,41.3,41.2,-319.3116048434884,41.2,41.4,32108.805142588699,41.8,-317606.88725979428,1736170.3671132452,42.1,-14459415.52761407,14448015.253189171,27.4,50556290.048776336,24.7,31.4,-688267534.42528605,33.5,33.4,6915462117.2263002,35.1,35.2,-15117648429.441822,37.2,38.3,-1012870753690.923,39.9,40.0,35276897332065.711,39.8,-1191724149788883.5,10362678051320.707,39.4,447876254149225.5,-31319385258422460.0,38.7,1.025699217632551e+17,39.2,39.4,-1.6877204948254211e+18,39.4,39.4,8.5883508420489779e+18,39.5,39.7,-2.7034747069019152e+19,39.9,39.9,-2.4508908409037914e+21,39.9,39.9,3.2087142608157691e+22,40.1,40.2,1.3724582149856083e+23,40.2,-3.3414938165407374e+24,-1.5109423156007807e+25,35.3,1.2857841954464712e+26,25.9,29.8,-8.3059647942427858e+26,36.4,36.5,1.0901484116178046e+28,39.7,40.0,-6.1313920579447004e+28,40.9,40.5,3.2559212795620733e+29,42.0,42.5,1.0228459573715348e+31,42.3,42.8,-6.4801903507780875e+32,42.6,1.5595239155616001e+34,-3.82226669419761e+34,40.1,7.1580248488361866e+34,3.6956469652374596e+35,40.6,-1.6921167569367498e+36,41.1,41.3,2.2662664799315331e+37,41.6,41.7,-2.8147689286418444e+38,42.2,42.5
43.0,88.604842044035209,43.2,43.2,-560.84155880259482,43.2,28496.813455644962,43.7,43.7,-911272.31952779286,44.1,43.9,-28858778.318569656,30.2,28.1,85267692.464193642,26.0,36.7,-1056466453.9052135,36.9,36.8,13358017956.129276,37.4,37.6,-43471656758.481682,38.8,38.2,-1334303151729.2219,37.8,37.6,56368004000126.805,37.8,-2499659393199694.5,41.1,41.8,4730518581707075.0,38.8,39.7,4.2716843376787469e+17,40.5,40.6,-3.9412411966211082e+18,40.6,40.6,2.7979290447471096e+19,40.8,41.1,-8.2042551786099229e+19,41.3,41.4,-3.5312104341434112e+21,41.4,41.5,5.019801061009577e+22,41.6,-2.4616304230670547e+24,41.7,41.7,5.2812722505953028e+23,41.7,36.0,4.5894167259413576e+26,26.6,33.1,-1.2475648144446165e+27,40.8,41.4,1.2346262008879295e+28,43.1,43.4,-1.7072577065834504e+29,44.5,43.9,2.4400412067073006e+29,41.8,40.8,1.7189259259691747e+31,39.5,-3.8176900519919714e+32,-1.0734298010933186e+33,40.1,3.3771344157607358e+34,42.6,40.7,2.9244537413918676e+35,41.5,41.7,-3.3399842010963257e+36,42.3,42.6,3.5313851907306136e+37,43.1,43.1,-6.1241654539501361e+38,43.6,44.1
42.4,80.336675460708847,42.5,42.4,-895.4541014104027,42.3,42.6,33370.515606399778,42.9,43.2,2112760.5152275213,43.2,-10838987.491881624,-1175020.7569843577,29.7,47534904.218052536,-54153617.146160826,36.1,-475307549.12995017,-816891260.74664974,36.7,4593352783.2484093,36.5,37.5,12592781972.770445,38.4,38.8,-899770514901.53833,39.3,38.8,78198930739369.719,39.1,39.9,-102514842417270.8,40.7,37.1,-43558899340819640.0,38.8,54548579582785968.0,1.7682752121225526e+17,39.8,-1.1740338132029258e+18,-3.6321418991683282e+18,39.8,7.0383965881800192e+18,40.0,40.3,9.2902572814415069e+19,40.4,40.4,-8.4871366154032421e+20,40.5,40.6,7.9016503638393375e+22,40.8,40.9,7.1552393839736619e+23,40.9,40.9,-5.02885011316144e+25,36.4,1.7249196002661338e+26,-7.6728593938778251e+25,33.2,-6.3779406554399563e+26,1.5714161216344817e+27,40.9,8.5959165577720726e+27,1.1938428931939947e+28,42.5,7.5125244121070732e+28,43.2,43.1,9.2411577941469231e+28,42.8,42.5,1.3423748450286621e+31,41.7,42.1,-1.0364774311768564e+33,42.2,42.9,-3.9312726506517391e+34,40.1,40.5,1.9149747396896405e+35,40.7,-1.022151898774715e+36,9.7940974568054762e+35,41.5,1.6586799781353373e+37,2.7541634548706934e+37,41.9,-1.8172061296590992e+38,42.3,42.6
46.9,89.475817250401803,138.55619575115355,46.5,-1420.4864516448467,2454.0248300316116,46.7,45326.882117699839,47.1,47.8,2380388.1028217198,47.5,41.5,-15206041.978977317,29.5,27.8,4555361.0558521207,37.5,-316389670.74741948,-1948496343.6250129,38.6,2286175088.4539781,17175888057.587605,39.0,42386148864.539497,-93965514392.763596,37.8,-861221195007.90967,-751137593653.20605,37.3,127795130975057.7,-281541658451508.62,39.2,-771567766785031.0,41.9,38.4,-49955895125503912.0,41.0,41.7,2.7088777207349645e+17,42.8,-4.2844695763783046e+17,-6.1907842812551567e+18,42.7,-2.3468058912419085e+17,2.2314842780570919e+19,43.6,2.0130300310222235e+20,-5.4643014135376708e+20,43.3,8.7502649611443765e+19,-6.5808011523000768e+21,43.9,1.2987808804178391e+23,-2.2134478363311808e+23,44.6,-5.7733506009156922e+23,44.5,44.1,-6.7479499898119838e+25,39.1,29.4,7.7551342500972196e+25,35.2,43.0,6.8199889938065611e+26,42.2,8.1963744137263695e+27,3.5461178503961401e+28,41.2,1.7645640780083974e+29,-4.1533392479065071e+29,41.8,-5.7390105810025366e+28,-4.704693239935654e+29,40.8,1.5739302744025683e+31,-1.0222026330082726e+31,39.4,-1.4696306903155382e+33,4.4124714475836534e+33,41.3,-3.4910676839274568e+34,41.5,42.1,1.5032902748811925e+35,42.7,43.2,-3.3535276909615003e+35,43.9,1.2601415328173764e+37,6.9093855080797958e+37,44.2,-6.2946713128307871e+37,-7.6204090423505724e+38,45.2
43.2,43.6,43.2,-133.09524729735466,43.0,42.9,15967.631133802859,43.6,43.7,-400423.94976272475,43.9,43.7,-8090155.2749238843,29.7,28.1,107041844.60290758,24.8,36.1,-687402384.15790462,36.1,37.1,8581323616.2466002,36.2,37.1,38.1,38.7,-461046612154.92316,40.4,40.0,18422868169310.48,40.5,41.0,-1173720243767746.5,41.5,39.9,8901897119694349.0,37.6,38.6,2100508567644166.0,39.7,39.9,-1.9517969389512709e+18,39.8,39.8,1.0184814346387859e+19,40.0,40.4,40.4,40.3,40.3,40.4,40.4,1.2746539361062577e+22,40.8,41.1,-1.3494382471119397e+24,41.1,41.1,-1.9488384532846169e+25,40.8,34.9,6.7146496889591526e+25,24.6,31.8,-1.3354751658626385e+27,41.0,40.9,1.673585079788336e+28,41.3,41.5,41.4,42.1,42.1,42.8,42.9,3.9494655878739967e+30,43.1,42.9,-2.5472616030841922e+32,43.3,43.9,1.4177212630224788e+34,44.1,40.2,-2.2732540952722156e+35,40.1,40.2,-1.8743801203182776e+36,40.7,41.0,2.9168382840690647e+37,41.2,41.2,-3.2948197350851545e+38,41.4,41.7
46.0,46.3,44.478512716246826,-81.930805196144462,45.4,3885.9626443110315,45.8,46.1,-306847.22774564446,46.4,919016.84796956042,-4151857.3600388616,40.1,-13977944.119323807,-2360613.3632853548,28.1,4174764.3141673766,-84813131.348845527,34.2,-741766223.36641932,367922672.6292277,33.5,9812870677.6169643,-10598250941.733501,34.7,-90473205715.935715,-202032602988.81967,40.1,1326861932742.5017,3764509304365.5322,40.2,-402296751158066.25,41.0,-1231262458109240.0,1061383377753348.7,37.9,-16914727814260056.0,76511740631254320.0,40.4,1.6928236893764493e+17,-4.7280449115794989e+17,41.0,-4.3721779806339348e+18,-1.1246952214380206e+17,41.0,1.305216746456116e+19,-2.5298299218702623e+19,41.6,-3.6945310886402268e+20,-6.888756140791443e+20,41.4,-2.9872688533673471e+21,4.4354896960958339e+20,42.0,-3.317383060215414e+23,42.3,42.2,4.0253130552694799e+24,41.6,-3.5049504811382818e+25,9.7519512365017729e+25,29.4,2.3542434117905625e+26,1.0734894492481097e+26,35.9,1.8338311934174178e+26,-1.2930965540400305e+26,37.3,9.2916808476819432e+27,-7.3631848809126954e+27,40.9,-2.8848362155002344e+29,-1.308276068851678e+28,41.8,9.4824875934994007e+29,3.4753975840022352e+30,43.0,-2.8750326737049132e+31,43.0,43.2,5.7548637779825457e+33,44.0,-1.2176224725009151e+34,6.074499277273794e+34,41.0,-9.3101611073253001e+33,-3.0413323995513391e+35,41.4,1.7471361662142695e+35,2.7347120293744841e+36,41.9,2.2840604030143086e+37,-3.6487345737824774e+37,42.1,-2.7106657549582955e+38,8.505597169546387e+38
43.53,29.698276760464033,-75.052049385606196,-30.673201512667561,-1454.2889677815458,5538.3606448174496,2994.8196758836771,92363.208759878456,-392723.09158687457,-135067.38605132778,214717.7577143127,-4914636.8253408847,-1391632.729946583,-3077011.1152658248,-3133803.8332523019,81289518.611612275,-13348987.216375001,-43045066.526900008,-524187452.13764453,958765103.85263014,-77866347.885641336,7184255707.0285788,-1381907372.8338683,-13837249030.444365,-13399287127.416697,-49897936155.586319,-96463143968.316895,-1217956383504.2634,7853023581553.3848,776280281767.62598,109893712935856.12,-499145415774812.06,-107150741581908.67,-1201498035597467.7,6628865548024090.0,1935326283767371.0,3454330747121067.0,77772488762639152.0,56281210571144816.0,62891107848388472.0,-3.2811132645840838e+17,-1.8708863380716933e+18,-2.0982764588012707e+17,3.3340674640616525e+18,1.2285150780687716e+19,9.0208821431440589e+18,-5.1042886244708262e+19,-1.3525123836958741e+20,-4.8674100056864104e+19,-4.2808184471072965e+20,-1.7334971281780006e+21,8.8671764440863683e+21,-2.6247766392606048e+21,1.150864693557058e+23,-4.6003152999253985e+23,-2.3753939270865058e+23,-4.3800681221354774e+24,8.0797192919958218e+24,-7.6693023798202889e+24,-2.6462957481990606e+25,1.9109135517406931e+26,-2.5387589469025379e+24,1.0377464722323806e+26,-1.6461637941314193e+26,-1.4259712610292537e+27,7.2774027175010335e+26,-1.2221285488391972e+27,1.1951654141686124e+28,-2.2940892560699747e+28,1.7001137680412102e+27,-1.2192496716427432e+29,-5.8285533088516088e+28,6.4704301784029092e+28,-3.7131590738459371e+29,1.3667852044951147e+30,1.6802110986731305e+29,1.0540445602596586e+31,-8.2285802450531608e+31,-2.6838711674560551e+31,-1.4174291556537258e+33,6.9435548837897812e+33,5.0879134475618232e+32,-8.6031609244841789e+33,5.7499965595806888e+34,-1.3712353902293873e+35,-2.258804880683004e+35,-9.9010956114088325e+34,-1.88640636509324e+36,1.1414354313586104e+36,-2.63988794074785e+35,2.193727601647533e+37,-3.5289499898230877e+37,-1.4374977548054131e+37,-3.0241799654661719e+38,2.6975043087456665e+38,1.1500028863968673e+39
0,0,0,0,0,0,0,0,0,0,0,0,0,0,0,0,0,0,0,0,0,0,0,0,0,0,0,0,0,0,0,0,0,0,0,0,0,0,0,0,0,0,0,0,0,0,0,0,0,0,0,0,0,0,0,0,0,0,0,0,0,0,0,0,0,0,0,0,0,0,0,0,0,0,0,0,0,0,0,0,0,0,0,0,0,0,0,0,0,0,0,0,0,0,0,0
