6.3747230296274573,0.52605315195625568,-1.1226548769045526,-0.087953817735895182,0.38016135828165526,1.9316814808043661,-0.19016278243364745,-1.1344902435576281,0.056728777657198665,0.59744265142254349,-0.10684618423901183,0.24604848752255062,-0.20419925536319306,-0.11695222098449276,0.20265424682810765,0.5996631373207072,0.21771214266999955,-0.77359908259182986,-0.078084569225839284,0.27239129842742393,-0.91326616716320086,0.5134038042063136,-0.1182142695522725,-0.016249680926060169,-0.48107640741734853,-0.086327207719732457,1.1247238512750681,-0.22842144034398981,0.35010197836807194,-0.39206293954177024,0.377875816618784,0.14416784817730915,-0.34550431980814883,-0.03441018909361257,-0.16473822314107997,0.22527469582250453,-0.49770177700519019,-0.3662720719053385,0.023024431927595904,0.67313850855336943,-0.25437051626624413,0.092137895955876736,-0.042827169330568834,-0.0110029452160883,0.31013851511306817,-1.1550215938264397,-0.0011678881023126501,0.6420639483493954,0.21919393785861502,0.025461918659420789,-0.09811279647973406
4.5064669700832232,0.32447686439374518,-0.40777081126611153,-0.12892108517449674,0.55012848066945308,1.6042767709630981,-0.63148142626467529,-1.0867167429055311,0.041592536702717516,0.72741667910632968,-0.083499922090081002,0.33236935674806006,-0.10247285497881571,-0.20512971635431307,0.066721620965588271,0.57800062744107517,-0.067376048386301332,-0.45447533401820339,-0.12163108040337538,0.27402701768478011,-0.64670076834405321,0.40956773941514363,0.042053896365961373,-0.42132683233399154,-0.27345383699849296,-0.0066401361310283648,0.87556580722393507,-0.02360721951498777,-0.048898813620757868,-0.29358576102610257,0.24556326687404259,0.17836107894579142,-0.21841182097651027,-0.16572429470010355,0.06272879903989674,0.1458102402906267,-0.14897689807356476,-0.454202359397335,-0.089551590015841814,0.61647594062486843,-0.097299399289497351,0.022787635774706213,-0.059733891082928536,0.029468188411824473,0.29705404259464535,-0.91800784685977965,-0.012531405738877973,0.41377769312364926,0.30731753720498439,-0.23441766871966024,0.076337983706779938
6.2811602112495395,0.50087243112440505,-1.0059104096546574,-0.12876048608867541,0.5556037733433955,1.9224453262513621,-0.38326502368052667,-1.5081024024767258,0.11383038982435022,0.69990607750025269,0.093884258689447969,0.21826792910320808,-0.15649820913401219,-0.29116302658229032,0.17723160257148021,0.47721310152584689,0.24466276094297248,-0.68967030632999549,-0.17002028684018292,0.40424125798626498,-0.61880237298810259,0.41617281846306281,0.021582867378613226,-0.42500757623576929,-0.39875921631435252,-0.11148924824026094,1.0513806297562904,0.051926522587609429,-0.24921092904592498,-0.21493824455398822,0.29266561238010225,0.095445023472317356,-0.17381291178253133,-0.26478752781120363,0.30271010636636403,0.16667297655994306,-0.26527793569613395,-0.81391627658713772,0.13097702429007418,0.6867592331402248,-0.030996471906472874,0.06030784796679485,-0.355818360985171,0.38405294369879966,0.4132683625552836,-1.3096802406330426,-0.0082679521991420191,0.54768675258039068,0.31111018810107233,-0.12314736215738756,0.082225240723372645
4.2887893542033266,0.072998737162054919,-0.99759571445044681,0.13092725325726173,1.1305087114400298,1.5353398267841989,-0.88227364754514204,-1.6613437502062078,0.3779208577634619,1.1618910918666894,0.1337585105125178,0.053192488696481702,0.10036013221496133,-0.18209782819108461,0.14105885965391587,0.44410454916215891,0.20546945388992216,-0.55716788710955656,-0.092746098504925129,0.17198291284203457,-0.66314846753923185,0.20878305633788766,0.23968365840813319,-0.49546761210700507,-0.41822293816145945,0.076492205801399163,1.0182833078996212,-0.44417167930732165,0.13410425316234906,-0.16683207190477761,0.38988651614081266,-0.198875470139313,0.080174431454336587,-0.12898356213253034,0.061494455944019734,-0.040489804378392891,0.024158524058063662,-0.78164178146127428,0.28950457350252534,0.9176859629314803,-0.17192996425343215,-0.032673122789216164,-0.7125256952021457,0.24866765010106046,0.63595736271616488,-1.300671726840009,-0.088413792223804896,0.74571475549908883,0.32301477400254869,-0.07381380255825877,-0.16114221649610577
4.4089264892105016,0.0024582587311938208,-0.67185943155744388,-0.026842782631216529,0.58352696165718354,2.0227682294731069,-0.59547289512280532,-1.6690215417923253,0.43196201620223423,0.74330043060075013,0.07872798173470727,0.21413550608224194,-0.15580839120021769,-0.16863223090503696,0.076894757086426013,0.37060073286449186,0.4637224476401402,-0.66694357227884415,-0.24206277081559691,0.29202671867626706,-0.55861806427494298,0.23386620032052735,0.18790775933838674,-0.23439685104664382,-0.278476021493123,-0.35398897331649887,1.0196165072272121,-0.23991192029961908,0.06005435401226894,-0.048193621266690821,0.23439317131941784,-0.030610328502051122,0.10188426820609636,-0.229087452942451,0.063693212803784413,0.027300709480063141,-0.24905616776378237,-0.69920805314708112,0.18560658297379587,0.77420034423601192,-0.15575727890010521,0.0023043704778870936,-0.45564976507525667,0.33577787465181386,0.40880408428519693,-1.0951621214255824,-0.14323915010323424,0.54389782877041581,0.38707072235797496,0.012376588392236749,-0.11668715683464451
4.2381509844723189,-0.010439498592325409,-0.96494788820894484,0.15344579480758963,0.80376417020370339,2.3289168477868722,-0.67044930541816439,-1.9525785171132883,0.62420106433930211,0.69548579546836597,0.11910789491626611,0.23616310235462873,-0.09089642837870307,-0.26742133202208523,0.1518310567340114,0.22928973573016306,0.19671486926329768,-0.42094702577405491,-0.44412022253259281,0.26159484718207193,-0.28130331034882061,0.31690825490504904,0.20060916056518907,-0.52972128386936967,-0.4650924226203666,-0.33803585992462587,1.3835025759886719,-0.34795886573695106,0.34982160514173327,-0.20521888172215849,0.20259651578304985,0.059003925479717764,0.0019952411600090976,-0.31320089914160298,0.11766995620918845,0.058525509722166066,-0.31012315393294848,-0.87234315410343888,0.31979806204944361,0.71384873527298165,-0.12821482692514422,-0.092163951714007403,-0.45199479984476215,0.47314914808981995,0.54855897909848239,-1.3791646892502343,0.065308534568555343,0.63993270700948468,0.17294763327821833,0.062360388344603383,-0.15749679214261328
1.3568734548445089,0.35239880490304221,-0.91998560042787259,-0.074119019773439807,0.78227961827401726,2.6004229975161319,-0.9939570542351831,-1.7772931465092892,0.49621021159533724,1.0707276346887822,-0.028004922221754314,0.45162231842900946,-0.34229899409128028,-0.040830546791361583,0.012343117751315542,0.60340735805104495,0.3711971407606513,-0.79292590756709258,-0.093350166914847404,0.035861794175962379,-1.029176425424428,0.6683592037561239,0.17462741317208705,0.021106543866883452,-0.5858723030695141,-0.57595092414386051,0.88935223849600076,-0.46799313402681564,0.89040247460418154,-0.44129308947937573,0.514816659648758,-0.039840591121545081,-0.10905042791819533,0.019137755951453183,-0.18099253646404651,-0.26506407088652884,-0.40482528361432435,-0.39857040100654229,0.21169857265534142,0.98538715214977601,-0.43995614935698085,0.24437592410075834,-0.59868581591450187,0.27196240298881508,0.44735945696892082,-1.5473332638378952,-0.18301215386128683,0.67248644575538885,0.71498133935126895,-0.0043208032600627133,-0.24657846610688192
1.1009275040788675,0.28924592474575556,-0.97757434189167236,0.084544550425283416,0.86485154805851072,2.9056542476763645,-1.3125319125983326,-2.2621546664251553,1.0361764856931432,0.98278672921524535,-0.052717611552787223,0.49422530942178922,-0.34866051587756591,0.00064493593694417179,-0.028816233058280284,0.58884960722608848,0.21916602782635616,-0.63156278408826982,-0.1192134540858697,0.014355889262576617,-1.1212482537730704,0.789095767497206,0.23579900429055181,-0.21833565511014644,-0.5046169458278037,-0.64109517371889502,0.92378452761140806,-0.43068868513149727,0.83077183097249718,-0.30200445054530728,0.54644700414107528,-0.10497302910768233,-0.14380657207205827,0.10558452781861147,-0.19953181621517285,-0.14169514269551112,-0.64761861577104185,-0.32134241785281531,-0.010336024048285574,0.88717019137038855,-0.18335677417434867,0.24996469654485787,-0.46351055874893965,0.21486828113767226,0.35075209457995027,-1.3282634813529199,-0.18046907362632206,0.47829751581647351,0.775908811001771,0.092345446478110632,-0.3423718122019927
2.3697756023413636,0.14666224071085548,-0.70618882092787139,-0.073726885839434805,0.62559110838426113,2.2272196224360306,-0.77843154731746633,-1.8284973946815946,0.39541093858362369,1.2476729314680228,0.07563168995601198,0.247141233000543,-0.24196498289898577,-0.076960079337542633,0.027304230475608537,0.50705496375091064,0.08652945635210231,-0.58790319782894784,-0.19745373688664206,0.035957570450217823,-0.44481699234121685,0.50871515132359046,0.21141114541562553,-0.20825486665414022,-0.44732901751326598,-0.48737767238801993,0.76293408799448925,-0.40582111355312028,0.68551238750025989,-0.27633948360588595,0.4890247122346244,0.059008077966740007,-0.22249565321485384,0.055645682664614858,-0.17898364306526193,0.08575970383404459,-0.47059744577785517,-0.61238408179558246,-0.044061070947950261,0.9460111862649726,-0.22401710625457791,0.13746527994213834,-0.30491986512620972,0.21976661048836854,0.31764273799402631,-1.1691114783242413,-0.22368030775191619,0.58947087380767849,0.5830030022142848,-0.04604897685628858,-0.13672113986865578
5.5875688137236494,0.23359593079252744,-1.2531665838004595,0.60631648267026639,0.10882525928074004,3.1095829731469364,-0.66795838423596299,-1.9093357204608843,0.41909439518437991,0.37685651300975143,0.63958213701882582,0.47201177656649485,-0.46947311666568547,0.037980370642665046,0.51473296147062464,0.30244028193515404,0.087367292614097203,-0.71638315806398678,0.2065837653798237,0.10406651244453284,-0.50184501986282481,-0.13429900418712074,-0.14078757155700622,-1.1168335285863471,-0.22948056294546634,0.10799841723099192,1.0109897014616736,1.4055848230220278,-0.028567420459396243,-0.8139597854225562,0.14585087378614306,-0.12532139930620875,-0.35493058168126718,0.31717526339951913,-0.82507240554399452,0.5966068033946561,-0.90273880910762039,-0.55444231408182232,0.044232312866070655,0.56681063184406033,-0.052515791917185507,0.28957931778967583,-0.062254584508685609,0.15576617943613719,0.31599437591999047,-1.7086008888356472,-0.060669157948084758,0.8786339849140643,0.4757224866219385,-0.36194596035854282,0.26226093004153661
3.6705146224421359,0.6717131127158309,-1.1407537976947524,0.49570157594235725,-0.21786678155914554,3.0544359298155923,-0.46486216136360498,-2.3033273912397787,0.50143999661225547,0.57221408939629115,0.24028613388979567,0.76402976134501122,-0.41260577408368582,0.080679934824407384,0.61775074051417544,-0.054770506793510518,-0.12265314796612189,-0.50584617691512768,0.33989540022348202,-0.27240880728680134,-0.51060260636176258,-0.034037218451800161,0.083597934682444711,-0.48149473310080154,0.067214362483287368,-0.40260183537835831,0.8507568575398079,0.57016177365431286,0.25638317087689061,-0.59906493797192673,0.2581018484526148,-0.25100322531564712,-0.37872056003553106,0.76389154355698785,-1.1727338862581105,0.58840275412439336,-1.1838922582909766,-0.29215005773793468,0.21271062222427728,0.41593470116485376,-0.22491623861823165,0.44038739117287035,-0.082834758047727178,0.10570878403319255,0.22214706435044643,-1.487950254694391,-0.30131398593229175,0.84936563734331116,0.72317734932251398,-0.058588017384139858,0.069026130075747288
7.5751516706115813,0.23321860910859474,-1.1222585636289411,0.44920988901832948,-0.20145156559418143,2.8722634627816515,-0.26158139891739846,-1.5263208552499758,0.12525915067919161,0.28338134284427829,0.073275850329835787,0.34157911439925986,0.2431083300270788,-0.42958702401624416,0.54585755379629419,0.24877056658526356,0.04692795521334709,-0.67952815403309363,-0.3171956342624539,0.38160464443329639,0.089388393184796647,-0.065041398427263794,-0.16439672591938637,-0.71132590538000107,-0.32859496857044823,0.058139741511390612,1.6064128554365829,0.087346785658219336,-0.037127091384304201,-0.42611986706828014,0.11052722347586276,0.62070353880376794,-0.88699613065040916,0.078645808487024307,-0.16590346246232199,0.4546934877104955,-1.2025366938823592,-0.94468684538657399,0.030968392325599333,0.97144465893473486,0.17355324228321761,-0.19892360184722213,-0.71228208321691167,0.50500329564714352,0.77244598962495548,-1.5650268107474696,0.15180452009492601,0.58923565869311822,0.25985423780193412,-0.07102140726722507,0.33714876472875643
9.5534229076106403,0.25784603088386987,-1.0413227980611275,0.54811241858434279,-0.46696262046061116,2.0518914004928055,0.17148763358104863,-1.076905236118211,0.1132151143200304,0.031981248406317449,0.08816991351723813,0.44262192684523582,-0.29273554138079871,0.30919246319173554,0.38999062040130056,0.24110198796337556,0.45863778052883741,-1.0010788449182468,-0.072613488247716948,0.32031736877122347,-0.21029679072569468,0.29923392067265381,0.081198538190964245,-1.2722603131149688,0.059818887127301511,0.049147524268624052,1.3078562027858134,1.0274263021382759,-1.231605784090541,-0.57938066923888432,0.038644289941832201,0.65509528438986031,-0.57996197644586356,-0.16347428251525653,-0.28303447885474431,0.43899286264494591,-0.86495857340836835,-0.53656279197538304,-0.35941464483919033,0.90116965312710029,0.20863690399398813,0.13363801375798334,0.34953529824145219,-0.48500219884258883,0.15236481168862387,-1.0244570913157305,-0.16800459793959074,0.78932123847459079,0.43791529448763611,-0.042321026272291472,-0.0066626700947265147
14.998552866642378,-0.13799537326357944,-1.0200452235222317,1.6843025378679655,-1.3806670878788982,3.0646402464342195,0.42073815388443681,-1.504758598092397,-0.19580866949570355,0.62516859110485823,-0.31394517498235858,0.72736357585720002,-0.37958998260978244,-0.095733187941933834,0.81151247676727256,0.26451873890822231,0.5196087818674211,-0.91836371912572079,-0.039395047980128765,-0.0022827122511097381,0.42519656123913907,0.46009551913830027,0.2075589171998781,-2.6802303247558554,-0.31135447617969014,1.0088679936142537,1.5709996779408986,2.0321574822658963,-2.6824687964088634,-0.51321881016423909,-0.4406567770820386,1.2088072311230489,-0.83732944066696424,-0.67464247748908035,-0.60687560821855802,0.42744008431109448,-0.82924539107876438,-1.080660502595773,-0.41850292451812188,1.1897834945113628,0.45619070969092501,-0.0021460880261002157,0.90442712277760873,-0.77909444743297007,0.26276700647708584,-1.6863875746341346,0.10139780053978216,1.2077619310008305,0.40449355296699341,-0.15181602509476594,0.064390128808330574
11.648430524683217,0.11685982927584679,-0.54341035302524832,1.0369155786308579,-1.1409810561265492,2.1242435906062296,0.38890126693798199,-0.64555724167551154,-0.27233209788446128,0.029908964586657996,-0.1430431197316156,0.60212851876660034,-0.36525621844539413,-0.19796656523822401,0.41118878643253015,0.52953167354288067,0.39840517576174805,-0.69773931762267316,-0.14460670738052514,0.44832244291083573,-0.076279042998429331,0.1346846987351101,0.035696906328871555,-1.6887161641909922,-0.42382193891150449,0.81944236832404116,1.5598422470712641,1.3970511645727923,-1.9646795945635376,-0.4407041678529019,-0.38916848464452891,0.99771450938157025,-0.55687265420625509,-0.585253288940216,-0.15712609562286481,0.36751169313460885,-0.6879662572901809,-0.88964230885585815,-0.49505315201834277,0.93836579068375447,0.55818425264177407,-0.019130983467504234,0.56034898419369905,-0.5023812147455593,0.13577698492710982,-0.89668924885222945,0.029816933068869844,0.67832077329655127,0.27222626115472348,-0.16876993117817018,0.067778199416003479
6.5262373670939917,0.13164938906261586,-0.32972172435251862,0.28487456202282918,-0.40392229358180831,2.5742216054941665,-0.035059216652889968,-1.4553286780603107,0.27736484446250376,-0.10071099978247784,0.1007057185364422,0.51988634071444129,-0.40837400425903292,-0.20000661559379634,0.38673339112898741,0.42357440464186819,0.30838985932020857,-0.76109061317158677,0.098467589735879546,0.20954267448340749,-0.71322625086787583,0.42937426132100098,0.056063994666233283,-0.88540725014333976,-0.18627057732724803,-0.0058843756050448578,1.2937258331408179,0.96260215511999736,-1.1537029446785441,-0.17905555577777638,0.043780666318443566,0.32739490231201435,-0.48430680467375348,0.034997411306759166,-0.49599590053461501,0.33254895337209794,-0.59889489486447689,-0.70198551427752942,-0.18245738615366594,0.68881030261514364,0.23341652136306645,0.26830235399042318,0.23368306308309861,-0.1631625172109962,0.078553090286171023,-0.92321789485613825,-0.16645475991166336,0.58823252476117582,0.49505259384448114,-0.092591452933363808,0.027891384271132011
10.457500135491419,0.30161820165982084,-0.9284137706267227,0.54044488094804399,-0.69593604070296744,3.416520089805561,0.3447832407268257,-1.6829795900386217,0.12049923927421767,-0.22505214217910938,-0.0036045257193584603,0.69593802964766505,-0.56109117568853395,-0.29649448923112376,0.50455932289691663,0.19871504996889378,0.44479131136163519,-0.44387702661812101,-0.060219047272264861,0.67188386055222815,-0.66814713512372925,0.14695425385854397,0.080453518985552933,-1.5728273012663232,-0.34076530433145691,0.28441900541246234,1.848697185736893,1.2103437877932861,-1.5251111812272122,-0.3676401028120117,-0.22274614011210006,1.0373142018735184,-0.82137587982058802,-0.35894553777856353,-0.46234786204235712,0.5509748991912059,-0.97421660790685738,-0.99732602104724921,-0.14119858470845101,1.0058234711441059,0.33313554410763768,0.075706593552350931,0.43731165109319775,-0.48699408954965828,0.33185160883420656,-1.4155920374060273,-0.018130573306731994,0.82710848613791799,0.56289544473305453,-0.069909114090190808,-0.014328977648693191
1.0989355861938608,1.4497557154711276,-2.2518897387115393,-1.2677348432452515,0.7285102930566244,6.5463709281682085,-0.80603816512886994,-5.0051512908524671,1.7199114096152646,0.083790705528819412,0.35127014436800524,0.54080892750428511,-0.99436270233013502,0.039917530556937697,0.85221730658403239,1.3883257722349209,-0.55135798855003781,-1.9994473417842318,1.009243348780801,0.86353878423151642,-2.5312193762062098,0.48267537723405429,-0.15075331994950425,0.18967196330585789,-0.38184274070629087,-2.2115512179432391,2.2063543824249603,0.87914994084602638,1.6797121847030778,-1.0730614261792544,0.67037050128062603,-0.90651268967438714,-0.65211734727538617,1.3229260701762533,-1.074233384851462,0.89559613970700414,-1.4361345019070462,-1.1676755806135055,0.92608119333316274,0.85322400260405673,-0.63100394339878896,0.75768256719487803,-0.54029645207699306,0.60749163609231049,0.56576301541899998,-2.8497580703413035,-0.31485188857594137,1.1286524679711569,1.0986063682560496,-0.077957711133808325,0.10616260991532878
4.3878142938998472,1.3233117809746091,-2.0903031376606314,-0.66042518469618017,0.29777084021861194,6.3047544527423272,-0.45750881332839427,-4.3099565677366307,1.0071385700327389,0.21225378880040452,0.15696405477717271,0.70445669188004456,-0.98734618063694568,-0.030462703042845513,0.85241900171810681,0.99289824901864754,-0.36207194860301811,-1.696533246738877,0.33919039835859083,1.4064688164630983,-2.2664975381425405,0.52190182504042315,-0.22687349413272584,-0.35212606605921054,-0.28378895285607819,-1.1447743023840218,2.2850640776263265,0.48119916145406005,0.66478102842914388,-0.78545237492838149,0.49344738769698926,-0.11534675204374177,-0.99385094812520658,0.9888682268584994,-1.1401647707395384,0.88242377046591391,-1.7635601439190298,-1.0445016703062222,0.54328945291922781,0.94372926443094152,-0.28394433499080374,0.60345651372561371,-0.17031702533256871,0.2194968553924995,0.4731901421521284,-2.4827433947689834,-0.19777358794950367,1.0334845725059587,0.96413745021295127,0.019036557348272958,0.075345685838982671
3.9537894939092912,0.83539713221870116,-1.4362194957845049,-0.48341057155772416,0.30089021660308202,3.7677519290843819,-0.144048889868202,-2.543324192787745,0.58443185595495528,0.1518173816395583,0.087899199677935885,0.38679575299839408,-0.63150453848032384,0.039826337019564548,0.63701155971624979,0.78321617332881355,-0.069328376321887333,-1.2978591834768081,0.54338767269006505,0.21266910373455197,-1.3270967130158307,0.56912719891619978,-0.20918480253959365,-0.10584404663782516,-0.28690792315789709,-1.0696094929408637,1.8218114707885513,0.48790396349233262,0.83540940551930243,-0.78844217939529659,0.43134792537587968,-0.17496696914438414,-0.7536744833191148,0.74563514974665546,-0.73968296623834884,0.54952366337990088,-1.2328472874218273,-0.81599912113725959,0.48020178827626475,0.65143861809732773,-0.3625745068468052,0.42641454726274197,0.23108101908024528,0.074199855457835723,0.17456733420373902,-1.6551467540611251,-0.23079563311854051,0.92515674695372085,0.57440346431060008,0.11062337904316581,-0.15788443160498225
6.2818336315087153,0.62976288953997517,-1.7219284337722802,-0.30007637876586718,0.3341488996925332,5.251387503756674,-0.08834350489011833,-3.0862553430600208,0.44792680838713939,0.00797912155280317,0.18888377436781811,0.54874189305525678,-1.0645819730015229,0.36692807876517519,0.79560010122132352,0.74231928615427234,-0.74509541508768007,-1.1098694892954046,0.54755506881462634,0.18221936207616765,-1.5475512858301361,0.80042165909365937,-0.47065492324969838,-0.78450519540464714,-0.4005048707671916,-0.38165354265892543,2.0155744233919721,1.296253693646138,0.5004702682051676,-0.81269068253811416,0.41541132705091932,-0.04488767132652282,-1.3237301959081469,0.85373155540383927,-0.69712362996614596,0.95177078825212813,-1.9265539802261624,-1.3203530549517133,0.52360652079356784,0.96734680510377535,-0.20755305177525027,0.24038017598554096,0.20094265414898568,0.21048496809174722,0.42256963599062281,-2.1791062742616454,-0.21521438657130579,1.0893578365177634,0.75943760340415101,0.16042934352745644,-0.17471214519594186
7.3647995731439009,0.89823480450791415,-2.7459568734081135,-0.30358913085944184,0.56403118413878361,5.6526049168788095,0.023603620861643158,-3.7105563656751688,0.85377458729697531,-0.25412216111192498,0.47351733509303756,0.33502789147818696,-1.0504801828374573,0.18634744240211215,0.87529415192271642,0.79924053693020547,-0.42096699533690651,-1.5897737177541766,0.59256824706701605,0.33647585183002554,-1.9502396480420221,0.53772239793527032,-0.082561447926397719,0.26197054019060095,-0.49621837785814965,-0.82052089893416669,1.8800593950324995,0.76010592595371995,1.1393283664280274,-1.0111618794186128,0.36139063476667826,0.084915165525058109,-1.1746286966882378,0.85054574252759818,-0.94564153222999559,0.78793644340589464,-1.6380709771007291,-0.95556637213685935,0.74011898811765342,0.53630910078538896,-0.25616737314921323,0.5283428158693535,0.12004801225348581,0.23526813177220798,0.33525414952561555,-2.2765858662832561,-0.17276543693298457,1.140048184942289,0.62795617904317569,0.030431885077524812,0.090239779686645649
4.19302404490276,0.33727217348712168,-1.1461400318652968,-0.086068949350031537,0.022391255980751364,3.7206630531159748,0.225373610697013,-2.1215976429344856,0.30452347489399678,-0.18548748776303714,0.2180330082649283,0.35817223214242982,-0.70169677118328244,0.12257733058705429,0.50871393812856081,0.25921104771829445,-0.58150098664854266,-0.41478547582479902,0.28468698816949467,0.056117727175556957,-1.1181419009949212,0.33111596315017144,-0.20066580729358371,0.14200189938902613,-0.13790250719751976,-0.32173157030485766,1.6047527303438425,0.3268885674508224,0.29497143333849457,-0.49935837836050634,0.40968673195771205,0.33465584568616386,-1.170128152692669,0.69999876525403859,-0.67502615087211071,0.62423504500782234,-1.485788751068579,-0.56136319241649357,0.015844273731268774,0.71619128805226973,0.10781215640604842,0.076937847813571852,0.2653177353730849,-0.22306202984612566,0.26350171109375303,-1.0971578409313587,-0.19878958426192825,0.67338069577221349,0.55232236543906343,0.15197409876976242,-0.18897039140722041
2.9848277107315964,0.43533375043892153,-0.99199940673014708,-0.031609484969321172,-0.13029835561888004,3.3845262074335674,0.054223215302871795,-1.7011673494740418,0.20940300396410086,-0.067218405007459806,0.1583628066190427,0.21237369996674016,-0.52831875712806453,0.20858190648062805,0.3875471573533118,0.44906738436753219,-0.53742365089998023,-0.60740563064024966,0.30113577039753331,-0.057349098966568771,-0.64258107156025646,0.11566857699424998,-0.28120976020073313,-0.094087324716622567,0.0051862765439734219,-0.25486552664042023,1.4909039252452509,0.67985442812865005,-0.11478907043042504,-0.32962834902390875,0.24187369229514841,0.1906423642470349,-1.0145828307774483,0.61853356062264586,-0.45928787493409973,0.47578937749778749,-1.2890380891269331,-0.30693015613889502,0.017886592637435746,0.74368432502048198,-0.070482065197400148,0.13735399751659227,0.1830653307911258,-0.4706676704601257,0.21738307987591854,-0.78340037524848927,-0.20495194599332173,0.49831599674950988,0.60976577296142986,0.28435984498453815,-0.39766072081746878
3.0695496267933007,0.40694511877974909,-1.4262548965706296,-0.60486443083920105,0.46933133512155017,4.2737902309548366,0.22411961644991446,-2.5524957071609027,0.42775330909558967,-0.37610363243441342,0.32147016294104913,0.23970199782404272,-0.75758978285331469,0.11922454898427777,0.51870317589722381,0.3058783157524993,-0.57072737237635973,-0.57114135376607678,0.17611324967683326,0.23404082818781782,-1.4414731699279357,0.53550899684130404,-0.321422854771304,0.069718649442398861,-0.12604095615723068,-0.43430237957035428,1.809864080502092,0.2519162487007276,0.95225667872328612,-0.54507139329392096,0.5056151435239028,0.10806463155303299,-1.1066913253452209,0.89995251452458347,-0.70886768993795768,0.60753281523358105,-1.6017312333997462,-0.74567548416265472,0.34394811471414349,0.54730648260418491,-0.077429037749197779,0.11317173126870805,0.098969924075731103,0.21690775641917204,0.31539965883659338,-1.1793811225201525,-0.20446873874909516,0.4977294584918438,0.57522865686518387,0.32764018932892458,-0.21558704764738684
2.3217648129507289,0.64814949276281308,-1.3428785812991808,-0.37621073829433033,0.22437555780478796,3.8504507499677576,-0.11626034409069032,-2.2842321617744181,0.42226598438560564,0.057284053909351089,0.14698293182742056,0.20082437902304093,-0.57227752315965852,0.22549703952185085,0.55708525816553389,0.4192758682114629,-0.32702773845194416,-0.87684747661620699,0.43624535570765288,0.088184067171289501,-1.1804597236781256,0.18755313144648106,-0.27738550853060956,-0.079967187693458203,-0.12173831375424674,-0.63744890352888173,1.607408854623404,0.65064462626027775,0.99204813481171195,-0.7560423496112525,0.32552405236249898,-0.0080564606448569158,-0.8321820332052432,0.73044732219839703,-0.69819494063677001,0.51567951938861623,-1.2369449615314942,-0.48567900904231687,0.3511931255663267,0.55981606471162459,-0.31081195338749829,0.26522281682596877,0.31464920104664135,-0.16924819159392193,0.19650585535277884,-1.3009369954082564,-0.14818639511163065,0.64113164949129531,0.59206648180845589,0.15950427730574229,-0.26268697558596599
4.6360420744748145,0.39147075156418587,-1.1735899777463941,-0.4454332380565561,0.22840167430292252,3.8157663826376069,0.19006552879495736,-1.9723802090432305,0.030093392857726747,-0.090510445755603158,0.21671322756164069,0.34727342651671078,-0.74591935041791402,0.093998769212167835,0.58330101834035819,0.29235327327707689,-0.76450608157335809,-0.45632600533469708,0.29827377435053232,0.11039281541021957,-1.196376803809466,0.38355569352707702,-0.33055405952063882,-0.16695163083935166,-0.30759246871628365,-0.1745853749416498,1.3127088244521719,0.68561631921004518,0.93387632509364182,-0.60915251683669425,0.33019529263197639,0.45655438459477615,-1.1050794238719874,0.50374825173850379,-0.55610370029932132,0.68389275320163956,-1.366617876769191,-0.58589340581503913,0.11180773407579032,0.7265510339353427,-0.11791707877759784,0.045692656951826408,0.47374293290514019,-0.39855754015939243,0.26664424768136247,-0.98514887565547216,-0.24407164543064197,0.60875675150286424,0.56767972926693799,0.16309983248840387,-0.18046819923957957
3.5200703050075597,0.60691629474313624,-1.209896280655764,-0.47975450400301423,0.17507390778704079,3.8774044163375874,-0.00089501686371545311,-2.1960579855861235,0.43129182555247342,-0.30187844114891105,0.16269639328704799,0.36737545446901138,-0.62614125854178793,0.02345035176004567,0.50322543566887212,0.35738045162265708,-0.45348813821740852,-0.71835070746932228,0.21628400631344194,0.15231847174678123,-1.1190548691336215,0.40960930634917192,-0.29614535599283176,0.42043025758747449,-0.36015400341445125,-0.76181094309940478,1.1766694263539985,0.30896708542650414,1.4190041226558707,-0.63042158383841329,0.36683272355796981,0.21569603363075432,-0.82024659728302007,0.69542043779498441,-0.6397401949237802,0.29831484691763271,-1.3081503925446842,-0.18719493228195486,0.36781282614189664,0.45541602961607591,-0.30342976816297013,0.28665654217874997,0.065465432341499818,-0.1051208144206284,0.21019782938644607,-1.0487196185227003,-0.17892188156683031,0.57635732089416325,0.43711734172565214,0.2478076185135703,-0.17329240651793174
4.111901454395503,0.44350659505810525,-1.2246820753246617,-0.4951988289336331,0.29761167632820207,4.4540018451513079,-0.056353386767485698,-2.3624353711029844,0.29163530924846359,-0.083238115700980553,0.15460549408017504,0.4868806561273506,-0.8543069821779089,0.075716532365358163,0.62185858722776799,0.20930084000575119,-0.80724488833345132,-0.45741880605986784,0.14323262994532154,0.30258112432538964,-1.3526456763489128,0.45394181503858722,-0.11581725418193078,-0.22772287771091626,-0.25445064229109615,-0.59055978454557378,1.3188912814401468,0.47746631058079586,1.5037792506454692,-0.78621282048457397,0.52199386271007642,0.41185828826237447,-1.1869975717647767,0.70524905023950635,-0.73738585614416341,0.55539946714093313,-1.4285317921595946,-0.40544235244044424,0.27111411423429765,0.46049756778075601,-0.20478220295884833,0.24015920453079956,0.16991875395761349,0.04363487358473684,0.25845349996726963,-1.2468969813067041,-0.080635719684878301,0.52834065654537288,0.44935505130894521,0.1576122986375629,-0.14662352437455542
4.5579019246781858,0.32729277489302483,-0.49337897098128891,-0.80938866874008408,0.026534385312762147,2.4710706116794943,0.036124279562724612,-1.3477344583517454,0.17376345707934199,-0.18651256562752863,0.12159019307472219,0.32385981475151676,-0.39855079085480755,-0.1368482639346574,0.4029269127971668,0.11748367206096648,-0.031929821932869612,-0.61092500468903399,-0.12462691797019246,0.81229476095436759,-1.5380080784284229,0.74916467963481204,-0.29556959354044399,0.34344929184619211,-0.37071687577292173,-0.7668452167549149,1.0472280190372665,-0.016757144975942929,1.0331440653421349,-0.39136040155382085,0.38014894407515021,0.14268715448290867,-0.23665786664804853,-0.14462982220864989,0.34891019955073421,0.28212309616291925,-0.49042948924544971,-0.33446835847423767,0.24921341068065156,0.076048708344801208,-0.28747009760739323,0.015463808486895613,0.3482186451959754,0.12321560893538493,0.081193271979232581,-0.52024843086895223,0.12109516191586552,-0.045190391098487444,0.13620533064677498,0.18622334985469885,-0.060295881247348956
8.5246499267221143,0.10659728560913369,0.067339503719844929,-0.37738316498252111,-0.29220699913702802,1.6750201548061501,-0.082450380175117619,-0.092917141202098846,-0.70290200701219441,0.28845931521861107,-0.23342630662944874,0.45328645013035496,-0.046459192529379051,-0.48674947033335825,0.2182437600522231,0.21790435115171297,0.079361555563775291,-0.29946848997538239,-0.015031785868168099,0.090596431221810964,0.23134411135006236,0.10085422409115499,0.010991619696902854,-1.4207886474514526,-0.077617926744802709,0.46492898880958716,0.706770471082247,1.5884220581852722,-1.4222237059948164,-0.32917788439329088,0.020595125262815525,0.86555169817419531,0.13445005912977101,-0.81192638518137239,0.43167808168527194,0.52683397706314394,-0.38344349480303747,-0.97017568063028459,-0.62911298239575508,1.4408947949694599,-0.2789167420869228,-0.2794506393376463,1.0853574486329445,-0.76333049000352116,0.14606801567160183,-0.89660815535957772,-0.13644841938178787,0.66989341935676727,0.40073519581583278,-0.28913884726706085,-0.10828831878040808
10.432115907984047,0.19464108669079241,-0.90582480942399135,-0.25953608337046913,0.23004760368249719,1.2837356443948695,-0.13381665528545011,-0.26519897504336903,-0.35020294250659956,0.18841499279029225,-0.12715867765135075,0.2875540535847933,0.0096170449077149465,-0.24411759897037666,0.11444106663817349,0.032866157294144424,0.6204768758921162,-0.40177250303266809,-0.31349551800863995,0.29325770296958975,-0.093958875579041326,0.20139879173453465,0.067704574383426655,-1.0393879599228903,-0.16317005854005551,-0.011796681874823675,1.2320904031316078,1.0800155498172821,-0.80157410682171637,-0.49993566802691086,0.02869026740883002,0.42597205451329689,0.6486853735321837,-0.87829367871217201,0.42577580772216483,0.31100874139648199,-0.23692748357740831,-0.77212334524826765,-0.32566255687539752,0.9958484316027949,-0.38148422827673828,-0.31474842962387234,1.3250129556135963,-0.61312738152124435,0.1064514150748708,-0.99577177071647571,-0.067698211771914943,0.7055089769699755,0.18599681998689283,0.051916374118149922,-0.36193323370152153
9.3335919719208356,0.1992348915442359,-0.15102252485991483,-0.20467650041033414,-0.33964059938051644,2.0932480997394767,-0.35724088803147536,-0.46713109965280664,-0.4441068918027028,0.14053983015106433,-0.37517562075876876,0.6243176027085422,0.030603096623558965,-0.75393723678871249,0.11565322405271862,0.61645929559608181,0.31591546727083286,-0.46364842822407409,0.020954391585924922,0.20200717703535973,0.086029629912083974,0.13269105467377862,-0.013686219563707809,-1.6101503781829882,-0.22955904993182788,0.54533788051288745,0.9259433581148282,1.8435680788698239,-1.9681304226659819,-0.17855419593004593,-0.13914375309357402,0.1623255718205743,0.31896878024266068,-0.53740490048697198,0.68029520733692161,0.40990265307851093,0.12653481368258673,-1.217609603090906,-0.62946474764889393,1.6598148015487539,-0.27850287515681488,-0.38757318768546462,0.89314757657142929,-0.66799714787598485,0.3433261770076535,-1.3353247190175537,-0.09534693931802006,0.86670936524739073,0.39551287100342492,-0.63368801903165006,0.29626066765305337
6.5814241490083933,0.11229509053448951,-0.73117233361782497,-0.14082640395181428,0.23796625278045949,1.9863330099710403,-0.35484202845631335,-0.68811722477954851,-0.14283377831767072,0.083137257560080363,-0.15866988917903008,0.43827836247817853,-0.009347794269872943,-0.48976052014116278,0.29621088000225304,0.51706791041480538,-0.0082170165402267372,-0.41828302000594153,-0.055511346040007743,0.31337088205322106,-0.34706503432775715,0.029071523906489444,0.015982552223016006,-0.99978562036366248,-0.29647903147873433,0.48705626866154106,1.1236006757836481,0.55985930899580028,-1.0144638938074844,-0.11991613657942042,0.25401000807317681,0.35385042660807547,-0.32286061423386053,-0.34306254225471255,0.83599812326878276,0.4396677731231674,-0.30254809498530677,-0.72974173938842457,-0.32078596448747815,1.0511322699342345,-0.18538137386153539,-0.21836529729238727,0.38216883662749646,-0.44004132567162396,0.42673455272404148,-1.0405793399595997,-0.0022339470434251355,0.49191921591044724,0.44022894006014046,-0.43618422453621958,0.19297090142756076
3.8969084135116652,0.63959628654639855,-0.02980075549334953,-0.43190434565544461,-0.13830122999016442,1.7554586480823402,0.22662393416902823,0.057264535887126905,0.15136511362227348,-1.0167053646681032,-0.086639453563769328,0.19005201137988903,0.11520423413962159,-0.42697375828256506,0.64998718925985532,0.57275588774414332,-0.72972475391547154,-0.12333624029855504,0.37693116808635008,-0.023615163809518815,-1.0896198935375265,0.23180431871597823,-0.36263147750568031,-0.34625962803795252,-0.28894145915434749,0.45901759221148453,0.6054559495598022,0.3557177172119167,0.25979036183963922,-0.43575922812898638,0.57942592996322484,0.22034608686976129,-0.96694259063460919,0.41199527852337803,0.012763381625019535,1.0388093072346651,-0.86114889041628329,-1.2108265439651893,0.095616931955137915,1.0256493903493229,-0.59350793004510483,-0.38382568857858973,0.9320476041539234,-0.36643683591139148,0.43720375998309058,-0.98379360347242695,0.019929472562909563,0.26822113790082142,0.80646447406470834,-0.59018214853119377,-0.094599010840996797
6.1733153169348389,0.25113978169672485,-0.68891374290567919,-0.020244883793504854,-0.10607510362826281,1.5108878928276241,0.19137479929009524,-0.36802994286168728,-0.22149643406318048,0.065319680864077148,-0.023596357690972593,0.020692172546169674,0.068466143287590833,-0.31779197947036814,0.41449111582926573,0.644611229246843,-0.1349305099511714,-0.52016316907410509,0.37033876630153617,0.010799756993258367,-0.508558468067421,0.084751284758298268,-0.24191382488316465,-1.0794922435039329,-0.025691808298630048,0.51408400772340102,0.68914746722226794,0.74625201623117987,-0.58111705130724345,-0.13266317350761928,0.26084841706655759,0.091135506698170624,-0.50515149454168207,0.14985141088244958,-0.12119562245411528,0.59297593255555248,-0.08490826468414743,-0.66614802143517571,-0.13417163869677937,0.95797876333270759,-0.38730063473416454,-0.14865072611911948,0.74836782734340535,-0.7630193119191836,0.24891727252345897,-0.63833657179290582,-0.1314186217320886,0.32209510669735325,0.71043244499272817,-0.31007783064701194,-0.03816170193831453
3.6125180359095688,1.5880265638838007,-1.7164412815752397,-0.59777454092442017,0.22668917868583352,3.5218245793683725,0.43135533387916808,-1.1094482367452048,0.51838014787095732,-1.2503263154630344,-0.051509030982077562,-0.16653589045032699,0.21292294757581576,-1.0219731517685842,1.2389511472272947,1.3938602990062239,-0.99962582420809587,-1.3091299313009699,0.43095121914753387,0.83551606324266869,-1.3747319979211294,0.10334810803202041,-0.41447839641920198,-0.029465658265859646,0.070415864879266973,-0.55254427248677074,1.375197133516096,0.18831001015257026,0.54099761358444776,-0.69250606136063386,0.79499093259530096,0.67842234302433002,-2.5215657456000082,0.98364799134701553,0.34346580349715866,0.90851795312904637,-1.4832516461960097,-0.5531767982965059,-0.095391923407005003,1.0695647628985581,-1.0837651482593842,-0.54661186516449389,1.2768836137170316,-0.88502524838292584,0.81044175055521617,-1.0410848855402322,0.11240594530631759,-0.31262107609904516,1.7918329849251007,-1.0121626499717571,0.32753476066208986
4.55181113441561,1.4133097337450944,-1.8862045333431778,-0.27118512866815619,-0.083087805007948767,3.5301940223634913,0.78677882739147653,-1.6722717811987895,0.3669814015886747,-0.67473964559932376,-0.18862362832693677,0.10224188956513006,0.021365963432197176,-0.88413586369050656,0.94975381124874259,1.1898736895168815,-0.845626320304396,-0.98895340776372853,0.37832499858042273,0.5152766692873596,-1.189546255192516,0.27005983131089822,-0.32928667022291919,-0.32765630943272817,-0.071106602062876167,-0.36848033249221729,1.8183066573949371,0.44154077347539233,-0.46787785226628242,-0.36724674502852078,0.6887355239188564,0.61538408067132999,-2.4700295030404944,0.83129310552568214,0.59888914120839465,0.92545653246655357,-1.3330802572234748,-0.54159913584504837,-0.28763701579636841,1.2808941553753785,-0.81027905190919292,-0.46450755189579973,0.9442440047352878,-0.88525958391393667,0.98001385195564139,-1.8487006951742444,0.10592952318255376,0.055669862615493219,1.9458310908762415,-1.0677006613131761,0.4592006056871768
4.2619525722438629,1.7493303313089175,-1.8216786093545745,-0.68459910296567383,-0.088120332749463376,4.0430590329712741,1.2646056308466949,-2.0399436806867777,0.82526742759292326,-1.2982783106481406,0.025276046407090406,-0.007901228820955784,-0.041211118784689492,-0.95928510161508196,1.1836673722991087,1.4117609417036567,-1.5643233887129233,-0.8951803552217702,0.50248855462376796,0.322092368692178,-0.7471744820031575,0.087867268929299899,-0.36047183043823189,-0.76573050559355715,0.4246132201625521,-0.47431503899712052,1.7922143312188503,0.60988328072823572,-0.24642550127854543,-0.48577736432868007,0.78372770026968774,0.56024793623993352,-2.9677175635038511,1.3741929213298207,-0.1365111116656102,1.2601171642495679,-1.7046153126748402,-0.93919407512907538,-0.46918272989479443,1.7683072300527491,-1.0537278329517115,-0.42717445276326022,1.4484506781867337,-1.121560528466081,0.86650972965136852,-1.4325288042628639,0.059535479772688422,-0.068690025272133401,1.9982961875354843,-0.92681003682234486,0.27741776759165843
5.3570203737575097,1.0420332248905353,-1.6614691367786594,-0.35751821964683039,0.032336474996644972,3.2449473642277216,0.57243362563169164,-1.5697917570607873,0.13297609580861913,-0.15411700232616751,-0.26830358909466417,0.1030478771952823,0.051401660008739636,-0.94442963002802383,0.78964126930503165,1.3867205757410832,-0.71349254463146849,-1.1556542340954692,0.20630439720111987,0.62003160729393902,-0.68857644943707941,0.095695659190890028,-0.21066276817418547,-0.20264281845463308,-0.10695226297616876,-0.51976889239032709,1.919739198580797,0.60895860235309518,-0.78382979003634923,-0.42708748534951624,0.56020582373630368,0.4775790134979806,-1.9841197455151298,0.75501952129016314,0.29171310000681294,0.87038069124582451,-1.3104937981851645,-0.26699118356893098,-0.56320844820642313,1.2794335258653187,-0.54331211746193508,-0.40307138304841128,0.94904711774205164,-1.164831728766254,0.88198741234402467,-1.3813665100239036,0.031734355771919368,0.11762878509625314,1.646292423777503,-1.0799612966943575,0.62012473682448388
3.5125811400553792,1.4668637324737581,-0.25505142559545829,-2.0124783963077699,0.41801691002959485,2.4374638211336661,0.77873999263033289,-1.2512435807202804,0.47006061123549958,-1.3534372080162671,0.24499546000177225,0.55223617809714698,-0.32035659246853315,-1.1589034622005303,0.88065336946673445,1.3686530673378769,-0.81366619946050811,-0.98220437085593493,0.057720825728780185,0.27055124369180833,-0.12509219755488282,-0.21660102702088491,-0.046193873577418033,-0.99516940249282781,0.22523975644966912,0.59437980959143688,0.90046231322205539,-0.69581274222470479,-0.22868107344708483,0.44127545698297205,0.12328938371107633,0.38483491886882332,-1.3209070221383381,0.83829748339622145,-0.1240943044156949,1.2252290139086632,-1.1390520570864837,-1.1323193363035873,-0.054060094812583837,0.73014117130383682,-0.51676059055554757,0.96374018631637459,1.3323261448087724,-0.84349431326857527,0.085879324110642627,-1.1592327690553959,-0.1719026087281823,0.034259808298149702,1.2617445474109303,-0.25532730719858437,0.032640820550000657
4.5059250466750456,1.1371334129005393,-1.2175372503924276,-0.90669448534012187,0.13692629806582843,3.4777631505110862,0.51913255615152532,-1.516530407410992,0.010762498488375761,-0.45635539217579024,0.14641631554679996,0.032453114235888258,-0.070877038973052753,-1.1603990110579572,1.046644337936351,1.3503405058894238,-1.061068991677554,-0.94552373283433733,0.094291591384624257,0.58462897792206725,-0.31734064572830883,-0.13585056025398418,-0.13456856651956442,-0.75992593226307725,0.44340003971608982,-0.10127457195106385,1.3089538863582952,-0.09639340505963967,-0.47483554835888808,0.12620276844256936,0.5521618879369129,0.14249099948110863,-1.8908614514770499,1.0880481633247878,-0.20422991986533254,1.2246715233519805,-1.3125747332819535,-0.99386936227266587,-0.50041261892864153,1.120232152826383,-0.58586081295084502,-0.17128390318668607,1.3417240951733347,-0.71419628989238126,0.69229073443942035,-1.163787776691515,-0.10368367706616523,-0.20046569060296057,1.7776635489912678,-0.82151922146792644,0.55652168916483657
8.3427348954279115,0.67783844987613528,-1.4397580316770322,-0.66011297609224262,0.23978369726030116,2.9224604193783201,0.67878126847869502,-0.64798025191117603,-0.084976538417636735,-0.86505666741893594,0.096139536761697578,-0.069592616921539993,0.08552860337125856,-1.0296471952058679,1.155652499753407,1.3560707980206776,-0.94125221355877919,-1.1184410375314211,-0.072167990719492536,0.91259484607274,-0.24961612447912285,-0.49359016797302446,-0.15305694794303124,-1.2574450077359396,0.48594804575952372,0.24471558972285209,1.2542218192667889,0.5646746814739918,-0.16277985674463719,-0.30036431416031595,0.54706516257286875,0.24152635216379725,-1.831107789979618,0.9372827964769922,-0.076153699733068014,1.4409299713994648,-1.5576083003129688,-1.3308403350147722,-0.42963010995926698,1.2838162186166997,-0.71716480387648163,-0.52575822689782392,1.3546615797176118,-0.54826101752091849,0.83504788646036043,-1.0347301789353502,-0.049739892642300165,-0.10625569738738759,1.5662256682730196,-0.587590781859054,0.181618506501384
3.2112875338062614,1.1006463497666508,0.13242217167387782,-2.3222744982639432,0.64691776906873955,2.4109761628039963,0.33516077843460595,-0.59554561108373594,0.45302931708671346,-1.784660092833491,0.37183138504793634,0.17235705594186709,-0.1749512528860713,-1.4228885289463931,1.0639990806210846,1.8058517003332475,-1.6777029582532388,-0.97901375039615346,-0.33136745020988018,0.49211860054878609,0.52918735421637009,-0.37150019136026974,0.14696785460021219,-0.53540334742060292,-0.0060747563416671049,0.3841984826486603,0.61645801784746057,-1.2137330591291642,0.37043204557484671,0.67311895782213371,0.30458094220647425,0.40705200829238236,-1.5253720281343854,0.6382443345354224,0.40490218233451997,1.5875926115674868,-1.0673935075674139,-2.1842667622521947,-0.19687601527282453,0.73570711431031499,-0.30442468172662651,0.2018418689099227,1.6676017931118379,-0.17576695919426302,0.50526513688906649,-1.0995752759251349,-0.15828363649907304,-0.41325283913329175,1.5810032837707626,-0.28869810149643049,0.05862041916325083
13.06514360047305,-0.60959597837644053,-0.80834195896004357,-0.25184490109607377,0.25671770885729273,0.95326015016064147,0.41503059906932682,0.21607243669692247,-0.4176247065233013,-0.40613181728088676,0.097967308746079396,0.18874727753879883,-0.13728530567378844,-0.17870032454085877,0.43886432082314797,0.70311010185309153,-0.33934017119458343,-0.33819869143161846,-0.5597758195374466,0.78669741823674921,-0.18934055782231685,-0.5016262923904421,0.058116549142430425,-2.2642425109172879,0.21388129948136797,1.805598924458661,0.78333976100419422,0.31874264369160615,-0.41138741742410617,0.14082442439645787,0.010109545195764631,0.14733217260236084,-0.1245870136492204,-0.20273099014317206,0.098810073664360065,1.455288971989309,-0.99102551209766621,-1.410461734244886,-0.27745989854560349,0.47750704616957079,0.010770919414208265,-0.077593261917187295,1.7787372014855378,-0.6094006127277849,0.21092275508331612,-0.93315151110384364,0.048947517687704528,0.38649867042637293,0.56454644327308556,0.04770216529297986,-0.08438261313440297
16.692324781886111,-0.93773194212190925,-1.5884093384999145,0.075016077567930384,0.6152942926779208,0.66484439243705074,0.34316554413505546,0.44232693936686046,-0.3848088901193234,-0.63458569937747622,-0.030600127647823355,0.41705543865154532,-0.10893480997950721,0.40516048292684476,0.11470000849914877,0.51660353719973118,-0.18652021053093423,0.022561017344717632,-0.84032101952527394,0.94997634588294189,-0.68985344295224749,-0.14089788809387968,-0.022066746896438689,-3.7026209305200681,0.21738962992487543,2.4086417263395616,0.97378687455374835,0.94618748032504629,-0.30761384794746027,0.10814104446132412,-0.095056393360448355,0.0206213918827341,0.40191865984315256,-0.22439802146957369,-0.30341596947959387,1.6557004691096975,-1.0257176732668825,-1.282099076915356,-0.34397744036942618,0.38584290794289106,0.084204300315484898,0.12628532125607467,2.6226609495274982,-1.3180269016252273,-0.022094092035903751,-1.3015431768772625,0.40931372259510379,0.79458335876956065,0.061330390863921821,0.18240455863138949,-0.14398767246506627
16.331225333375173,-1.5396986163329178,-1.9364667047643289,0.65557879639446726,0.63206344100059397,1.9722010729177364,-0.39935509182643614,-0.090906428747150533,-0.81470123219565882,0.74521065137685827,-0.28392420812275104,0.48759520283587676,-0.16588987145280404,0.42326388830152523,0.28888496673955322,0.37972455028429974,-0.045948453758541306,-0.080189494890947483,-0.93383086406683058,1.7107405395914186,-1.068316080432173,-0.78861391217632015,0.089169015135937515,-3.7621033965204953,-0.077916215912174874,3.0354639943070496,1.2543591976193964,0.98865023994093182,-0.7822970826701986,-0.17231294694135629,0.064223628684438483,0.099050581912926872,0.17949638852100866,-0.37645779229502951,0.038935809065785018,1.7525338097367389,-1.143502368647219,-1.1122794891439904,-0.72751602319362063,0.82923562730200906,0.39269305372255953,-0.36146432562027014,1.6981999209860748,-1.2333732767479562,0.7003428206645631,-1.9331793003881637,0.33234675795635577,0.9756984663825724,0.49925228386147397,-0.19876565135744256,0.23182937856380978
13.862310139099485,-0.75343586920206751,-1.5207516157343903,0.30459032702577754,0.53793927408143294,1.4606218376213693,-0.019626514801760635,0.046827589933754667,-1.0197626447453088,0.48922542150222548,-0.10502200580266077,0.42583754112980526,-0.3226639722861433,0.3249210993469705,0.51243844605852773,-0.30579466212869821,-0.1437545213466212,0.22183841337208135,-0.53393409794820623,0.8370025836229994,-0.72489760126214609,-0.39716699291075402,-0.054593141595510875,-2.7087182930523253,0.19989951207568632,1.8441125523739217,1.2096007630650429,0.59748873377547962,-0.10234199034037215,-0.36498241484579702,0.211495861690909,0.22008468482446122,0.02970303902573251,-0.071668105196018267,-0.44094547955671842,1.1385783548125865,-1.1964471817903739,-0.8399391512369262,-0.16248529371273335,0.46727128266782325,0.071205678649067766,-0.17214256891595994,1.7236261060801223,-0.97727814671402069,0.23113472074043259,-1.1699570880609227,0.035608991205652918,0.58729247542494667,0.81366197334316093,0.094645083121206078,-0.056766180158827707
5.2488388268189627,-0.26776442004790002,-1.7170739675979294,0.52210955476954934,0.046090495817190852,1.826247953632214,-0.32203890101455762,-1.3400689384971276,-0.078499967800227138,1.4343372833596926,-0.41030810960076525,0.7751353686606649,-0.088895357732727429,-0.083042785716291104,0.24109032525781998,0.39741206040005561,0.53485190747037903,-0.82838581351682394,-0.13388749694372312,0.50165951058871561,-1.3641211373841402,0.37372922161228667,0.18649142696402593,-1.1512893877852437,-0.28352371156504852,0.71027110105914226,0.80983229422749892,-0.69952379226030026,-0.073964655084391276,0.24447137620926121,0.31018088763723461,0.048492170109959931,0.088100005341501864,-0.11086476294230907,-0.30039508197734804,0.5388393907366239,-0.15291547537615804,-0.61102835209237127,-0.86383611697147666,1.6450367586185204,0.48309872646819096,0.001425973961645587,-0.054871290219829748,-1.0099190175311781,0.60333282045802461,-1.1644172169811182,-0.27156662846834478,0.8029402574952742,0.73596590569210774,0.29095870354021586,0.056271285125512431
3.5803457682694231,-0.071668111247447583,-1.4470938545171923,0.54049098598226053,0.20079998423845727,1.9583194106579314,-0.71208110556493465,-1.6598382636912903,0.34178949667837488,1.2927735417878732,-0.30451249944526476,0.60294387289294971,-0.14446294332185527,-0.073389944532228413,0.1596597864638496,0.42520949244532391,0.54358336724123757,-0.8585538201360926,-0.18600462893675285,0.26360590006672308,-0.98032424709780697,0.30092439243181407,0.35864517448843175,-0.67032667931674228,-0.26450549368498827,-0.089305606513433736,0.9405157139871233,-0.41604094301070954,0.19049150530084077,-0.047451064159727441,0.31139118224885837,0.050467044349541725,-0.016906059745451892,-0.096156825694863002,-0.16678652830368981,0.3407607136164969,-0.49465784950154829,-0.54404201725376677,-0.18938669413130249,1.2844549448099265,-0.096371299000968719,2.3280515846839481e-06,-0.097414090030302977,-0.50875246920330575,0.56007459462672238,-1.4023729729123005,-0.15224927246505471,0.68598121980440407,0.75012345546800552,0.1427649203334275,0.28852378778698645
