18.97,20.378887057173021,20.780277978867851,18.554900901707711,16.919497565180176,14.238814621850477,7.7670961766214237,-1.9851141914330932,-12.72323924020635,-22.230254034514367,-29.188472560384653,-32.217092056949234,-28.883674083069309,-16.438651669917924,6.4184105250336891,38.520531348787266,76.456279813459432,115.13583147458219,147.88075722184891,166.40120119265671,161.60623608760037,125.52827764466919,53.703773069834227,-52.788610010484433,-185.90070918292352,-329.75374573907033,-460.60017061070215,-548.28171348815545,-559.75716701035583,-464.66936213123222,-242.31793465962932,110.88894775593906,574.58616493090085,1099.5757897253616,1606.6380690511323,1990.7850913001007,2132.199718930869,1914.1027660865489,1246.5256253448542,93.563825945194125,-1499.8013701692043,-3386.6314229552045,-5308.960112967673,-6906.9625488391475,-7751.2961783827386,-7400.8186358863904,-5483.7986455188111,-1795.5374660291161,3600.4588546034274,10286.071100508934,17439.14316053169,23844.25864437794,27983.772210785704,28220.954647449835,23073.625613321165,11558.515473887452,-6434.3966200285868,-29799.149859645553,-55980.795742357062,-80937.699847564698,-99378.335761718146,-105327.65685067909,-93034.486849350462,-58169.439304889609,812.06298722731208,81345.289008887557,175741.30885238416,270792.51038789505,348303.36612655007,386784.02077115007,364406.15996279032,263112.38674395595,73506.556800004822,-200136.0674954186,-535666.54513280373,-890780.28865599725,-1203804.7571566193,-1398533.7606323399,-1393659.974046116,-1116668.3710772879,-521137.49458078109,394653.09145269624,1570937.6551804612,2875427.8628671453,4102281.4597293762,4984958.3166673156,5225581.2194872238,4541180.7061479641,2724067.930718475,-290175.12364176562,-4357472.4061004343,-9076466.9311735649,-13771682.377666766,-17523657.306358669,-19257494.46126372,-17894148.30874075
19.37,17.961216510693415,17.42008620914606,16.546773626865409,17.013237508299596,17.416263003831954,15.195465042601771,10.544923371233216,5.2457970485879981,0.440638407107107,-3.9494296967555202,-7.7664921757449061,-9.4728954825689247,-6.8365713179320746,1.4291947183798364,15.01733879298177,32.629522167391499,52.579629269815435,72.502630168686153,88.72187981696851,96.363706820835347,90.456158536372556,67.286896456593055,25.361856464940001,-33.961172240946354,-105.78225362841619,-180.98546118598074,-246.19035550699053,-284.87540785112213,-279.69212609099156,-215.60282413133967,-83.48283895168575,116.08999652095898,369.33651795302109,646.94263068794271,903.97348183095914,1082.9260467885913,1120.3509688515687,956.95857216379329,550.56889235651101,-109.44701631991072,-988.45109691152106,-1996.5431390519875,-2985.6624734890238,-3756.9461344005786,-4080.6287340618328,-3729.2150010769146,-2522.4101798008942,-379.46065819629973,2628.5243659686093,6236.4598380003326,9965.3226196459018,13136.347015631722,14929.172562848111,14488.841438150803,11078.888421105215,4267.8034794979594,-5875.0265265043272,-18608.427694745329,-32415.968226700599,-45014.779258076756,-53516.276779657856,-54763.518662394636,-45844.776253649019,-24748.559403447114,8914.903104469824,53241.216380559272,103556.88117155401,152306.67165214405,189458.51718470495,203537.81611717551,183322.21449577069,120111.19305765897,10341.786775015757,-141829.53515903451,-322492.07727971755,-507089.23809316591,-661263.60082751082,-743914.06603739178,-712686.15222010529,-531726.02028100588,-181027.33213338908,333855.80969552731,973479.08640936017,1659686.0899278359,2276520.6532463003,2678806.7989279525,2709554.0264157234,2226059.9261017237,1132848.0140033464,-582432.43203134858,-2816017.7513999571,-5325422.5731584253,-7725419.4807022493,-9510226.098082345,-10107241.258567326
19.23,17.756522425048757,16.571819567893094,15.190628824852329,14.172083676686878,13.45421220724349,9.8346334807663371,3.9306029051567934,-2.0170419090523026,-6.7317997908445246,-10.075204849384924,-11.55316176700968,-9.415247763787022,-1.6120546269648042,12.473651660645515,31.543282902839177,53.173091290168323,74.472370785063177,91.852801376560805,100.63028872009758,95.528637363946302,72.139257569572976,28.465228439184642,-34.113152066102984,-110.33601395287414,-190.68362532515479,-261.29231870818205,-304.80819044603879,-302.6155530549853,-238.25513863311545,-101.45235514506679,107.80336110081885,375.62168950132428,671.72166033310828,949.11977889250295,1147.0610035787975,1197.8361660863548,1037.4437173334031,619.34006193231403,-70.193056677766293,-997.33425739704933,-2069.7349178225923,-3132.8402037950054,-3976.9846831005743,-4357.8253137521006,-4030.9921840539737,-2799.4515034910096,-569.11406796150061,2595.0245670031723,6422.9165532929228,10416.362995663761,13861.693362301989,15888.909951665777,15582.903753248454,12144.337473104992,5087.2890440104347,-5551.1427449110415,-19025.535086179156,-33766.040095066368,-47379.473229738564,-56810.498772038176,-58690.563260512536,-49875.998534749458,-28140.549141576525,7055.1689043637043,53838.219096362001,107398.81787338357,159842.41409388301,200585.66506452556,217419.67468380523,198279.83962701447,133639.07158303951,19289.614572457078,-140883.10604751919,-332675.56708517519,-530523.74414553575,-698280.61396816163,-792332.53932023421,-767310.85205873311,-584245.90255380422,-220480.87781056817,319929.89892877778,997176.79352961422,1730257.4310246625,2397528.0844366741,2845341.0140957101,2906068.3067962416,2425470.750974461,1297542.4088114831,-497176.45922388893,-2855973.0364884492,-5528921.188727648,-8113179.1903608702,-10074849.180986134,-10804301.991785053,-9706552.5860460214
19.47,21.991409372570335,21.470775783847024,18.636500519133069,16.700610429002666,15.800798055616246,12.806760800392221,6.1869169704447868,-2.3998957810261627,-10.378009862578722,-16.222201991655524,-19.195014951257278,-17.923356719911222,-10.118593125537434,5.9197561189711703,29.786232451912152,58.858252615495118,89.118421598346913,115.63980388133847,132.45061377569769,132.6853343818014,109.80788263644442,59.602538689030553,-17.990621220067439,-117.71833934194727,-228.4273740777877,-332.94989789026016,-408.8738499784485,-430.83684349500066,-374.55827385995701,-222.15932732900816,32.045240169157694,376.14125168785756,776.52881849033406,1176.3576710951809,1497.8748702548858,1649.8223897715952,1540.270969286461,1094.2583406570925,274.52432471356218,-897.45784460574168,-2324.0336164198097,-3822.2172052436481,-5127.7466154468611,-5916.4533118357031,-5845.1330686603114,-4611.114869214819,-2025.8566971107002,1906.5017239844972,6919.0177351047296,12436.980223757986,17576.110052190874,21200.163921152212,22048.608023030174,18935.370309045786,11006.289018165095,-1973.059214524133,-19343.797128336981,-39352.774647040686,-59089.893112696125,-74626.77621489561,-81403.982653024796,-74883.123826396695,-51434.898323451147,-9377.6257941141939,49979.772685511147,121491.01900059209,195758.40742415687,259390.97347892291,296132.22922324965,288958.75283566612,223099.88769609449,89731.833149992453,-110122.20274382002,-362166.44805653545,-636720.71633227414,-888815.37135224941,-1061286.8670703832,-1091377.7455806832,-920850.67762394017,-508948.05329353549,153269.3360545091,1029478.1844694259,2028480.0514065088,3001694.866564028,3750862.0201616441,4048212.0192897213,3669785.6819204129,2440276.8182754857,284941.48594461905,-2718894.0566585558,-6300865.1579789435,-9978965.7368975319,-13075149.861002307,-14774700.191342877,-14233955.50406326
19.1,20.881318203125346,22.512193525777267,20.999738080127887,18.246500636553208,14.497226525828529,8.7474594253264666,0.85277010085351246,-8.2795382840298277,-16.910742343660559,-23.168606118020705,-25.236105873593747,-21.213432533806916,-9.3097754727826647,11.341283337564205,39.855493716295797,73.286110046724403,106.81090032866081,134.08700977296516,147.69968940061318,139.99063783847606,104.49923344832284,37.841954094518883,-58.437498544426191,-176.47167321690463,-301.38615925225434,-411.57885938121865,-480.32009085031274,-479.0006426699955,-382.04739172288527,-173.07248369060437,148.57180210816276,561.93247404931935,1020.5990291831852,1452.30591302518,1763.3928835940173,1849.0980930404926,1609.8258626372653,972.38630651451604,-86.104038676074893,-1515.2928394907631,-3174.4081527941908,-4826.2690871233053,-6147.7974838727723,-6761.0779772301339,-6286.4922971761071,-4415.7279980896255,-997.81411874488003,3873.6962690772948,9788.8763607194251,15984.493813202349,21362.021347748316,24577.318312488722,24210.95817595812,19015.839391067457,8222.4971045226393,-8135.8627304250831,-28934.392516181386,-51773.02209334838,-72972.666272762886,-87818.123352048584,-91091.337862759188,-77898.455546254976,-44738.377533471597,9305.5674161414645,81436.664912161024,164320.63277111921,245838.24581539494,309675.03277257783,336941.73326096789,308890.55571147514,210603.66746771347,35296.290909563104,-211374.05205115126,-507825.72985278477,-814878.49966692377,-1076876.2581527333,-1226418.7499521379,-1193112.6606278699,-916123.94932795595,-359495.68221685122,471721.9703280715,1517359.333515018,2653512.2858833387,3693119.0214551622,4398999.4929597713,4511415.0091163367,3790146.2670653723,2068271.3922705543,-688481.1138422417,-4326265.1956756124,-8463724.6458827239,-12482231.867333513,-15558556.650487537,-16749243.986710306,-15129365.151272682
19.1,21.541985003218681,23.382312307563687,21.642991605153924,17.83324756571702,13.715027700219441,8.0750003887303716,-0.068976388542269951,-10.04474063965697,-19.736879188605347,-26.621880103023511,-28.604581774738172,-23.908711734271527,-10.841594390641697,11.615738183989372,42.73050242988797,79.349183921317191,116.0429363819384,145.72766569730592,160.34229901100275,151.68231078521154,112.78240526248086,39.910840563752629,-65.296891439783167,-194.20605568546856,-330.47063428353175,-450.45114113887496,-525.00949395157363,-523.00177857512847,-416.58152281968461,-187.91988534489849,163.58828574758101,614.91434263860219,1115.2376928209751,1585.5792260278845,1923.7010225869044,2015.3407426333765,1751.9732711161373,1054.0160054965074,-103.07583237750522,-1663.822547509217,-3474.0527035225059,-5274.4755458635373,-6712.2636887334156,-7375.0595887130476,-6849.0655848246852,-4798.7901921745724,-1060.9366786125947,4260.5632420571847,10716.364211977361,17471.733116813426,23326.614961934487,26813.953271651677,26385.990499100742,20684.781962366687,8875.4435173590991,-8999.4110683991184,-31704.98722396736,-56615.051401066943,-79709.232600799689,-95839.74945387528,-99314.981127533145,-84803.294809541272,-48499.683874134316,10574.344795396644,89340.726231959692,179768.92789973499,268610.92559150991,338050.6566404333,367478.53484812699,336460.89110682136,228768.14325404566,37070.017326228815,-232367.39403687479,-555893.12825080042,-890660.62220172177,-1175873.8585826987,-1337973.7099950064,-1300208.6307423708,-996346.89623181638,-387394.91388237983,520814.83779330732,1662257.6445798881,2901370.3586590905,4033753.5525854779,4800483.9542963784,4918270.0739654135,4125432.6849327642,2240615.5956647191,-772475.98885783704,-4744648.1765184086,-9258409.5951404143,-13637568.712382026,-16983181.542105433,-18265935.583680514,-16477821.079064786
18.6,22.441583562565633,24.213068749712434,22.871136548064957,18.172486350232127,10.505780166550839,0.15008109888923338,-11.84986013831111,-24.427122815603518,-36.221029370375774,-44.842891233712017,-46.873641632749518,-38.815941913460833,-18.367329535946169,14.746415481664272,58.495328904808339,108.37043378361709,157.12397474344559,194.85535712966183,209.97658979005908,191.10969903871751,129.50835116507542,21.573444448148816,-128.76766971135038,-308.07119998184021,-492.32889668272423,-647.63130105151447,-733.15520452595615,-706.64547659869913,-532.09790272823625,-188.96169565324681,318.24688269130974,951.56436618805708,1634.5664386226319,2253.0192131153958,2663.1631174601921,2708.7684624993353,2246.8385564575487,1180.1812605023447,-506.89252419644453,-2715.5078901523693,-5209.2191470833295,-7609.2465740193575,-9415.5837940366164,-10059.375229668805,-8987.9050191272727,-5777.7319155018749,-264.40068018308347,7330.3331426086634,16299.372621013115,25408.815880896884,32943.416537129058,36862.131739146505,35074.104271496108,25825.879830454567,8165.6946106648356,-17576.862664167918,-49383.199434622744,-83315.651038651093,-113574.97261437956,-132940.06888357832,-133645.3476901105,-108686.58405629444,-53459.708184667776,32462.826528662037,143712.01722422635,268030.39414245629,386114.36589894607,472765.24613636918,499607.34103853704,439422.61316054105,271856.09881596419,-10110.094068645114,-393887.07746737154,-842505.05596660567,-1292811.2191604364,-1658083.0014146699,-1836174.8272635846,-1723654.6590053635,-1235392.7868256122,-327809.91508414299,977378.0415595111,2573341.3183434908,4257532.9040912483,5735748.5938057099,6645459.6102249799,6600985.0074293343,5259779.7231219523,2404751.9334550053,-1967457.709927002,-7567163.9214374544,-13759975.705657933,-19562983.337380439,-23707142.645912565,-24778118.981764637,-21437147.727148745
18.8,24.191956514522424,25.424898695938953,23.536305902016025,17.87101012260063,8.7937632185839618,-3.2410167525066633,-17.208002379644757,-31.579263067275381,-44.343626306567167,-52.687268766413069,-53.039998865006261,-41.80097790273053,-16.575453706409515,22.755965281475081,73.478708724648783,129.86046981613885,183.13972413928173,221.8756043832272,233.08180926222315,204.31885739760713,126.46793539270519,-3.3105812786856958,-178.87798111257263,-383.08589125447384,-586.97534232922669,-750.9368946357821,-828.46370156992384,-772.70837151896239,-545.4896926158749,-127.8509210506141,469.24722383477251,1196.0465840100187,1959.3179274126014,2624.4123207246566,3026.1500517772129,2989.6579015852603,2360.7289953486011,1043.3177191586396,-960.44357575758681,-3514.5180148867612,-6326.0504391951035,-8944.4519372125578,-10790.759976875455,-11222.703435895843,-9635.9789931318464,-5595.4280370427969,1018.3108063753734,9869.4200037922546,20064.512818696847,30120.716778346527,38036.355553868983,41488.27091651682,38164.116263784112,26214.847123452393,4783.8824404071111,-25461.486037373696,-61898.688477189309,-99738.960151280029,-132158.96820982214,-150875.51538587714,-147214.91505928728,-113651.67351027729,-45690.749677542241,56145.254546648226,184570.80370576784,324461.59109074186,452903.20870737336,540768.7395266539,556081.96763918002,469171.02637802059,259271.79428991262,-78166.238209920411,-524630.18603879074,-1033646.5457979895,-1529505.0291188031,-1911183.6529815691,-2062627.9883042776,-1869729.2858205177,-1243173.7144582237,-144891.50920337724,1385699.3098933776,3210820.6288272361,5084858.7042589225,6662317.7153764218,7528074.1639772309,7252271.2555810958,5468273.9648010815,1967051.27731457,-3204275.5535115604,-9657300.4701779317,-16612065.997429017,-22904244.344998743,-27069515.984090436,-27517190.364317078,-22792236.370973088
18.8,20.903978578427733,20.927569210950246,19.765628956396128,17.305899263748266,12.271498415740405,4.3634895401032541,-5.132157452698765,-14.709742954137869,-23.378454022566721,-29.942412662623198,-32.12566731121921,-26.938587835169749,-12.149297493316638,12.539294154566951,45.368398378403135,82.869533276236893,119.86548099039395,149.23994022028791,162.30149769498536,150.19914852594118,105.99531274472466,26.700900219766488,-85.040518219144772,-219.59118617013519,-359.45571433613469,-479.5303885548646,-549.14656264948769,-536.15149612552455,-412.72059545402146,-162.27366915938558,213.31062050605834,687.2880070244546,1203.9855431554963,1678.8767090381978,2004.3906414738497,2062.3762713881833,1743.1468783450418,969.82036343671848,-274.74053838337335,-1922.6024359749376,-3802.5852210769071,-5635.4524158834829,-7048.3319772602381,-7612.6073011005465,-6906.5335056852691,-4599.5460053671159,-549.92557595195638,5098.198466363744,11837.586814845359,18762.641938054294,24598.467180120198,27812.245287344624,26815.622160873063,20252.344066664176,7346.7444162272313,-11732.121344882626,-35555.573619212446,-61248.843417140772,-84516.475409571009,-99952.639597875866,-101681.01783918103,-84321.449241044902,-44216.099548179656,19227.169394417226,102291.66795579756,196087.00050242967,286369.40388494893,354334.33106997336,378585.36537358339,338330.49429571856,217637.48490348578,10312.747119562635,-275313.1835799379,-612656.12929366389,-955316.74515185563,-1238787.7610323885,-1386301.8575189845,-1319209.7796522677,-971542.96796306723,-307476.09720799432,660630.34687432973,1856893.6173216882,3133249.0678211972,4271604.283936887,5000368.9786559772,5027445.1751822643,4089336.6439697035,2012784.4699150766,-1218416.3990855936,-5402472.9582801778,-10078504.5988623,-14520585.324530749,-17781002.977848113,-18792458.151327748,-16531071.45404592
17.83,13.304288452110441,7.1540581001755932,2.3791703011259342,-1.9025875828614249,-8.0168571872673198,-16.923425386282581,-25.656337195514482,-30.417842015483796,-29.683366595191217,-23.626316803314932,-11.894710323825809,6.7183658454867601,32.234831277216472,61.681714290878432,89.500937825563753,109.33245815167322,115.16953682774975,101.45462251491705,63.445423715709424,-1.1327932003109495,-89.794581633168036,-193.8180464193355,-298.2673153128834,-383.1290834567742,-425.13564323271834,-400.55244197657686,-289.45356191259657,-81.316154865509532,219.16211090436127,587.44778069983943,976.92420776354777,1319.9189972903087,1532.9147104577387,1526.7316125031853,1221.7659162546097,567.11593689384858,-438.90613766844046,-1730.4183715598037,-3161.9885660477903,-4507.5630814912538,-5474.5546533912284,-5736.0591179656712,-4981.674862333165,-2983.8460300341212,327.50547271825417,4793.4772986268517,9972.7664839932677,15123.314794548918,19235.518918224017,21129.587820700432,19621.771798440081,13752.530988584194,3055.1607299462285,-12172.324440462737,-30643.558383372871,-49969.575152028752,-66716.381763159239,-76686.434010817786,-75451.814716850728,-59128.315851154504,-25328.93704403942,25822.103877877744,90789.252791385123,162055.90505310555,228117.20803394952,274243.80334893108,284152.09479889064,242590.69386166643,138678.54623972528,-30376.094013293696,-255757.0295241538,-514478.05184996489,-768626.44481906598,-967223.30212768784,-1051302.8925632504,-962410.565047123,-654129.02900311747,-105511.85211245134,665479.54163456964,1591140.4012541205,2548847.8614152116,3364633.8852193737,3828032.3599613067,3719469.7790726777,2849503.1139429752,1106654.2358571647,-1492273.5289667563,-4758242.882752642,-8303261.5261149891,-11542417.325155828,-13734858.146804458,-14070100.602185085,-11799609.301858898,-6404785.8159438334,2217816.7634946834
16.97,15.669665362843849,9.348096725572077,1.7724798666375072,-6.1511841238630094,-14.522932181913047,-24.94285401108549,-36.258836032220103,-44.440294426884009,-46.029714161922435,-39.447413395645675,-24.120287020479758,0.4979384114151153,34.128173977469245,73.888128741832745,113.58321791005031,144.76308242121118,158.38070246493444,145.96807400681703,100.60441558947144,18.590965370852807,-98.084901381285391,-239.52969273919919,-387.09763724148473,-514.27346394345636,-589.0867811833715,-578.0172719688386,-451.6260105323023,-191.82161013208642,200.18528538788939,696.89902566675232,1240.3453164106272,1742.2754300444606,2090.1284626870652,2159.7699525475764,1835.2354673085101,1034.3034096560057,-263.03640501180143,-1987.8037030846911,-3962.7357052857897,-5896.8664690823225,-7400.0828758689358,-8022.2455223327561,-7318.4024253005691,-4937.0461079392617,-722.71442588963555,5181.7202567234335,12252.9995339703,19548.984865812654,25737.215819866102,29209.691933748363,28293.368676892802,21550.750547192751,8145.4104906387456,-11774.570949662075,-36743.008045268027,-63774.890600117629,-88386.385543277938,-104912.92632473116,-107173.40096486111,-89478.975554748613,-47917.705474354923,18232.734311128064,105191.06099176011,203748.34401565697,299056.66403282655,371433.76482043439,398401.54113601375,358017.05385962781,233325.66103318703,17485.488767794533,-281183.65083834913,-635234.017113899,-996374.15032373171,-1297164.5788045586,-1457051.6567807498,-1393165.7490542827,-1035542.7228682443,-345444.22559033579,665636.298632049,1919715.9915272545,3262978.2820641492,4467698.7064640569,5249215.0767472209,5300187.1832585083,4341863.9455926754,2188673.2510779742,-1181490.5354732617,-5562817.8153968519,-10477623.443481112,-15168942.063446771,-18644569.018421296,-19782938.076571964,-17503057.318800967,-10989116.988457976,53675.802807543427
17.7,12.053998770812314,7.2657977110568028,6.0336848855565766,7.1992517243731644,6.1630385225837738,0.54859538739156088,-6.4682552589509772,-10.97181979515546,-12.518895256829774,-12.843947251024099,-12.078077935807068,-7.8760785116743275,1.8926021094430956,16.637296392264474,33.537526603458772,49.677297593775215,62.864419631777508,70.55741865387813,68.959405210756856,53.940483259051149,23.10014410557136,-22.832340086602549,-79.903371750016419,-141.27934252223349,-197.22822693764539,-235.16778944161749,-240.83060148286768,-200.89122306585696,-106.35759423989529,44.201014993134208,242.02228666668231,466.26122525038801,683.34217739466055,848.51564292179967,910.46201851944716,819.06339008114116,535.67583664264203,44.724787517548009,-634.9419938911841,-1441.0369169023052,-2263.7992678830742,-2949.7430058319305,-3315.3957722312334,-3171.9414143970262,-2359.8827009023917,-790.69983114804484,1509.9021938310432,4364.9123584528443,7424.6101064241548,10170.828528625891,11955.503630306524,12078.597404245418,9904.7399271157174,5010.2398898703404,-2656.8360442845724,-12629.751616009673,-23822.727668207732,-34513.723289163165,-42444.303555146085,-45060.29264213203,-39898.343597659776,-25097.160831602967,19.895972507168153,34377.565921559188,74712.489746065301,115400.90211875917,148680.74728049242,165370.28871478559,156126.55552373597,113198.21479915519,32514.840541048823,-84168.866140166559,-227469.59074157567,-379387.8677060951,-513628.33169524081,-597646.94766613108,-596663.71457824938,-479585.87777908437,-226395.88071386481,163889.88198652415,666025.1612608321,1223777.3101571677,1749430.4685941492,2129212.5610259366,2235773.6150770942,1947890.1555056551,1176233.1324740674,-107567.12710828817,-1842983.1313748325,-3859613.3987581269,-5869797.2400939194,-7481255.7825900633,-8234677.6269971784,-7668139.2592303064,-5405740.9464862943
18.37,18.283591219754211,11.315265783242612,5.3354821287812388,3.5043855692520758,2.4173999282299885,-3.414615450384233,-12.884073583778314,-19.945158463720446,-20.564233272301898,-15.607896560679318,-7.3310205149319154,4.6028115084592542,22.270105194788158,45.449641253447815,69.777532962229046,88.906796357144188,97.490080063848026,91.760333619869471,68.376080299708903,24.433700556268789,-40.313258153549697,-120.92642998820494,-206.64105943134783,-282.17978799428295,-329.60884670060847,-330.07528725430302,-266.24086822194937,-126.29211761877262,90.980240444717538,371.6726777022742,684.2832007971906,979.85968073975846,1195.0726210031812,1258.8006158448391,1102.8215003506984,676.29769165938978,-37.668584941252348,-1006.240080652002,-2135.1285609778956,-3264.416406012971,-4175.3352514105654,-4610.8727244396832,-4311.5195016171037,-3064.802058124812,-763.89689319641604,2532.8053537503729,6552.3160236873337,10781.04428646924,14475.805956078411,16723.422788444728,16555.299997407234,13114.957736631293,5865.438720336484,-5188.9769243013961,-19304.441220324374,-34869.62826256072,-49398.986471712044,-59693.093706211621,-62196.522800305916,-53556.469382329538,-31347.650833424388,5115.9299249699588,54007.818718592927,110418.7070422551,166174.06617621568,210218.01559883213,229697.35933529568,211793.19712545548,146219.96742613835,28152.837234299703,-138826.7201508024,-340331.80651576421,-549983.90710782527,-730116.10683270404,-834924.67548833764,-816358.79852852831,-632613.77568839816,-258538.46481467207,303357.20716002688,1013208.9009101025,1787782.5230472276,2500657.2806483153,2990852.8369014612,3081334.9017750286,2607445.3997277659,1453395.3132339572,-407290.82218273857,-2873769.2730142446,-5690579.6757235816,-8440291.5517482292,-10564861.117934946,-11422122.237376092,-10379384.729818439,-6939641.9214660032,-887908.78918549558
17.73,16.502848562577434,1.9512032956406897,-4.8221991899285399,-2.6404490898126567,0.2601178473386454,-3.9942253631619202,-11.766483203414541,-12.83353261943342,-3.1595371003486008,12.40428675410776,27.903284978070825,42.857396194286203,59.62777887552275,76.644121572926281,86.769275108315483,82.323715833852916,60.050399437286828,20.972704008453245,-32.577826639977516,-97.573359135515545,-167.53869429141386,-230.22496836785297,-268.95542731317801,-266.7054895342435,-209.85413001544953,-90.452583246579039,91.554161510476817,324.94454723942789,583.8563584004205,826.96948373886789,1000.6696223503783,1045.7626232607233,906.72833130806134,543.07596638610551,-57.5778720777015,-866.33344474352816,-1802.9240678018391,-2732.4295229148247,-3471.7521902099911,-3807.6073250264922,-3526.5711529567257,-2456.1400958210552,-513.25177516826693,2246.4585059703377,5588.2716536050384,9078.1068728494356,12093.511759090661,13875.084161259605,13623.24578852503,10638.46379870186,4493.8043133691353,-4781.8381230322684,-16541.568925833428,-29418.589035011188,-41326.408913194799,-49598.664094360247,-51292.832054947168,-43659.331108699618,-24745.886692116037,5930.3290642305055,46748.249812469992,93523.073358538968,139374.44028865045,175068.91572763829,189944.93041558989,173455.16059024219,117254.40756665051,17628.739822019037,-122079.68289149133,-289524.01095889637,-462433.54620402551,-609281.17912279535,-691991.89394432632,-670918.16940649203,-511951.50384926621,-195176.82988999187,276041.00441321614,867142.13061375287,1507594.2904287479,2091334.6399336592,2484265.8642343972,2539948.832193709,2123464.5489573395,1141823.5774716362,-422565.7655354928,-2480736.383582145,-4815201.8235117747,-7074841.8115809066,-8793825.8556244317,-9439751.1826023683,-8492409.7429498024,-5549178.6987807322,-446390.59018529719,6620977.4027636591,15005129.321875075
18.63,17.386079686112268,7.4615461270747305,4.5060451886127142,8.0873944062099561,11.112505007798921,7.6138777663032773,0.22732288311394322,-3.3066239191055162,0.073533848519848011,6.8039052204852011,12.937951229719527,19.087887056585256,28.238096796125795,40.416850847644277,51.32450316549621,55.976621569284177,52.182386298890108,40.083101068509855,19.647481122930046,-9.8223648376729393,-47.40328354219897,-88.379983215864968,-124.64015898212593,-146.89968099689619,-146.48821496502114,-115.99257717975321,-50.090039828848802,52.269511330983534,185.01728853866319,333.19677666771611,473.24919002029202,575.05691570925228,605.22592440412859,531.76661159087837,330.58748408859816,-6.589072678584273,-464.42317770007401,-998.28546620005841,-1532.4590787793659,-1963.5391761457079,-2170.1328534803406,-2029.5657556163928,-1441.2096380336502,-354.29089182359849,1203.8136018728883,3104.2063844097502,5104.2345296627118,6852.6992214627107,7917.9329151139837,7841.850221803209,6219.1164847051577,2795.2546111558077,-2428.4631647726437,-9101.1881487453447,-16461.930463557062,-23336.201948749374,-28211.604786775024,-29406.812727647928,-25335.545489105145,-14849.255630304782,2379.0001519109101,25488.79069377495,52162.219049786465,78537.105825834689,99387.758485164566,108636.7607464288,100220.3321067077,69269.51581599479,13494.316084693703,-65422.987566277909,-160692.21623642734,-259852.47098113311,-345102.10333902756,-394786.05399031617,-386178.01097803382,-299494.27481346339,-122814.08845357975,142714.32821170951,478286.67965320544,844591.96228394646,1181890.3027798361,1414081.9422724207,1457446.9934461988,1234079.75500665,689139.54203394824,-190023.42922964925,-1355886.7829575175,-2687828.3576109326,-3988619.6293656202,-4994487.5946347201,-5401787.0900968546,-4911223.2251250576,-3287505.316785628,-428540.81985363597,3565740.9548105365
19.03,18.398392053788516,11.165296587540844,5.942845668573141,4.2534083936903384,2.1524195344754187,-4.391661561242298,-13.710480389916073,-20.151429580298803,-20.360692249390375,-15.229921565543076,-6.4242104851210788,6.8025383852674484,26.275971483079545,51.206151158128478,76.894864990579279,96.96138301198863,105.95066796721625,99.690756748674474,74.370777422216392,26.946982154122185,-42.507396235377158,-128.43561940324955,-219.30836043228811,-298.90309595820065,-348.08997431599693,-346.70266974743873,-276.32984649868536,-124.71290519495814,108.91891171221027,409.20789997517397,742.10514309455243,1055.0342889426054,1280.2152744824168,1341.8374726706979,1167.6334652545906,704.39909334638492,-64.415004508725616,-1102.0104775105467,-2305.9516096185394,-3503.9922138188595,-4461.6963531383572,-4904.8759383667611,-4558.1343361348445,-3197.9499373595927,-715.19535229161761,2821.6406993114338,7114.4531062968945,11608.848669652014,15507.297711596188,17834.300550384756,17560.122648145942,13780.614597304029,5938.8164586440816,-5939.2650776901583,-21035.177138585488,-37605.117299901875,-52977.585725773708,-63730.132532329822,-66076.836846059974,-56468.8917282896,-32370.212783072537,6877.948392340646,59238.314407207523,119380.50962716818,178502.99174783114,224762.74539192975,244453.06503974527,223976.28826749296,152521.40093911925,25186.573787541762,-153895.27783431567,-369033.0504233847,-591767.1907389547,-781690.66187631921,-889889.45296966599,-865299.36615990731,-663819.36920524063,-259428.34736704311,344113.69372836564,1103034.5087875195,1927314.1028982752,2681124.8202831713,3192318.5071597113,3272450.1849958636,2747332.1139096622,1496067.3413428571,-505887.69815981964,-3146501.3701303522,-6148632.9630682487,-9063022.8789800592,-11292088.115037031,-12151244.890393348,-10969675.162964247,-7225508.4507498033,-701864.30453015817
18.43,18.500867595053847,8.9868039922440381,3.7131510757971142,3.9326004822935241,3.6309229788762107,-3.5344376732045668,-14.981734600866423,-22.980624585554143,-23.387470239569879,-17.969340131759832,-9.1909910472198675,4.2097073090801658,25.171844629561502,53.190834295008123,82.717885606066545,106.32538699808957,118.09378384502595,113.69720520111352,88.767190441148017,39.209277498287179,-35.774380376628983,-130.66406942904513,-233.08998335472123,-325.44151463545177,-386.79130701038019,-394.61581710275073,-327.57757458313739,-170.40428877736133,79.945442968463709,408.86217578421576,780.99898851749595,1140.0913358986998,1412.0645409414974,1512.3138969562992,1358.0154925291818,885.13964424417338,68.137241798688876,-1060.9694798141234,-2397.902454940137,-3759.9109810639484,-4892.19446949966,-5490.6062817564498,-5242.4832114893707,-3884.3149653401624,-1271.0409198185466,2552.2894692532509,7289.4038555959887,12357.827759492002,16896.448147693285,19829.932212992346,19998.497173491167,16351.853418468223,8193.2342615489233,-4555.391901233158,-21110.507408639372,-39661.928063306783,-57346.032562203349,-70413.496630488662,-74630.588165084715,-65922.10902630187,-41220.182959150152,569.97517702689493,57631.554000589444,124516.96947036161,191868.25218298376,246793.02277040898,274064.40161714173,258215.33103775352,186450.25192817772,52110.192778806741,-141777.15351943253,-379519.68140579027,-631143.67774571106,-852951.59200032474,-990947.03689808969,-987517.91688105208,-791280.48627610249,-369338.25975923392,279533.28386404843,1112992.8627610046,2037312.4966573764,2906645.515769436,3532134.4018404889,3702713.2335250559,3217873.7778758085,1930442.7515666883,-205242.62341354747,-3087118.4188213805,-6430822.6116664335,-9757759.8382369224,-12416448.15875295,-13645256.167376833,-12679594.61599041,-8899131.7910671066,-2001207.9883804133
19.13,17.068283771789002,12.342587123419355,0.82138228626782261,-14.949704335645594,-31.567235730444313,-50.520471030498072,-70.358655783802973,-87.497817355379098,-96.739119252291786,-92.613971561968214,-70.836851960004338,-29.278719008841911,31.27361112710814,106.17023345366385,186.19000766223115,257.57132723673607,303.1468421095629,304.57611060777333,245.45288604740998,115.0473015120309,-87.619375253839195,-349.94549119165373,-643.08903208104812,-921.55428864255896,-1125.9453335831579,-1189.4246542084049,-1047.9221480875251,-653.52813704603238,10.284662677840231,913.87480726250249,1970.1574969593005,3030.3610402606841,3890.2110344783605,4309.1402491970348,4043.5792737752872,2893.0769122308602,755.05036067466449,-2319.2833658287382,-6078.2305478594917,-10044.666733626877,-13525.628156565836,-15667.287856321203,-15561.357501541193,-12401.215029073865,-5675.7814299539332,4622.571770920571,17811.255601198533,32395.844030074295,46061.161547688775,55818.282843236062,58336.315449885122,50462.621879611906,29899.928429344905,-4033.2791488852627,-49675.913737978961,-102484.32850556195,-154852.75203887009,-196461.58251325175,-215280.2551031129,-199271.06678422471,-138721.44993217377,-28983.6022889286,126760.00037474571,315232.09639072476,511920.75691192277,681699.12861231749,781732.19181369699,766948.42012245022,597958.99558688642,250789.30478512155,-272797.88005654054,-936172.11626716447,-1662107.8875699623,-2332823.3736486924,-2797900.013460102,-2891447.1305283448,-2458584.7603215594,-1389537.3278705734,342473.78004019172,2645490.483037774,5282955.7076079044,7866380.133659387,9874779.6823477391,10706966.053218227,9768638.7483668085,6590193.821462228,963703.27725948347,-6920448.7322337534,-16363901.937435938,-26108825.900747526,-34375992.39513652,-39017992.865931511,-37800259.236396626,-28802415.529266309,-10906397.610480355
18.6,17.098916089646881,9.6705398725562528,0.83500937690086019,-8.6073969417156224,-19.926266625317307,-36.452141643955272,-55.154887224287414,-70.277434896149998,-77.387844709403637,-74.148501749204172,-58.265181356630336,-26.761887677979342,21.688887898660308,83.79684650709622,151.08040609694453,211.60556005456417,251.83008845443166,257.51516477389043,214.93408131939736,113.84180291453312,-48.175469974657119,-261.82174137416149,-504.13264606783844,-738.63090949352295,-917.41412190506105,-985.64845429414174,-889.31603306317436,-586.26395862630579,-59.172309844660404,671.91329844407232,1540.0344684558738,2427.253382158794,3168.6400111766134,3566.7284302308867,3417.8059123543603,2549.2959006033939,864.82050047376515,-1609.1197941972739,-4683.1995450307504,-7982.1005230864757,-10948.771831276612,-12885.517523637431,-13037.587960031486,-10718.653437315148,-5469.134320397291,2771.2503315890676,13504.881679452325,25567.427603469445,37108.26855851007,45696.860023165988,48580.765679314223,43101.095412961215,27242.663891705975,261.7484827409321,-36701.725843284534,-80152.037250977039,-124048.69039311542,-160041.50411790874,-178240.23116029261,-168566.13783258089,-122637.55635124112,-36020.206421283394,89459.940031342645,243766.84967823006,407579.49585997022,552622.29229288176,643854.01570479048,643774.61999483209,518794.02166745579,247186.40990796636,-172329.25236859583,-712816.40132032544,-1313960.6337056099,-1881484.4843739169,-2292934.485883947,-2411063.2269615168,-2105005.9613899421,-1278012.8875099674,101229.30573663939,1968440.9601825294,4141036.1388668837,6309997.4145702273,8053283.6647335785,8876095.0748887528,8280069.6621247623,5858637.327109308,1409662.8635204963,-4950108.0336116739,-12690334.778995199,-20817733.206687603,-27898360.040431254,-32173571.458106678,-31781638.924938198,-25080921.802892454,-11049288.613553988
19.3,21.584237553117315,15.563165248841107,5.7617261994979989,-4.1364149366340364,-13.719344646273957,-26.519715466146092,-41.821856744636875,-55.208199437716225,-61.694634066901713,-58.499451057619801,-44.33125861956902,-17.798948315360061,22.043423096423794,73.224873744717783,129.25054334274478,179.88724378042565,213.22282032019712,217.26512758095711,181.03629032288947,96.440511737505759,-38.534054969665917,-216.35833949505266,-417.88385752252611,-612.41859547283434,-759.82278595949367,-814.53768291498875,-731.95306209482271,-477.35214887262822,-36.628621654829132,573.14727625823946,1295.6934171321464,2032.2691099371311,2645.2564989614675,2970.3664288861391,2838.54161110118,2107.0499821241269,697.00908259043069,-1367.7712269671065,-3927.7066211760407,-6668.51187266325,-9125.2044604400344,-10716.750609370943,-10816.024370638475,-8854.5329572613973,-4454.3160835865883,2428.627967882815,11372.945689840833,21402.411331301435,30971.04569038505,38053.264043146519,40360.260171018628,35687.106450098589,22371.317309000115,-185.06134585052314,-31007.704910257067,-67160.346387719066,-103592.23848274157,-133339.6178592903,-148172.38822676768,-139724.43341897518,-101066.29728291681,-28577.990240409345,76130.870532535875,204608.60197307306,340682.67998004885,460755.12762414844,535646.90285984776,534203.61513202079,428611.40916693653,201021.3175528791,-149321.2502504618,-599638.85008394171,-1099379.4796825934,-1569799.9767677803,-1908864.2086448758,-2002461.9885319681,-1742098.8696694276,-1048007.1036889222,104809.79844099903,1661570.9884439833,3468983.2000738438,5268718.5587702133,6708865.1051296405,7377743.5726246601,6861762.6455614576,4824937.7212761706,1102622.1579765091,-4203498.9626214271,-10647113.427133864,-17397016.98932999,-23256685.4523165,-26761909.396885954,-26366283.398247808,-20710904.550000969,-8956959.864706723
18.67,21.163468178875924,13.394301418045952,4.5136933688393093,-4.2075080310928099,-14.435402871253325,-30.161713700227114,-48.239543252085213,-62.579726663096253,-69.040545002625421,-66.314116157301896,-52.947021656051433,-25.784361137613782,17.416082805383109,74.283657566985553,137.01810847653621,194.52418033465503,234.55830453638239,244.31695185193635,210.96635402519317,124.18577097435711,-19.488776904107365,-212.70100192126344,-435.39956801439718,-655.06331035800713,-828.46965307414246,-905.37015363903345,-835.16189948372528,-576.89485956404803,-111.34150366567472,547.2008341077568,1341.754706698594,2168.3083641580347,2878.5327796026318,3291.9181973190075,3218.8721922026657,2494.3675246124467,1019.1759057120784,-1196.7323442300035,-3996.11515167583,-7050.8129033304804,-9862.3853507641252,-11796.014029945873,-12153.468279336399,-10285.300904355676,-5734.8116279321257,1602.4885513106262,11329.049023628129,22437.615973705375,33282.158658275141,41662.025264825592,45044.702945324032,40934.939411453779,27372.448057812697,3508.9907182298784,-29817.840170217311,-69626.630923136036,-110581.42014567496,-145160.13904726674,-164309.09048324742,-158635.37538454626,-120103.94749963564,-44095.857579783406,68438.595869973899,209114.51734110306,361002.61294418079,498768.27400299645,590492.19327904098,601438.2270214865,499754.3168447935,263712.12520436017,-110352.55353512013,-600680.86666721548,-1154954.8500378295,-1689198.5568131858,-2092415.3230612506,-2238172.7840880677,-2003445.5489595903,-1293731.7629940084,-71880.808175007493,1613593.6201159626,3606396.2211225289,5633098.8253088398,7313067.2978745699,8192836.1291766996,7807260.777891878,5765441.4124276172,1853868.4932436678,-3856878.2902137758,-10921265.89331704,-18467230.838517454,-25208352.283067614,-29540876.221006025,-29737999.469240971,-24239523.831746429,-12015796.871148642
18.57,16.846956768421169,8.8554210858434921,-2.5226049311286181,-15.027578399275363,-28.181811465250249,-44.908492363247106,-62.090173365247431,-73.978166922684906,-76.065670113374807,-66.320016751070256,-43.353043282479852,-5.5150322596063441,47.133844055622014,110.00763560163388,173.4135320703717,224.41611815225406,249.10521611049336,234.02280452330217,167.66388499854241,43.403569056936277,-136.43390696060922,-357.14611843120275,-590.39338278197772,-795.40105109935507,-922.36182472420307,-918.2390851176358,-735.49796946696551,-343.55602148619192,258.63660023533339,1031.4497856345506,1887.5696236330834,2691.6084169536321,3268.5811453296969,3423.0444094890722,2969.4163514402007,1771.7499942966404,-211.49594126653355,-2884.6926531086501,-5983.2348867060846,-9062.721151089565,-11518.906188305329,-12645.996743126165,-11736.191489225454,-8216.301538115451,-1808.5015484121388,7307.1164570759656,18358.992609667534,29916.072541911301,39922.628289113825,45867.077951003244,45101.395316600683,35304.546274016553,15053.033782455195,-15572.690710314029,-54450.34265742141,-97075.984052285494,-136561.09034230452,-164091.07900243314,-169926.19344316336,-144950.19371204739,-82668.063322351882,18569.493846856625,153462.76465565152,308233.51917271875,460177.13527004787,578781.309440888,628770.91402518435,575197.2820026339,390337.18893999507,61729.399901943973,-399791.36709044449,-953622.32546481118,-1526312.5346308439,-2013720.6542540968,-2289919.7027081591,-2223604.7202235921,-1701582.1313230728,-657390.97953256022,898606.80066679372,2852962.8975965092,4973208.5168051422,6909141.8740051333,8217425.669192249,8413302.3169154171,7049376.1848494438,3816143.3494035839,-1347226.6396530336,-8149571.7544578109,-15874668.110557159,-23363716.009689897,-29077224.724500585,-31253513.851077024,-28168645.496247087,-18484699.288797311,-1651349.9234205149
18.43,21.237068076499646,14.478516783234062,6.9556147281898308,0.4189676621491476,-6.8793905841565941,-18.557879774294161,-32.92889600697557,-44.941813718030254,-50.69327370024677,-49.036059116145708,-39.268211996131001,-19.221261982064291,13.171713703218437,56.702907186866959,105.66902410738517,151.3957481003666,184.24862229148155,194.33966873456745,171.75611541736669,108.18480316599826,0.20476063001964917,-147.38684578017825,-319.84639576997125,-492.58122448382187,-632.53016446695938,-700.88554977658725,-657.98415451714027,-470.83522729430047,-122.47481049406706,378.67299699602205,991.38176722227661,1637.8563129941988,2205.3111273922864,2554.6945147342649,2537.8753382909372,2023.1836732910119,927.18994441650364,-751.37064080411255,-2901.2635608454098,-5279.0048532992578,-7507.3426622356492,-9099.0954132828974,-9511.1877335721474,-8229.4987816335688,-4879.2896479120009,650.84857350691618,8090.531102706027,16699.519004721889,25238.334728062979,32024.910859915042,35097.981828333788,32494.781473506766,22631.206390269268,4748.4146398814064,-20636.280679464533,-51360.078369487426,-83428.585487822682,-111116.50073092173,-127441.10648821943,-125053.9162471255,-97531.409923395157,-40961.382803659973,44373.979028559275,152509.15356398869,270860.72783335636,380232.54630816379,456105.40307401464,471433.86814461893,400962.43227775581,226782.95089764768,-55487.721802436208,-430879.90736964438,-860852.22897135851,-1282092.1534514588,-1609679.8447518956,-1745607.4890179913,-1592972.6254915565,-1075180.6888808375,-158275.68716583613,1126781.1117528984,2666224.9179644785,4255079.4566260651,5603346.4828317612,6360964.5715451781,6163603.747039835,4698081.6454544123,1781934.0975220525,-2553084.5287490506,-7988321.1337067466,-13874443.461672558,-19235687.402447045,-22838983.96678989,-23338435.533579186,-19494848.96007818,-10455367.086046854
19.03,25.207419118738308,21.527024149952958,15.34885130769857,10.000239946600999,4.3770873094476599,-5.7735995855396833,-20.250155745426731,-34.745233701312259,-45.041768230887413,-49.178626800366047,-46.191479607327508,-33.740938418666076,-8.7932074600480981,29.437820756917265,77.517520185764297,128.44302844672904,173.37145326217308,202.43583533384427,204.81755154256297,169.82387722105233,89.775169085518016,-36.421259748808701,-200.67794472777919,-384.71857729361136,-560.30889693589904,-690.68905691670875,-733.99979567054368,-649.49412542039636,-406.27957568391275,6.7889677146486633,571.86062678820929,1235.2024001496961,1904.4613454517569,2452.1358670614213,2727.2017797209405,2575.8316917732172,1870.3834201926015,543.83687005480806,-1375.0153006943192,-3731.9926347477099,-6231.250243914089,-8440.4233296153543,-9824.2156730523238,-9810.4087755691962,-7887.325168453619,-3725.3436821153373,2692.2191826436347,10950.724065813034,20125.861705160842,28775.32561355404,35027.933776251695,36788.763995395006,32063.167538677902,19380.550169312613,-1727.535139278114,-30267.702392384253,-63439.396013101665,-96512.994929225737,-123037.24445126997,-135456.97181267175,-126172.25219748885,-88996.053002692846,-20874.289613353601,76368.7561779268,194588.87823315518,318575.70076166524,426402.3895314926,491206.82861248188,484585.59779664181,381536.00268901442,166557.31327311217,-159845.59173262611,-575369.56277638278,-1032216.7438302628,-1456982.8229593644,-1755470.9238156877,-1823310.2058725825,-1562455.8561324684,-902534.58920538006,175321.33013806096,1615858.6645373502,3273141.4794305963,4905483.4782814905,6187087.5399587462,6740283.5878010644,6189692.6174911745,4235880.4751698459,741387.95834362903,-4182994.7425234956,-10108353.604163818,-16253765.303259127,-21508218.456458695,-24524628.301503949,-23894241.962963749,-18397192.064209178
17.9,21.125120019070344,18.759843782097374,13.262199658521734,4.9735759693378601,-5.7635854830138484,-20.488054630902553,-37.512608165599644,-53.577341122617135,-65.339176826974096,-69.834075014035506,-63.827510413549298,-43.835578373119894,-7.6591396507665976,43.735612307821214,105.41877080323658,168.89159682007445,222.82247241069246,253.73673730276838,247.26202083266125,190.62002600208896,76.167285722763637,-94.986005976258483,-310.20644844657625,-543.88350735149106,-757.6322795538797,-902.77877998295094,-925.8542310296159,-777.31139774224232,-422.767198781243,144.72574351584851,893.37259250727936,1744.6436620567804,2571.2554087134522,3203.8088175026301,3448.1256334033183,3113.8656204547301,2052.9186575571089,203.65299670972297,-2365.363329069809,-5420.7615257466368,-8548.9475347999996,-11169.960359921848,-12588.744907331688,-12087.64372257566,-9057.2917192485656,-3154.6477998355476,5532.472119719394,16343.855823623353,27964.274042657056,38437.513263142202,45309.919977347832,45923.262740089791,37855.045341355224,19475.135634384358,-9446.4347012021899,-47179.553432987035,-89648.229031310417,-130357.83175980249,-160764.69530704845,-171179.18444476195,-152223.3939467099,-96764.861839215941,-2126.4174178319736,127754.84369550002,280656.95130311884,435394.59702508227,562629.55374964036,627560.73946885089,594663.91635927069,434316.02209355612,130712.84942507192,-309979.68919408531,-852735.81110105664,-1429842.2799944729,-1942002.3855699336,-2265972.328239711,-2269652.9532295275,-1834453.3718798216,-883264.9916972816,589315.22864364006,2489546.7810732578,4606239.9582500933,6608494.2203017417,8065823.9811999928,8495007.4108992517,7434406.1469972851,4541450.6491562864,-297091.88628735486,-6858750.8249193244,-14504953.85404383,-22151748.936259676,-28316139.29653934,-31256872.128765598,-29217134.932064403,-20759590.103022549
18.67,22.696210551815486,19.33961423719801,13.122682051427498,5.19772171514962,-3.4075589778057918,-15.469314903610332,-30.379469491325665,-44.75168414852304,-54.712906332506897,-57.515875007379009,-51.092349032638282,-33.111227816068201,-1.6700070066761041,42.705884257423122,95.687527883371018,149.43269147012526,193.77827629094634,217.25909160118832,208.03686053209242,155.66253618346266,54.023957438349825,-95.323882543275232,-280.64633802463442,-478.99900008108358,-656.80408029331284,-772.24847253832388,-780.0460751485324,-638.9167348962975,-321.30133218347243,176.0865431491379,822.78469867257138,1548.249902193985,2240.8198814744378,2754.1147232255817,2922.5565126875954,2586.4631105553176,1625.2921837033143,-4.5473064890028922,-2232.9841719812016,-4848.102817254945,-7485.0263998928049,-9640.339337463176,-10718.726960940341,-10114.657685177022,-7326.1095035092758,-2090.0333401933331,5478.7057137611355,14770.536442512961,24617.332145291166,33313.399867611537,38748.485532220482,38668.215528345761,31058.335176680841,14623.767748634664,-10695.516083636709,-43258.31696975496,-79414.425968834374,-113473.25246597957,-138056.6793945001,-144909.10535547356,-126175.80448824588,-76074.003042683762,7222.9188738959874,119775.12969578986,250518.29082420803,380787.60395006614,485140.92271372903,533799.36786331132,496827.34261413343,349881.32724891225,80989.750028720184,-302571.65656545747,-768607.45669144008,-1257076.0481775494,-1681487.362498662,-1935945.0542438789,-1908544.594952136,-1500867.6852582588,-652035.38732417044,635667.74279970606,2273990.5427364456,4074194.3972129393,5746679.3459916776,6920036.2111639492,7182978.7001674529,6149442.6838407042,3542751.9138714317,-710457.99373507185,-6391183.9629083555,-12922933.691739479,-19351977.528681904,-24393503.4342684,-26558977.053680126,-24369889.580255564,-16648227.232318737
18.03,20.755498943980019,16.480479429002681,11.367520313563467,6.4602580592566037,-0.50292282810797184,-12.561776125229674,-27.51187241869577,-40.872614052492693,-49.566316541435576,-52.525551911686954,-48.226018493606382,-33.423288899842426,-5.2029631460871126,36.048197624296144,85.804716164377538,136.75319697967572,180.11577506930888,205.774610775848,202.40633322075587,159.28707445739687,69.680827057014781,-65.795180606772917,-237.10355002256514,-424.04077250669195,-596.45718475319325,-715.85870250011453,-739.42814890127522,-626.98456268332291,-350.18523694675105,97.56019286454756,692.11948863696159,1372.2433165869786,2037.6731929537077,2553.9837988683566,2766.0272833959903,2520.5646657686289,1696.8316297369222,241.86634552536816,-1794.4027069410174,-4231.0163896213307,-6742.7757157257201,-8870.1505571228317,-10058.992900720776,-9733.2768160282194,-7398.8058608887595,-2769.1426969693848,4102.4188683135662,12708.1530642669,22017.09523248929,30482.424057828051,36151.660910708539,36896.11661053259,30758.931832783695,16397.856305689911,-6428.2177618544429,-36407.222113072843,-70356.772414577485,-103153.10234544433,-128010.41781088771,-137185.43460875982,-123126.91599227357,-80011.022776102414,-5506.6748822443096,97486.843007437055,219477.29193356595,343794.22464986669,447180.66696542181,501880.11245461507,479364.34911121253,355582.93314965925,117276.1126068311,-231481.90639398489,-663693.74915329774,-1126238.9564414229,-1540563.3725286371,-1808555.5089253536,-1824379.0498589918,-1492158.4590080229,-748241.42322878516,414595.58873806754,1924978.5679047361,3617853.5909871724,5232024.3119607689,6425431.4849630203,6811740.4678998711,6018982.0286821425,3766988.4974764553,-44477.376368703553,-5250059.5575771518,-11353135.056739451,-17500224.568780009,-22515203.211709682,-25008684.060061578,-23569023.89188467,-17027942.269440796
18.43,21.027648566561545,18.130717087245053,11.99554960984838,4.0834034844336609,-4.5211601407859998,-16.433937909235098,-31.033930283502169,-44.96908091793734,-54.474021163284071,-56.776664392836018,-49.820563663532447,-31.382478572766559,0.27686578141209139,44.516322803440097,96.976273238871087,149.82975477260365,192.94171467983492,214.92310702513106,204.11942582926719,150.38328743465595,47.968552117453356,-101.21184648688944,-285.1289445246527,-480.65880023346932,-654.23333563095628,-764.32878345935342,-766.29042340556214,-619.80600525986142,-298.5389093288203,199.46759847178328,842.52149619815805,1559.2153504879848,2237.6941065501851,2732.3504767156464,2879.5524305136983,2522.7849302138529,1545.7232310658096,-90.38554559486937,-2310.7159748661124,-4899.6330831843361,-7490.680842266378,-9582.1019698164691,-10584.346880410962,-9902.1460664996594,-7047.8998335987362,-1775.8769499276864,5781.1355185361099,14998.294248819699,24698.789443751022,33178.944145772723,38344.765180219169,37974.472137588862,30102.424647006294,13494.649055032525,-11842.547204902668,-44207.335607709327,-79908.44684970763,-113248.96512667715,-136893.1934484269,-142686.4072453088,-122935.16178792874,-72069.316916618263,11496.105327441201,123586.81753100709,252959.33260913895,380880.11460693664,482002.65769523953,526850.04686044808,486012.33663095353,335875.71174758603,65335.918785304486,-317443.96116295957,-779525.85662505508,-1260467.5475515192,-1673923.9450255958,-1914861.9574600165,-1873055.4914760201,-1452554.3189637482,-595549.10073624854,692378.4956765566,2320008.4773873868,4096658.348499042,5732563.479028916,6858615.9804291409,7068757.991642056,5985144.1059716307,3341813.4647893617,-922545.81984334532,-6577386.7392228562,-13037607.915260579,-19346555.464144498,-24224837.367334276,-26199703.205736563,-23819544.744278233,-15943238.911651544
18.27,20.414117922375109,17.172857918640901,13.068649927457448,5.8035181600001486,-3.9244226165367255,-17.441298041883293,-32.715504851051023,-46.475331541098711,-56.101432027823087,-59.310338433607264,-53.180306479691623,-34.410737729309375,-1.1374861125984346,45.338171314701178,100.18597867186882,155.69135734271967,201.83651006628168,226.69551503243085,217.53209356875874,163.23285384811456,57.617031473463641,-97.433126736331019,-289.74582410012414,-495.74687164713703,-680.72314297806975,-801.14475934119218,-809.77185071130975,-663.6442514991852,-334.17212044182099,182.07749588145492,853.63040047034383,1607.4283188145444,2327.596403599221,2862.0524068104887,3038.695321597268,2691.5148638677151,1695.0770963548671,3.7381376219005347,-2310.2002679433135,-5027.1040820897724,-7768.3332781098488,-10011.137174909636,-11137.037038533186,-10516.595150572639,-7627.4726673033701,-2195.1333505442271,5662.7241759051449,15314.628872383428,25548.714781300405,34594.173786306928,40259.036963674916,40200.350813085868,32323.056674767351,15277.581317751563,-11004.032140718637,-44823.258464713756,-82394.415776521768,-117810.81766779599,-143409.8742584557,-150613.14259524859,-131253.18097577739,-79309.009148392463,7136.0599145344404,124012.13058429871,259848.88381304927,395276.8271686997,503877.15618122643,554711.71349503007,516660.65290645673,364391.74844736606,85404.00814297187,-312825.24814119865,-796938.05705192685,-1304641.1823103146,-1746139.7265749951,-2011432.7326648289,-1984213.0841482531,-1562106.2034673027,-681654.82307012356,655049.64517236105,2356648.7082418236,4227383.9775631409,5966644.9634244218,7188688.1360329706,7466126.1231770273,6397499.8292874116,3694690.118637552,-719484.1809519704,-6618663.702560544,-13405141.581683023,-20089129.927662771,-25336445.881076913,-27600548.457365565,-25344359.435971808,-17341886.161609832
18.9,19.665194002701558,20.129622649648809,17.057674248999252,12.061843053429081,6.3157917946002993,-1.814955402760674,-12.718027694792339,-24.894184827017117,-35.29203223367324,-40.942861827246169,-39.681226842722651,-29.739841947693986,-9.509744199514973,21.539041900593634,61.528472220857573,105.58537350532058,146.32946250068704,174.81172000752014,181.40635286803587,156.9248052840133,94.471319527088866,-8.0277436667986706,-145.3706010992158,-303.52228111291168,-459.36801512498579,-581.93191318261529,-635.3146260839676,-583.68128240417877,-398.28205195101646,-65.792904228507979,403.36775661096067,968.4143394254238,1555.0272328212593,2057.4116940576446,2347.1487586829012,2289.7400138851231,1768.5045369424749,713.8254661047547,-866.02877443365139,-2857.8907514253992,-5027.0629160367453,-7018.0907879804063,-8379.2332221609904,-8614.6465854422422,-7264.3554033312139,-4006.6881025264693,1228.4402820263072,8153.3606452435433,16046.784699439402,23734.110287335348,29648.409432647575,31989.974456151809,28989.739181042187,19263.695992691988,2223.0525563462215,-21518.903495746843,-49823.354288343486,-78879.35760086411,-103327.64001165878,-116730.27830680669,-112422.4597695932,-84721.722515681817,-30391.691266072288,49829.938548215992,149911.89801731426,257750.99227992486,355285.03552668996,419803.19017862878,426640.23109420203,353241.46939858672,184314.33003658045,-82532.7196867116,-431578.28750792128,-825371.31343191117,-1203998.0545556408,-1488436.2827293517,-1588850.3237945701,-1418036.3785338784,-909305.66985473433,-36969.968039867847,1163586.2316298767,2580292.3154823766,4017906.3812659685,5205275.6757480865,5819993.1996967671,5532070.3090768447,4065152.8437329507,1269863.558146423,-2800492.172638468,-7825671.9067727746,-13182370.535887521,-17953582.990928717,-20998380.399603825,-21090799.657653105,-17126342.627528004
18.3,19.848441522375435,20.093578408878599,25.278116707174856,33.005475230264125,36.163997129616959,31.282091445681722,21.892480694147793,12.385712133443832,2.5076864761993756,-10.641152809041268,-26.915182023864482,-41.242918364350736,-47.335427130160511,-41.784531238079481,-24.054775526413515,6.0220521965897316,48.82968519521846,102.48146212151984,160.29259078393986,211.09449101277539,241.84951249378022,240.09591218964727,195.26253284106491,100.16631212333969,-46.0358546421445,-234.17958222098872,-442.75270607975347,-638.19930091235653,-777.73641030777139,-814.15439490880181,-702.69867133199205,-410.35738357263699,73.076240449686026,724.20057033221963,1478.1931717777466,2226.4923683127263,2821.9498310420604,3093.0052213307877,2867.7293979794713,2007.0231340467592,443.8693188419075,-1777.0179425187823,-4466.824404934393,-7276.3676253891572,-9704.8259180023269,-11140.971603619935,-10941.020214440316,-8541.5566104425143,-3598.4770928620669,3865.5340232315148,13330.467115904441,23696.864497256985,33285.806022184421,39951.255639157753,41324.390426932732,35191.105103378053,19978.440395819736,-4704.3601688809358,-37554.992425992677,-75207.601711496565,-112126.17446676583,-140879.62847656885,-152885.74099889788,-139652.16032377956,-94456.711363025941,-14302.742034099294,98128.524118493398,232908.40830817487,372119.28932783101,490389.80738592194,557072.81648739323,540248.21734318207,412445.86824333615,157611.57204695675,-221577.52359451572,-697338.44980801339,-1212931.5861907136,-1683009.1934690718,-1999641.2091900976,-2044938.9256913057,-1710256.2271424825,-920664.76632474328,338103.27446207881,1994562.6531547247,3873780.8015159843,5693236.705234142,7078024.1668408513,7599569.9084999347,6839010.7693126779,4472012.3617777424,366468.45252592652,-5321128.7162584774,-12069828.823462227,-18961137.34911127,-24710862.548992634
19.07,24.7649877629648,26.826542492458088,27.434679954080266,28.645130916351974,28.443664428948129,22.134725930654785,10.344925921314111,-3.2297037305092751,-15.88857278105538,-27.31221515573144,-36.963368989616072,-41.505139770447997,-35.924531185620879,-16.925518484109524,15.323099006548638,58.080991743188569,107.25378355652488,156.94481740953327,198.20169422597786,219.2135337058514,207.68422172820979,154.02180841571854,53.860966190033373,-90.144296195443019,-266.55855962108507,-453.55351985858931,-618.72349139249889,-721.60387616507478,-719.09644062623181,-573.07630989995687,-259.31448929080995,223.05577735512756,842.73498269013692,1530.1927623983843,2176.9410158799542,2642.3918793494377,2769.5165681871881,2409.251297822459,1452.1805510581335,-135.74095434943371,-2278.7722919658604,-4765.5563099585579,-7240.1951498615117,-9218.1732697156931,-10133.059369129613,-9416.1920868852958,-6606.0936567227745,-1477.4165813127911,5828.3970659028419,14695.524230680659,23978.637071091489,32030.219195725706,36835.314581977327,36267.105692778503,28458.252570919092,12258.595200048137,-12277.788513871488,-43459.865900304656,-77685.21088822333,-109435.30778321016,-131640.76690719774,-136481.75854580165,-116628.59899300407,-66843.852625536369,14231.762709179638,122388.43473253054,246614.21208351338,368727.53623056499,464265.18344032869,504915.42380784982,462593.14441996871,314970.79907274974,51928.158039961367,-317992.02487272222,-762372.4245755889,-1222422.3634065918,-1614674.9156399774,-1838094.9442236053,-1787210.7575618355,-1370939.1860400648,-535548.02565856767,711175.38710615062,2278793.4424132947,3981342.024554363,5538244.2525698263,6593912.1232315851,6759111.7744108588,5674078.6588669028,3089145.1400434426,-1046313.3186638887,-6500804.3502095472,-12701791.950591275,-18721233.485308595,-23324749.872640919,-25098310.718925517
18.7,13.656544171745265,10.491206296169551,14.698337678573855,24.058231651545128,29.637278957367194,28.060897478832146,24.201995424775337,22.833205078247637,22.337803883989135,17.635857075961162,7.2003985799112549,-5.1073914866589547,-14.521883764510552,-19.566778264430951,-20.957253375725237,-17.876858874009159,-7.0722778552105225,14.191063789450041,45.114794083846093,81.437734225923862,117.51950686061039,147.43851114223679,164.32685445752372,159.95096795993223,126.34437774161174,58.878972655711863,-41.202515543294282,-165.76342752768647,-299.66222732466724,-420.89873072800867,-501.56285947288302,-510.77828379276667,-420.05568627966443,-210.19510609065742,121.64374107953108,555.80814083465111,1045.8858990400051,1517.6293986898356,1872.8205926616565,1999.5114910659768,1788.9229462514213,1157.8398561163706,74.047788932579351,-1418.8167476178824,-3181.8233565813207,-4972.495954995883,-6453.6547651067885,-7224.0173207358212,-6872.5378339104254,-5054.556442095125,-1583.0155099492495,3477.305293788344,9729.6451321017048,16399.985729067539,22348.328921505155,26155.160304613964,26293.945645748514,21387.828665838366,10531.749768338515,-6358.3763302726366,-28227.186916501101,-52665.202747802992,-75877.828688292502,-92911.623095075105,-98188.607854345435,-86358.344518132115,-53419.46624941472,2007.6911195399007,77448.599990904535,165636.04063764936,254155.82814300337,325960.49061516451,360970.68946705048,338854.08760116121,242876.00736797362,64469.440167131019,-192097.27549804945,-505824.53559071058,-836897.01812689612,-1127481.6837421821,-1306314.2798912891,-1297579.0204479555,-1033939.1209574386,-472718.36591620231,386745.27717254683,1487508.6495438828,2704867.8127409993,3845608.1253418005,4660267.0371915335,4870820.1496727094,4214096.6691387789,2498292.0841490831,-333563.2379251644,-4142930.2486951724,-8550679.412640512
19.3,15.947867333866697,12.403040534544445,12.398296984627727,17.496739552812645,20.821864290620756,18.976205725579234,14.841746577505955,12.216593975576933,11.2111320217345,9.0957979368337352,4.7669497294741223,0.57407072410117621,-0.35055382002378899,2.8104228527147246,8.774069517645243,16.566003397371698,26.586975440746428,39.147740967933153,52.655846079533177,63.71413789424696,68.75573909767067,65.235740250122021,51.527895472944252,26.566293243639581,-9.5582513505562758,-54.279098946468622,-101.75311067243945,-143.28388943342409,-168.55571274460206,-166.99613594444099,-129.23633826474997,-49.116757512030233,73.692546425513456,231.13861195113941,405.25643909674488,568.2756511779254,684.56177745686705,714.51640430361874,620.60164587750205,375.35762019510952,-29.418727347266099,-573.89436251972256,-1203.7836711159448,-1828.3102920257425,-2324.4067467798668,-2548.6251840582163,-2357.3989554288837,-1634.8699494244174,-325.62166612942406,1532.3096483939116,3780.4584175086038,6126.3815661534736,8151.064570379076,9343.5784494280415,9166.3421444822343,7149.6061603855669,3007.5539608864383,-3238.5693023602507,-11151.588011736749,-19810.125628620495,-27809.107951865422,-33354.269668052097,-34466.945454547124,-29300.008040603265,-16544.56315712869,4118.0877122907041,31590.213681149238,63049.284291604054,93860.654686235037,117809.60586268414,127725.26921874678,116519.63768408707,78592.891100448993,11467.266895422828,-82583.322006844624,-195225.57440260274,-311453.11800819868,-410041.31889449339,-465375.60623557307,-450804.17672674428,-343425.78972625907,-129912.14728960051,187383.7189788461,585112.61057194136,1015730.8229596333,1407817.6139734439,1671140.8338153604,1707235.6372678804,1425473.3673789448,763524.36487300205,-290137.26705803443,-1675300.5848716702,-3245295.1421629982,-4763620.0683045872,-5916756.5434974562
18.47,19.806243000143262,14.657570811326753,14.63205403151019,21.88757152591532,25.179520863375242,19.940673498118784,10.318068326046278,2.4158071303391107,-2.5318838940994102,-7.946795462864916,-15.10971364497405,-20.093664058631965,-17.501489639589288,-5.3801348980388486,14.444663175757949,39.583948186346291,68.799708216946328,100.11360255436335,128.26868659325919,145.01802738417564,142.00309114509264,113.35593727230362,56.475731200908811,-27.816627676058602,-134.0749698916639,-250.29948523135084,-357.19262250892302,-429.85078746359636,-441.42512023837855,-367.63134415997104,-191.70491106450709,90.004163684445246,462.1929044641243,886.08629278422882,1298.2621316681705,1614.2535277939603,1737.4498435837531,1573.2254211176671,1047.7345627041834,129.82618679424854,-1147.0037458909053,-2667.1564666137174,-4225.1978994998135,-5532.8064078514471,-6244.2380017895048,-6002.1534849385962,-4502.5668018284123,-1573.4687016077269,2743.1469224487591,8120.6350583923968,13906.34884224364,19128.307918532308,22566.195555290404,22896.612256100248,18911.809322799785,9796.5400679399572,-4569.3236839298215,-23331.665958974467,-44469.268977004511,-64756.342563512233,-79944.881110626055,-85212.402251425316,-75885.914959328307,-48403.351022720817,-1413.3487540727147,63149.023100381804,139228.09874374972,216305.69239711325,279798.90230471437,312392.7365139043,296393.12851429591,217019.47055249862,66343.791809640286,-152649.49748009676,-422626.36809580878,-709984.24439263367,-965382.38364045951,-1127520.1166911847,-1130625.4217783809,-915566.82731058856,-443766.81893929234,287750.92394242302,1232681.8184617579,2286284.881496463,3284192.357105223,4012346.7878437219,4230233.3444837015,3707794.2326315111,2273900.5062901862,-128767.0670374555,-3390714.3438064875,-7195479.100288325,-11004842.754250899,-14081612.60569318,-15559382.80996252
19.0,19.420638259207198,15.672043289998339,14.774419382673553,20.288000335260108,23.912628759297085,21.03479396673265,14.087913871083689,7.9297303903406355,4.0294687731019225,-0.072035188193055433,-5.8385662105941165,-10.702235288462484,-10.4565550134225,-3.2121045856309101,9.9034214398550038,27.137513168020554,47.742437127229429,70.747222521015431,92.831225506282834,108.17660605863301,110.48578350185518,95.025529212383731,59.275813323680865,2.9515417554123253,-71.197238549975495,-155.83348531118602,-238.14432244935347,-300.71623527002146,-323.9518020296357,-289.1747258058424,-182.07468628425326,3.2971036931541136,260.11424514056762,564.98579081479988,876.30227038777309,1135.873077214831,1274.3451074486875,1220.4686671142586,913.98890348913835,321.3071498394624,-548.05128306410404,-1627.2741111654752,-2784.167478176998,-3822.8620477979721,-4498.4211535151098,-4546.2203247123252,-3725.947629891522,-1877.1724816640719,1020.0673357605092,4789.6626699406424,9021.4669327724951,13064.764568326375,16065.94980107318,17059.388559249244,15113.466302241686,9523.8267650162816,33.658721329998116,-12951.777905766168,-28200.114904732895,-43586.523393793657,-56177.394423851176,-62501.684798792347,-59026.383699473547,-42818.999642144845,-12337.381930537529,31759.467906625676,85929.132258775498,143371.69489534196,194149.81836018586,225961.56593707821,225656.30476480833,181473.13218841216,85833.553431389038,-61649.2912803769,-251448.83472262591,-462324.44153902994,-661130.19541136851,-804862.52933757845,-845373.49806783674,-736816.52172581083,-445386.01982199564,39693.990170957841,695604.07706214476,1457991.3642567659,2218166.0985817038,2827866.2913175612,3113451.5539011848,2900243.2651674044,2046024.0989167462,480570.10373904248,-1754232.3479413535,-4471250.7959105968,-7320948.6150493491,-9799413.013703648,-11289281.254077017
18.57,13.131836733474511,4.0775525510413093,-0.5198307897000376,5.8583407972449297,6.3918217680512317,-1.1199724296069018,-8.4345463930698195,-8.981623110103234,-3.6348709396372065,2.3241403612326899,7.6161526955914063,16.160434316211443,30.792615619935521,48.695142221624231,63.712125273429066,71.36098324110111,70.285612871178785,59.597237044071846,36.872804498522441,-0.08794108972193726,-49.82965615711359,-105.93741401083462,-158.61919956349516,-196.80860341288889,-208.97135364584096,-183.52068874505954,-110.77601954385091,13.308755580624506,183.40462218443167,382.78723048829261,583.31718950235575,746.92555685749426,828.73986962411107,782.75028830885344,570.48132465732238,171.74658638224309,-404.53345962335652,-1111.6599599351168,-1860.6260343950457,-2521.7481808221964,-2934.5630988360472,-2927.505651278841,-2347.2589954267933,-1095.3951334421145,832.34871221211688,3310.744044551082,6061.7824442023066,8652.2931541009657,10520.7505653181,11038.951173161553,9609.4086400221167,5792.6006510296356,-549.68095175808776,-9116.6910078140172,-19065.522135036033,-28975.020773818582,-36908.597050367767,-40600.176613948483,-37772.514904464551,-26574.799497388827,-6098.5608140280819,23099.322253773425,58565.333571601652,95727.172916534706,128000.83731766125,147327.3306753345,145192.99692788802,114113.5429236893,49464.561670651601,-48568.964051041112,-173258.52234226878,-310228.93140575371,-437432.40511440462,-526601.29957430961,-546441.95268046588,-467590.89871019789,-269020.74012298207,54813.315386488801,487199.84650783776,984221.63976430846,1473261.4929935995,1856524.9147636113,2020742.816764273,1853446.6517580352,1265078.0593691878,214791.80194555316,-1263693.6391131645,-3041194.3923067623,-4882984.020761501,-6455479.2354595885,-7354560.991017377,-7158000.1786109768,-5500690.4219506048,-2166489.1690440997,2815034.5296045393
18.27,10.687544028059701,0.33023794404213902,-4.7051433574997503,1.9705764236652072,2.9590724202335075,-3.9878864384208992,-9.740467280061706,-7.150881389065832,1.8896547798379117,10.708514428701214,17.341865766736525,25.80854284490146,38.924023753405436,53.229928990332837,61.920240661175441,60.752264454645221,49.661318330661985,29.565831190754352,-0.0957526262298245,-39.583955183475808,-85.319902535580979,-128.9574990069043,-159.79424591486907,-167.62652219081701,-143.85434730918487,-81.820419532144228,21.462903466354874,162.02639607555159,326.14167686581561,489.87758725672745,621.07157727079846,682.78703482969968,638.00667006526908,456.16965159564279,121.68317009788279,-356.93746689004729,-939.65776387514234,-1551.4580950199365,-2084.3741669374735,-2406.2337660139137,-2377.0482426792687,-1873.1557098144567,-817.40440571956333,788.54981421588764,2835.5841351451527,5088.907447096035,7187.4404484432971,8667.2804464267192,9013.7149538956783,7742.3597989192222,4504.3745546110113,-795.93278884499887,-7889.4237215350331,-16060.135218178766,-24119.711656070376,-30463.995313293599,-33231.112982658378,-30567.78888198061,-20992.021263887291,-3817.1874845102138,20422.077736073508,49624.142316801372,79951.304982878573,105935.22362866151,120937.45011963879,118006.43790461808,91110.685246966284,36647.241336849343,-44965.671877183777,-147889.86116974492,-260004.83543115604,-362946.66360951518,-433372.15514168225,-445654.1105935066,-376011.52781315509,-207801.7539099704,62624.271728132851,420432.15699159657,828378.89713756146,1225789.6276635523,1531702.7656956206,1653107.5914212787,1498550.6442645348,996447.66234220704,116280.97736732569,-1110367.2553847749,-2573086.1333279335,-4075040.351453301,-5339342.4534421768,-6033297.6378989229,-5812396.148550177,-4382788.0003991202,-1576924.2053159997,2567461.5897803269,7739121.3870481849
17.47,12.84080233429291,5.438723548234961,1.6698552558108659,7.4158235667737493,5.3635694156821341,-5.8480497550117043,-16.707261082155796,-20.562889062376684,-18.825508229892669,-16.125422452297009,-11.910968774971579,-0.54636842759023807,21.256001154807997,50.041872914889552,78.760831114441785,101.9140753430089,116.2998160181816,117.85583778452745,100.13483870740455,57.174260426185413,-12.144667930708835,-102.30990285077317,-202.31158018461693,-297.03600777689434,-367.4479848949378,-391.10628664835627,-345.23923392654638,-212.40245809203191,13.362129531358619,321.74681574376314,683.18863016376713,1047.6218042600312,1345.9153685822223,1495.7588618026255,1413.0582263759654,1028.1558127344749,304.76165995859787,-741.11208468454697,-2025.3172062160331,-3386.6901232129476,-4589.6498902941503,-5342.4177501123886,-5333.1303656049222,-4283.1248303573802,-2013.1581567549019,1485.4124906493253,5986.2298683060571,10985.251222969904,15696.207675672857,19099.262166780623,20052.959253025158,17470.911598923205,10552.736621815635,-955.50209037276727,-16510.926164301698,-34585.835086397907,-52601.552428319235,-67041.832107719223,-73789.86966738748,-68705.796631923746,-48421.155305896435,-11276.150026457181,41729.5538429156,106151.94044730029,173696.99271994151,232412.53437819902,267660.22865407087,263966.31030522106,207715.48562822037,90475.806071113329,-87458.175327780016,-313910.8915618991,-562814.80160595302,-794153.89953583456,-956591.94982078613,-993263.72758366761,-850770.05871847481,-490811.04037004826,96828.06730928435,881959.27122142853,1784977.7467847471,2674115.4177156743,3371801.63325457,3672248.902161893,3370983.8491255031,2304991.640468007,399593.34737247229,-2284558.4059454347,-5513437.5119035691,-8861230.2505295146,-11722344.342027729,-13362708.568145255,-13014872.822954118,-10014582.455610808,-3967600.0889419504
18.33,8.1053191832421305,-0.64258208187450627,-6.490723409044838,-1.3122438677320698,-0.37978454232830572,-5.739539589255866,-9.1287803841730781,-4.2140859938645185,7.1709798293817713,18.877636750057277,28.527495902960151,38.781107749524061,51.164919291807578,61.758710065486966,63.909754400226362,53.615049394118799,31.168002459325024,-1.4506581825906579,-42.666222077403248,-89.847227102919788,-136.47504319316621,-171.78077255205602,-183.48763105814487,-161.08229804187155,-97.586877638077567,9.4647133075616239,156.13968779490187,329.33212543306223,505.04101945195686,649.43441863104249,722.74068093987387,684.99725486658258,503.10973932530601,159.26084836798054,-339.83266021331201,-954.66330396572312,-1608.3595020743344,-2188.1656528001558,-2554.4261374986186,-2557.7055501007139,-2063.8814726829678,-985.67800013558917,683.00077355143731,2835.822682687477,5233.2943875490282,7500.367651997838,9149.3753048461658,9633.0928527499273,8428.8525994394404,5148.9614921896318,-334.33766906968958,-7768.3706037371376,-16429.070066621869,-25087.994843743665,-32064.984226726963,-35387.756985889049,-33066.924483468778,-23475.585937347787,-5798.334215228504,19511.92093167534,50355.044340786415,82784.81565604487,111094.9318867171,128278.04526687013,126906.11491246169,100416.37481502342,44702.745430745796,-40183.590652421175,-148514.11876175084,-267904.68592231482,-379268.09981514787,-458049.44094046194,-476976.56892896473,-410349.95752441126,-239606.29303785786,40454.525759763084,415742.65084416536,848511.89553117333,1275974.8817852773,1613265.645954248,1761775.0685650916,1623219.7148545855,1118825.2961196951,211786.17023946624,-1070149.7951253494,-2616305.5428847051,-4224021.6978504211,-5604112.9902007431,-6405115.863981057,-6258539.8413399141,-4844075.5077874064,-1969455.7086867932,2345127.4991183374,7792747.4520579129,13733748.333589267
17.57,16.93018328833157,11.526502276258876,7.5961346302629398,11.11707636925876,11.306431898806135,3.6568400587007388,-6.1275717840767401,-11.934007500089232,-11.992342975683115,-8.6497867020801991,-2.958954578833568,7.5981821112056291,25.553235033228091,49.426282886160081,74.056618664320524,93.863674265776638,104.74809661166633,103.09289540332688,84.479953669111737,44.834193038942509,-16.616079930346054,-95.235404319628628,-181.06213465249664,-260.03999256961066,-315.04268208783867,-326.95934202480993,-277.18696927927272,-152.02600145669925,52.119277563468103,324.36580840251202,636.7411390034838,943.64124385118953,1183.894895752047,1286.4755001029496,1180.6355529923301,810.05934617175672,149.30098166437301,-780.05925039001386,-1896.5361340611928,-3052.5279807037437,-4038.4383564242603,-4600.3882170286033,-4473.2266960986854,-3427.9501295549398,-1329.4531255552588,1802.7999422198716,5741.7401772552385,10020.304336086716,13933.626228331912,16588.214556053746,17005.887031539693,14282.380888815511,7789.9425552442171,-2599.1879552947612,-16303.998039908452,-31886.522882523637,-47015.347422885883,-58589.004980774684,-63054.17402713059,-56928.613497957005,-37502.745183181738,-3649.5679581813383,43374.302141087013,99295.110111137692,156540.5100223062,204494.35548164317,230435.65680686396,221231.36375929159,165732.06595842223,57664.634269539951,-101356.37411139507,-299238.95167050732,-511903.0271269558,-703539.17227167764,-829237.61145184049,-840349.94246793608,-692549.30965838605,-356018.7561907061,173425.19349959941,864087.12018581573,1641335.9192327342,2386278.9237118708,2942533.2776736384,3132761.1997863436,2785355.2995316302,1769833.467844049,37283.36196834268,-2340129.9364133077,-5138600.9969710317,-7970285.9589166082,-10298159.349147217,-11485274.786975041,-10881536.455959713,-7944955.8609666256,-2386565.954703901
17.87,8.7042301217754776,1.0892466671053551,-2.4789391593318086,2.5659191355794215,1.1763615934321372,-6.8427237004347425,-12.416340365203492,-9.9104769853210541,-1.3488944682802959,8.2697856252541904,18.30634331841593,32.141078165216392,50.735069794645284,69.297271139778033,80.654696190654931,80.131884738365173,66.38034252068168,38.77508677686599,-3.8020494726035423,-60.631150160874881,-126.02226606023711,-188.89362779932645,-235.15525032252333,-250.37870728139666,-221.31949810102836,-137.4259092142521,6.0791466892728749,203.93285103524425,437.48334629219124,673.94541589216851,868.4211193629036,968.20543349429022,919.48440340856587,676.94161613486119,215.94439893014533,-454.57359316723773,-1281.417129734547,-2161.5037172918583,-2943.7583540150672,-3440.6317009505983,-3450.7765990547596,-2792.9591296235449,-1348.7960343687137,890.99388005088531,3784.6880326713144,7011.6301031261573,10068.622269896528,12300.252968674886,12969.910443537676,11372.795241722532,6984.420843998445,-371.25831880975602,-10359.510140503178,-22011.823634963155,-33680.509641746248,-43108.288783511569,-47641.753534536234,-44600.273342617656,-31785.957585825876,-8087.6345150526613,25903.697117096803,67383.061745196304,111060.74801470428,149273.84780643822,172599.18046155796,171033.2406906035,135718.96457639406,61085.617317504657,-52861.209806253784,-198488.41488515231,-359208.76273910701,-509402.81641998689,-616064.08085023065,-642482.45141365798,-554001.66065456462,-325497.2752649152,50242.005694557913,554522.98577348783,1136840.0990061064,1712963.7524000485,2168866.4176553898,2371873.4258332876,2189534.5203278493,1515397.2305410183,299223.0190108302,-1422579.6019800901,-3502128.1096167117,-5667723.9909052337,-7530984.5449639782,-8619232.132472517,-8436154.0426982604,-6549371.5700079519,-2697836.389905883,3094479.8641650025,10418338.578910176
17.93,14.829746097030968,9.7662528113640334,6.9517738751078673,13.58123240467485,13.717334652688042,5.0898064475270752,-4.8301748859557119,-9.9301192703555934,-10.107305067534458,-8.8931344337649669,-6.5666557703589277,0.98737751393317907,16.925031492347202,39.382448897794092,63.134190660938543,83.570650055809139,97.847381218932043,102.71314464258394,92.988439495466082,63.356350417282854,11.789176392235717,-58.598468936454935,-140.0355224673271,-221.11130534484693,-286.9562465988538,-319.48479796603124,-299.47579073917319,-210.82649180811057,-45.568507731615625,191.90499485019097,481.91327136423126,787.88166528757449,1056.7257896333631,1222.6241860653936,1215.2263406223251,972.06075469739835,453.70065471036105,-340.36031886578382,-1357.5507754895941,-2482.8380884506755,-3537.8160324210021,-4291.8840840207195,-4487.8950458279251,-3882.4183505264045,-2297.9949011002955,318.29139267989331,3838.7806126890873,7913.4772087407573,11956.020338884491,15170.425154356111,16628.397771805867,15400.740866759235,10737.22305421991,2277.9118336795618,-9733.3749949689463,-24274.124286904935,-39454.847851411665,-52566.516731045063,-60304.43059741427,-59189.994853621021,-46181.429514369833,-19424.515564692301,20950.682991046626,72124.749531815265,128146.00987512534,179932.18867467844,215879.90357125152,223187.46891238133,189896.95752904803,107524.15388490362,-26017.355497554527,-203656.88303859814,-407167.99707464082,-606598.14666104433,-761762.82982763054,-826274.30567169236,-754256.21846267418,-509430.23600813618,-75685.185794971418,532375.75522172439,1260963.6869561619,2013115.5494264085,2651612.1074907514,3010778.1585049462,2918145.0807891223,2225403.6010673405,846062.11510344828,-1205025.9925674303,-3777245.114409361,-6563466.7062024614,-9102019.7442329526,-10809362.289156141,-11048416.01425593,-9232434.2956112884,-4957334.5504282806
17.73,16.673344076977788,10.908563639927348,6.9200173472212265,11.328464840456771,11.139234254265437,2.5928471102657626,-7.3511119017825024,-12.256160218140673,-10.620526442839012,-5.2814495303211757,2.548194797870341,15.447391309119721,35.694783477736962,61.094358771737319,85.68530672623946,103.37006754170355,109.87268493124624,101.62128973864797,74.497777541020781,25.219420160973883,-45.525076687634083,-131.0801883300993,-219.2456621809915,-293.89716137341617,-336.37514694583837,-326.98112614044328,-247.96332838273796,-88.360110630900124,150.61405944985705,451.41831512654915,778.23597728931418,1077.5029648089887,1281.4247820777662,1315.4466452407639,1110.2380823199826,617.42015446488597,-173.1407545701062,-1217.4576959280926,-2406.290638618038,-3562.3358879371926,-4449.3749832663971,-4796.2851754030962,-4336.8609510263686,-2863.4036755643497,-288.56281272069555,3293.530751598325,7558.8086540311924,11931.462881872734,15602.902505904467,17602.90138879509,16928.35511391372,12725.795057173051,4511.9877271246205,-7596.1215181747648,-22683.220908249958,-38919.318431711559,-53578.037005981925,-63235.544075389756,-64177.995731958777,-53015.17082470168,-27457.146628296017,12836.605584684083,65473.727276911217,124787.2018320535,181729.37211596555,224382.69453355554,239215.12885305233,213110.69987952989,136066.66264816182,4279.4566316596029,-176836.02805001469,-390304.05506744789,-606625.97855531762,-784893.12624063413,-876522.41061268328,-831855.33523147879,-609394.24254475883,-186854.88490916387,427440.03235645499,1184910.804751737,1991327.621493951,2708287.1662779539,3163800.7917284663,3173293.884328139,2570774.9280604864,1247871.326631723,-803944.3951877621,-3454954.2758403365,-6411476.8761720499,-9212487.4192117099,-11257452.869266665,-11871471.026113383,-10408807.997003701,-6388883.2083051987,349732.68995691184
17.83,18.933863956656044,14.110266081655764,12.003986844751802,18.608017374318951,22.913959974186241,18.404505475068781,8.2048410729975529,-0.82990059205705635,-5.0151191882119148,-6.4397736235915897,-7.5946725684067058,-6.673882258062644,0.54454936067077897,15.753039186807886,36.435437502990673,58.47096560753328,78.856892164445838,95.221515259175519,103.63236603028457,98.262572361427956,73.797980870366302,28.232380782321535,-36.154646618764737,-113.2708049492029,-193.43030441054637,-262.897992808151,-304.12886803984463,-298.02930676254294,-227.98545229007044,-84.316786210702702,131.81588927126944,405.20168606527022,704.27111182892008,980.70795114899113,1172.441298953366,1210.8859208158906,1032.1729302419978,591.25572512743338,-122.6928650176074,-1071.7279425826307,-2158.4130958071514,-3222.636959994471,-4049.5956642786614,-4391.4731342223613,-4003.4491476877479,-2692.2266752248165,-372.37981930705769,2877.3899170007303,6769.0377080941207,10783.945320243594,14188.685164396544,16098.283882114163,15592.115822806845,11879.311021000467,4499.8773189053027,-6464.2906539859214,-20205.829992337047,-35081.50381877397,-48623.324531323218,-57713.743179136851,-58951.281687917857,-49205.788204145872,-26325.428401470013,10085.869170533328,57945.398629810603,112183.38011795084,164626.99151667987,204443.59772588903,219263.00467541174,197010.97148836518,128360.11770152836,9550.0539101547929,-154834.39390605252,-349681.17228316364,-548407.85680295085,-713896.25373067195,-801814.53851797688,-766561.24702230061,-569643.11997051805,-189757.52325079479,366748.86114531104,1056935.2191474312,1796127.8028670978,2458984.6301858732,2888840.263647086,2916565.4460995011,2388785.2533468776,1203426.6547585907,-651602.05799152202,-3062949.8193246373,-5767641.9347494086,-8349021.7041715384,-10261007.441347074,-10886380.858769612,-9630325.5388220511
16.63,18.525060419459734,12.71601403327594,10.083539409409022,18.741558043095633,26.475639410143749,23.344429807733455,10.75876807195711,-2.2970714454575312,-9.4719599923859548,-12.882772371467791,-16.791854578865266,-19.921549879482264,-16.264638575732391,-1.8314038936483201,21.674083341919399,49.59409016124858,78.503489421585755,106.23208137106917,128.59886822152285,137.90738249108441,125.50796404187481,85.769925782541122,17.978548530022273,-73.979400899951855,-181.75128430452861,-291.33519190572372,-382.19553823043333,-428.87965148722833,-405.3779145423868,-290.65733670218606,-74.003142826057456,239.98746381828286,626.72713072833176,1038.3925231810597,1404.2149285175344,1636.0311077891288,1639.4829036719993,1330.118784741185,653.07002710464133,-395.68659553938272,-1749.7140843702314,-3258.7870312887003,-4687.1238323648195,-5727.8156224526956,-6036.3400403663572,-5283.4925621943994,-3224.7206678453394,221.33822366096155,4896.9212188256006,10347.638390038195,15801.459254804538,20201.645198837279,22306.974472246511,20864.552733774748,14848.479206112914,3742.3823722739899,-12172.850531285729,-31580.114772252869,-52000.22284652388,-69845.129534249296,-80705.79317035331,-79905.198312289271,-63306.897147859614,-28316.295939387048,25048.611579798438,93199.214673314797,168358.26202402113,238526.83278658398,288257.99538469443,300383.98807966965,258712.84908452281,151528.23270513912,-24490.844141716891,-260536.07930526068,-532914.42364576482,-802165.64244774892,-1014913.3956037347,-1109096.8211074022,-1022812.0152245184,-706377.02519781492,-136466.51557559383,669663.82309220929,1642589.1370280818,2654981.4745018343,3524996.7787360228,4031482.6515994435,3942407.5382076022,3055862.965478864,1250313.1083602679,-1462251.6798653107,-4889498.5705092782,-8629686.252714986,-12072519.710229669,-14440771.815009302,-14879602.108633835
17.7,13.521539411654052,4.9616092639155225,4.7977098559863265,17.12391216597949,26.2826197332909,24.306720979856735,15.805246878345095,9.5259020140511197,8.339661835642687,7.4272619944243718,2.5276587850858379,-4.0636772604511284,-6.740977299308847,-3.0605561315805385,4.8667248629495736,14.458050353574377,25.94865152214653,40.825007568727266,58.125588801795757,73.47377693502952,81.576580351088765,78.819183937826139,63.406724911378909,34.192907760072593,-9.2026139330559857,-64.506216624598366,-125.08959407502147,-180.18767009981769,-216.70091551380025,-221.17774479417707,-181.49236180455955,-88.979749617586606,58.386536807825365,252.47027485491168,472.58693373284257,685.31256003165436,846.69826046921298,906.83822077021,816.97671929848389,539.23199419446973,58.156051953161636,-607.76631811922016,-1397.237229171453,-2202.4869121784222,-2873.1776245949277,-3229.7930880431763,-3087.5768854306439,-2290.4396318829185,-751.89811982944616,1502.4662208006494,4298.7763574874371,7294.090236490134,9980.7061699705937,11723.942271281439,11838.468702911916,9702.6216912925665,4902.4627610861316,-2611.4731784032347,-12380.477002437361,-23339.639622461738,-33801.295624023194,-41553.15120746757,-44094.305481263655,-39014.138801536334,-24493.131578629153,126.67174064266874,33786.562887100648,73284.739183547063,113108.60529710179,145653.57019240633,161928.15414197865,152787.61336800299,110651.30241417963,31548.693220421199,-82781.842980152593,-223129.15725091341,-371845.73668862507,-503165.8527241507,-585215.45686922828,-583946.58845731709,-468941.43453511142,-220648.34815743967,161826.70202108467,653680.10501491162,1199764.0761725132,1714115.7752251422,2085290.1844412931,2188598.3245717809,1905418.406290937,1148437.2924724075,-109891.1521546524,-1810006.8427390575,-3784738.1314668455,-5752122.7607879415,-7327852.1139362361
17.43,18.007554028383879,12.372055318237678,10.119933910586335,13.924164330725393,15.897699122605339,10.471748959809288,-0.10911006718294902,-9.5524550096514194,-14.276639104889519,-15.857265728072365,-16.20105082327477,-13.402657183171485,-3.4897251950787642,15.00019401238427,39.340810109464414,64.969337771253791,88.057017687378789,105.20146713820671,111.58923741868222,100.89648165907079,67.754320470954383,10.596813776334537,-67.206233835185728,-157.67171886098276,-248.46877978242998,-322.77642510520758,-360.01959048279167,-338.70701204507753,-241.08783515937333,-58.272247149993632,205.25973789645633,528.12190045046509,869.87016890672044,1171.3797178411,1359.2349914595013,1354.9517200249411,1088.6371520000935,515.69502041346891,-365.46119343051197,-1497.4042352712859,-2752.9948870446201,-3934.2124126073709,-4784.4692321781258,-5016.9588228044822,-4359.2487519633905,-2611.356813979527,288.89481786558895,4203.1161773950043,8745.3060144664814,13265.541750508828,16878.93622649357,18550.856883784978,17242.50997724511,12110.862047668119,2744.1740905844613,-10599.393548942337,-26795.27890395842,-43751.770813225841,-58459.805448535037,-67239.02391274547,-66204.572063884014,-51945.349909679746,-22359.997743477586,22453.475247919028,79407.250385853404,141922.28325789908,199919.53554386477,240486.85300369377,249340.79380930946,213092.43864107374,122173.5932755284,-25901.154215661114,-223445.65013230685,-450349.55670403189,-673406.56095798756,-847935.50674728584,-922223.87752794521,-844970.46903427003,-575387.43216160801,-94980.971403668591,580656.55305271083,1392326.1840374349,2232656.2678752523,2949199.7215152849,3357414.2744699963,3264645.2264819234,2504508.1793812648,978830.20870776568,-1298203.9136203374,-4161451.7595738117,-7271287.8156729629,-10115263.627850104,-12043900.62755377,-12346235.011186305,-10365091.629359145
16.5,15.331835730402929,11.095984913714245,8.592173451421294,11.33503613665194,11.420256110029321,3.7697206041306446,-9.6443386159258928,-22.590550510193189,-31.251640052379596,-36.413304244925584,-38.751492420882386,-35.301593277918101,-21.372683079377122,4.8665072348529517,40.664710256905408,80.768079446233017,119.67790710592448,151.29350242066351,167.38291451100886,157.98838649208392,114.45668244586457,32.93186117081072,-83.724325326114695,-225.41499538106004,-374.44728004657168,-505.25828008219275,-585.67341041331565,-580.96680209985379,-460.44348982445388,-205.13622692368429,184.66887958514582,682.88107376900462,1233.0766020673132,1747.8468925145753,2114.1705570627582,2206.147976731063,1904.9630424410054,1124.5114693176222,-160.0962037394608,-1885.2968652836694,-3878.7322517650841,-5852.4772997068167,-7416.3538069494971,-8116.1071981914838,-7498.0099233031488,-5197.0056448061541,-1040.0579438785437,4849.6262082158773,11967.398390758868,19384.622735803441,25772.784665290797,29514.061556679433,28908.659607740025,22474.310927087634,9313.8101695976911,-10495.624466278021,-35558.679204315042,-62947.476989916482,-88205.470077770617,-105649.27313498525,-109019.52279329159,-92482.982971341466,-51920.814551112679,13641.547783305874,100688.15727685859,200241.87355106036,297595.72919493279,373056.81425595348,403931.02670158946,367820.40282708674,247076.53916109656,33971.773343634297,-264150.75501801906,-620754.8733457796,-988194.81679074396,-1299187.8421671323,-1472637.706234186,-1424280.7188778326,-1081864.2713579535,-403581.82581169513,602612.90456245071,1862235.2987901454,3224231.7221872243,4462098.8160842229,5290049.3680812074,5396626.7778200451,4495669.7260661619,2391127.1007089997,-951751.33382109622,-5340310.5765971569,-10308166.234846994,-15104925.626503684,-18737213.730122555,-20071928.228897769,-18004598.076629676
0,0,0,0,0,0,0,0,0,0,0,0,0,0,0,0,0,0,0,0,0,0,0,0,0,0,0,0,0,0,0,0,0,0,0,0,0,0,0,0,0,0,0,0,0,0,0,0,0,0,0,0,0,0,0,0,0,0,0,0,0,0,0,0,0,0,0,0,0,0,0,0,0,0,0,0,0,0,0,0,0,0,0,0,0,0,0,0,0,0,0,0,0,0,0,0
