18.97,20.203786292895124,19.5,10.993516378647271,19.1,97.396869849893704,18.8,331.18990588173006,802.69807167276861,18.4,-2172.849097169033,18.3,18127.821214029187,23.3,-350617.12529257772,24.0,5006062.6292962367,25.9,15259328.115695599,21606711.243023604,24.9,-15474850.716645991,25.8,-660509580.33162665,26.3,8096117586.0566273,25.9,-167687762161.39523,24.2,89019309486.867477,23.0,1531924376229.6292,4251915487699.0586,21.7,-17184389673135.248,21.6,140388234596733.52,21.4,-3463152267124647.0,21.1,47805915202000744.0,20.9,1.6416155436947606e+17,2.6480968349380941e+17,20.6,-74173467063351584.0,20.4,-6.6198937096702894e+18,20.2,7.7448803888675848e+19,20.0,-1.6576797769505246e+21,19.7,6.547954406125045e+20,19.4,-3.2519224227059964e+20,1.9365775541212258e+22,19.1,-1.3282256960096523e+23,19.1,9.6903587408735836e+23,24.3,-2.4638058006117984e+25,25.8,3.4092114375821324e+26,24.0,1.170566807956257e+27,1.8856955946887745e+27,23.7,-5.3205526149009384e+26,23.0,-4.7169803325148441e+28,23.6,5.5185165262077038e+29,24.3,-1.1811585406165894e+31,23.6,4.6656438910591989e+30,23.4,-2.3171909173539046e+30,1.3798830640041928e+32,22.1,-9.4641028903310106e+32,21.8,6.9047420227492644e+33,21.5,-1.7555535243110133e+35,21.2,2.4291903081854363e+36,20.9,8.3407251063520375e+36,1.343628443059833e+37,20.7,-3.791092194164655e+36,20.5,-3.3610244201811649e+38
19.37,17.700169636759039,19.9,2.3173811555424431,19.5,70.141347576379161,19.2,308.75180158445187,880.95437286087667,-2567.4820794200482,-2576.1519446035122,-2260.0936149145564,9397.5809341776257,22.7,-243337.74085101957,23.5,3536880.2905033948,24.5,13712259.559543286,23.9,41719241.035072267,59934293.981298819,-679346146.12775183,-1106108693.9211223,-317418077.4493596,4318269672.5464497,24.1,-128725411273.54828,23.0,-21644914371.644348,22.4,1263171716790.8806,4675189662039.2773,-16044407678378.881,-23600961736564.031,-4061013395362.3838,85598185569470.437,21.8,-2231323307804465.5,21.5,33510435495943836.0,21.2,1.3628569902340954e+17,21.0,4.6756292280057043e+17,7.7044968710698138e+17,-7.6175400498389012e+18,-1.1551996147411692e+19,-2.7642453804965228e+18,4.230054575791566e+19,20.3,-1.2707854236542559e+21,20.0,-1.5996091032205087e+21,19.7,5.3287190016873202e+19,2.4095684297719894e+22,-8.5850591653916783e+22,-1.7398161687199013e+23,-5.2797109022014319e+21,6.4481855837217931e+23,23.8,-1.5783598015157179e+25,24.5,2.392376573825138e+26,23.0,9.7260845639474081e+26,23.1,3.3342186297380833e+27,5.487700720743167e+27,-5.4277691450923846e+28,-8.2312427305368827e+28,-1.970748151897348e+28,3.0140533780959853e+29,22.9,-9.0548129324681959e+30,22.6,-1.1397820659185526e+31,22.5,3.7962292227825501e+29,1.7169069472175472e+32,-6.1171727420535669e+32,-1.2396838648463948e+33,-3.7619590303985145e+31,4.5945730281193021e+33,21.8,-1.1246402250231605e+35,21.6,1.7046575416057866e+36,21.2,6.9301980194252211e+36,21.1,2.3757551342432226e+37,3.9101914426457371e+37,-3.8674879600164542e+38,-5.8650674532641137e+38
19.23,17.747811149533199,21.578568804115086,-3.5834095343237387,19.3,114.43524716357098,18.9,361.94834861976045,18.6,-4226.3962030068287,-3061.4656148425361,-122.22446037653262,10889.305320738691,-48640.746028033747,-354049.3117160768,24.4,5485304.1175123183,25.4,7658263.9490655884,24.7,48371204.909822464,32755960.218312122,-861907121.7755208,-1186738638.3860271,1060528776.3818767,6334887382.1526346,-24549034888.833961,-186168896349.74527,23.7,218912102350.67307,22.7,1365398979457.7551,21.9,-23694606410898.926,-24712052742795.84,19875100441054.734,100369803620240.87,-584963787706555.12,-3350449796784096.5,21.3,58326805244788024.0,21.1,80393784141059552.0,20.9,5.4554292413903238e+17,4.9330884516409907e+17,-9.6930664716435436e+18,-1.1920349136844124e+19,1.1066739191941788e+19,6.1038164905890578e+19,-2.4805383481299586e+20,-1.8401676652155993e+21,19.8,6.2751417459730232e+20,19.5,-2.0348758830389894e+21,19.3,-1.2517844896270563e+23,-1.9123168888672472e+23,1.6280924598686124e+23,7.464346828653707e+23,-4.2465073114856582e+24,-2.374498592899816e+25,25.3,4.1599660779320112e+26,23.5,5.7365793153287118e+26,23.4,3.8889573246543721e+27,3.5114136920062646e+27,-6.9067427847926994e+28,-8.4937604367046865e+28,7.8841377839678458e+28,4.3491823000808716e+29,-1.7674784369290949e+30,-1.3111879303244458e+31,23.2,4.4712537457215502e+30,23.0,-1.4499348449073382e+31,22.3,-8.9194276380923117e+32,-1.3625971155807945e+33,1.1600769821093099e+33,5.3186258723935551e+33,-3.0257948210813944e+34,-1.6919188054909445e+35,21.4,2.9641309905256289e+36,21.1,4.0875267270694703e+36,20.9,2.7710271442881048e+37,2.5020132228617015e+37,-4.9213118408728034e+38,-6.0521211102771382e+38
19.47,22.329854443109266,20.0,2.4728004475729977,19.7,138.78784407767444,19.3,379.34597519540711,578.57164923975392,-4550.9022795411092,-5831.7810603742455,-711.97725441986063,10888.601322915589,23.8,-408070.18159371708,25.1,4986500.456683211,25.8,4536569.8922166442,23.9,53114160.886545189,32674321.987588644,-778283424.03472078,-1922019126.9481447,880769535.12580001,5842845824.6257524,23.3,-204502499533.91043,22.4,374854127783.89526,21.8,1387701751690.5908,3198324399334.6006,-23134776954133.555,-39650264021940.43,22632769241035.105,109284183743871.34,21.8,-3788796737100718.0,21.5,55416081366489648.0,21.3,45234397227940664.0,21.1,5.8447431499316659e+17,5.1336250776376e+17,-9.2312442640693412e+18,-1.9807655910427533e+19,9.721781054272766e+18,5.5340466433447608e+19,20.3,-2.0239962864131787e+21,20.1,2.1701172979200059e+21,19.8,-3.5164772733434368e+21,8.1883518870574313e+21,-1.2711649087834565e+23,-2.8649424013534053e+23,1.8168618111796065e+23,7.9996806045064975e+23,25.0,-2.6843386589355894e+25,26.1,3.9523242333039574e+26,23.1,3.2234622435951684e+26,22.0,4.1688922204476549e+27,3.6565655672912604e+27,-6.5777735384244675e+28,-1.4114318520600892e+29,6.9245345436056329e+28,3.9430506099891332e+29,22.5,-1.4421737698861922e+31,22.2,1.546288519936133e+31,22.0,-2.5056343514745518e+31,5.8345032271990291e+31,-9.0575197731675061e+32,-2.0413781650680229e+33,1.2945821917546419e+33,5.7000714268327439e+33,21.8,-1.9126914027433188e+35,21.6,2.8161784322022274e+36,21.4,2.2968370755412777e+36,21.2,2.9704911998448645e+37,2.6054393493342533e+37,-4.6869089829002192e+38,-1.0056978380015254e+39
19.1,21.053014202288736,25.126080165178688,5.7876148734319095,19.4,133.86318858648522,19.1,325.65722365039335,18.8,-3912.7467792129628,-2288.0502308456589,902.18163312299737,14562.877894215108,-36618.117921706085,-365671.25000141625,839543.72772107727,5433191.5413741944,24.0,848895.74218363175,23.8,26914376.524350971,23.8,-640158756.54203022,-1033889424.6549424,1157307806.4872613,7998367823.3759947,-20004766446.669048,-185624138117.92529,22.6,414174120954.10919,22.3,1123941708955.9746,21.5,-20562624116445.57,-20030951504478.898,24067476230038.52,131352730366012.36,-512467460089523.87,-3477221237170728.0,7951258711521684.0,58693875353252504.0,20.8,16711563929551526.0,20.7,3.0536225632621773e+17,20.5,-7.623725438961108e+18,-1.1402957350774338e+19,1.1101372715919241e+19,7.7081275224922194e+19,-2.0239731644973757e+20,-1.8383099301748165e+21,19.6,3.2428964820822744e+21,19.3,-2.4927959718471637e+21,19.0,-1.0197712306618964e+23,-1.6155672900228947e+23,1.8599922759955752e+23,9.544639178494107e+23,-3.7422295669612837e+24,-2.4737081653086886e+25,5.6524829883619273e+25,4.1843707016783988e+26,23.5,1.1888452897685606e+26,22.6,2.1784041779527184e+27,22.1,-5.4322831753048252e+28,-8.1252363492627647e+28,7.9085812383830259e+28,5.4922476691603279e+29,-1.4421621360660666e+30,-1.3098640830190083e+31,22.3,2.3106835808946785e+31,22.2,-1.7762197474817272e+31,21.8,-7.2662462149783652e+32,-1.1511519457173307e+33,1.3253141979178412e+33,6.8009117429171005e+33,-2.666478124079704e+34,-1.7626093269914963e+35,4.027604954062293e+35,2.9815201945273853e+36,20.9,8.4709660854456444e+35,20.7,1.5521942278735494e+37,20.5,-3.8707043748844799e+38,-5.7895339527843119e+38
19.1,20.0,27.023716030179319,5.6546592976673331,14.049355536653652,134.68364065380911,19.0,472.81730768040842,18.7,-4889.1083127420661,18.7,-1194.0331787903342,11055.74225921612,-40520.529504113234,-346736.92217963969,685040.9511159847,5537493.2936203498,9703771.5137158837,-2551088.7586098281,23.7,47498888.479778379,23.4,-693138602.52309966,22.4,119796597.4813403,6411938190.7807493,-19099341147.096939,-186290183886.66464,-59489732971.46077,362665419606.51532,21.9,1750958112595.147,21.4,-21700695612097.16,21.2,7533531646417.4434,107769430758491.22,-497524264980373.0,-3357998119163410.5,6531288753508808.0,60140394355079776.0,1.0438351172901536e+17,-23503328874984624.0,20.6,5.3817251237219354e+17,20.4,-8.1057627288658412e+18,20.3,1.6749056261189632e+17,5.9540562104729371e+19,-1.9416464093286017e+20,-1.848404427763561e+21,-5.9873260307790037e+20,1.8236082463355392e+21,19.3,-1.1837535668785938e+20,19.1,-9.6232540997899155e+22,19.1,4.2529692867357053e+22,7.9337901769117969e+23,-3.5933117860018078e+24,-2.393721794754243e+25,4.6508504424473618e+25,4.2880302942167826e+26,7.4465434192882835e+26,-1.675310776868481e+26,21.9,3.8368978975488141e+27,21.7,-5.7757658594846541e+28,21.7,1.1694735750044308e+27,4.2423648877620952e+29,-1.3835072916464886e+30,-1.3170574300870506e+31,-4.2661974342475299e+30,1.2993855785576006e+31,21.7,-8.4358694861178899e+29,21.5,-6.8569226045309321e+32,21.5,3.0304022236838074e+32,5.6531220959714229e+33,-2.5603686062718819e+34,-1.7056160516287608e+35,3.3139044130670259e+35,3.0553815209955711e+36,5.3059399309381234e+36,-1.1937214149659097e+36,20.8,2.7339328611003939e+37,20.6,-4.1154485984749542e+38,20.3
18.6,21.756137249689399,25.925516423406005,8.9083473563316407,18.663424335131733,141.65546825635084,237.01226762119813,341.94349910654353,18.1,-2955.4440937531617,18.0,1686.7422237545225,20.3,-22770.685532774329,-440617.51779878826,557264.30852038448,5455019.3275623266,11273528.328212138,-465688.39730202954,24.3,75392304.562250495,24.6,-889799838.04652393,24.9,1094064287.5613949,22.7,-10792937961.671268,-204805641570.07608,-50833038681.996254,250989995285.54611,1275278779634.3965,1243838481899.0264,20.9,-19117885472089.578,20.6,26750012241018.586,21.1,-495692955619460.94,-4151752863172799.0,5207647698191994.0,58437374913307120.0,1.3840921247312635e+17,-1866625052740614.0,20.2,8.5351932175367731e+17,20.0,-1.0450283367538172e+19,19.8,1.0915905792515334e+19,19.5,-1.1200527685233343e+20,-2.0235743576892973e+21,-5.0916014077664081e+20,2.4923443450062328e+21,1.4418573259627274e+22,-6.9429374952445628e+21,18.6,-1.0562374446909898e+23,18.6,2.1119270895740177e+23,20.2,-3.6850632956744778e+24,-2.9567772936200362e+25,3.6917296387943167e+25,4.1671164792781471e+26,9.8690714431671285e+26,-1.3903798523837869e+25,23.4,6.0880801824126218e+27,22.0,-7.4468608274696265e+28,21.9,7.7763570147486742e+28,22.1,-7.9806790822577482e+29,-1.4418720155447986e+31,-3.6279639484186678e+30,1.7758887427363905e+31,1.0273773963292852e+32,-4.9471124928597061e+31,21.6,-7.5260830122264393e+32,21.5,1.5048271101387728e+33,21.3,-2.6257450652348501e+34,-2.1068141014061525e+35,2.6304950501422314e+35,2.9692259189888411e+36,7.0320815031888592e+36,-9.9069755913166234e+34,20.3,4.3379842057791449e+37,20.2,-5.3061660917369257e+38,19.9
18.8,23.265865174136533,29.040118589010881,9.5019766447503322,18.9,132.49062351586298,18.6,188.72793927241764,18.3,-2227.5404262286825,533.04661201132774,-127.74500355634015,25736.519498866572,-7186.344651787811,-396939.90618658887,23.4,4732524.2687871195,24.4,-5403210.5466007395,24.8,66366804.210598871,77493533.972172171,-724463195.38129377,-360120886.23450208,-90834874.478712052,10832615092.393862,-1756210259.5966578,-180795977057.14026,22.4,308585895247.5564,22.8,496406932593.15509,7076891075960.1338,-12229493308362.389,-9310883616412.9922,2842106245241.2969,220820569951367.19,-334943289172328.37,-3855581066872793.0,20.5,51389158925666408.0,20.3,-65017063149066080.0,20.1,7.602358847338039e+17,9.9959939681422451e+17,-8.1459098148049961e+18,-6.3285284327967754e+18,-3.2425832770056023e+18,1.06272009512484e+20,-2.2770382253162275e+19,-1.7894345367280532e+21,19.1,2.5320578102787367e+21,18.8,-1.3072491588847535e+22,3.2606459805046843e+22,-7.3940271261784499e+22,-1.0131100213947701e+23,-1.2296148118367967e+22,1.5649756457718289e+24,-2.5168770720281674e+24,-2.7521705848801953e+25,25.4,3.6653439944395814e+26,25.8,-4.6417183558393484e+26,23.8,5.4226130221630717e+27,7.1214970267570859e+27,-5.804979487899012e+28,-4.5091615568501307e+28,-2.3121231370364626e+28,7.5721960743215865e+29,-1.6224028216572267e+29,-1.2750394619305371e+31,22.3,1.8041862740873499e+31,22.3,-9.3146473840069734e+31,2.3233307036847874e+32,-5.2685185272495678e+32,-7.2187872339650704e+32,-8.7614434236164916e+31,1.1151035337645392e+34,-1.793368795246502e+34,-1.9610241904561048e+35,20.8,2.6116943087571091e+36,20.5,-3.3073974621418489e+36,20.3,3.8638140332623085e+37,5.0743322489640975e+37,-4.1362643985789611e+38,-3.2129457911809103e+38
18.8,19.5,24.840554824013136,6.3100750234107181,16.015165116137744,115.55991373316718,168.5079028653972,265.46998899949426,18.4,-2406.8424053177432,18.4,509.99200395511667,19.9,-17492.960843203051,-377618.02377899294,426533.65047761024,4761350.4958746079,8187282.2406803882,-2839131.6157130832,24.0,4321570.5576330284,24.4,-678731844.41997313,24.6,648836397.12963724,22.7,-12161455484.042744,-175250665149.79898,-73555017401.087143,291457529654.2887,844125731022.3645,1145461388638.1626,21.7,-15693859833618.443,20.8,15007327701300.471,21.0,-419309792425444.12,-3536778222348286.5,4011524646309816.5,49541011469717384.0,1.0157605868137811e+17,-32309453060348612.0,20.2,75937737609026560.0,20.0,-7.4809376695635395e+18,19.8,6.0312978201097114e+18,19.6,-1.2481481266174825e+20,-1.7307876510343469e+21,-7.2931885041630393e+20,2.2492254595368212e+21,8.6206932189309169e+21,-2.0743435864349302e+21,18.6,-9.2035247842744731e+22,18.5,1.1912131515169796e+23,20.4,-3.101668340039313e+24,-2.5146967208100503e+25,2.8436806313269092e+25,3.5338228539535972e+26,7.2413179744714033e+26,-2.310331462247649e+26,22.9,5.4333152797554531e+26,21.7,-5.3308370753336907e+28,21.6,4.2962868367371611e+28,21.8,-8.8933949042278349e+29,-1.2332515297874664e+31,-5.1966672349188876e+30,1.6026575544943852e+31,6.1425669550278477e+31,-1.4780528915449848e+31,21.3,-6.5578528855970331e+32,21.2,8.4878408165238162e+32,21.2,-2.210054407750412e+34,-1.7918152031039305e+35,2.0262285021903257e+35,2.517980590654437e+36,5.1597091448041498e+36,-1.6461973443585055e+36,20.3,3.8714398017426547e+36,20.1,-3.7984202450990236e+38,19.8
18.4,18.0,11.108804927162073,-9.4827069649010021,32.278090193138468,126.56615943173344,17.2,575.18827401639589,16.8,-3176.2514648038473,16.7,14767.6120378796,19.0,-89728.145587972904,-506822.91571410035,1446742.9821695746,6328799.3344650343,3959210.6967715742,31262525.650312349,21.9,174721976.34022683,22.4,-741720368.2096777,22.7,6074321776.8961201,12818844308.196854,-30496100036.681652,-220160476557.92047,128824085490.0807,119039700880.09946,22.4,2302684131951.9185,21.5,-18305358677215.234,21.1,133156561176421.8,221828564017724.12,-785156961958590.12,-4668745188413328.0,14784260197983316.0,67884253692912008.0,71331418558619040.0,3.2089639806351955e+17,19.9,1.9598174699815542e+18,19.4,-8.7068582656398316e+18,19.1,5.9224458380094046e+19,1.2529581354989047e+20,-3.0687803672133547e+20,-2.1796032633549512e+21,1.2855873620060149e+21,-1.5234235489488428e+21,18.0,-2.4445970418625424e+21,17.9,-1.2253228229678651e+23,18.0,9.8227577102929013e+23,1.5854362945836348e+24,-5.7339017392846946e+24,-3.3293505630928541e+25,1.0527113440075926e+26,4.8443996434083394e+26,5.088698550930455e+26,2.2881921624310854e+27,22.4,1.396621755100616e+28,22.2,-6.2040904691576956e+28,22.2,4.2198584507751512e+29,8.9278843138238553e+29,-2.18659012232904e+30,-1.5530473326277019e+31,9.1602869990805214e+30,-1.0854957940133418e+31,22.8,-1.7418772274297932e+31,22.2,-8.7308809305203232e+32,21.5,6.9990813279873218e+33,1.1296824874132293e+34,-4.0856189264552155e+34,-2.3722864567806994e+35,7.5009609382012496e+35,3.4518154332724258e+36,3.6258875171630397e+36,1.630422260873418e+37,19.9,9.9514509156246045e+37,19.9,-4.4206458585567751e+38,19.4
16.97,16.7,10.015759773513023,-1.9259866101367771,19.688275103673991,140.76104805695616,15.8,109.30303679669956,15.4,-1302.2463585877408,15.4,13272.075833932993,17.4,-32430.543064779733,-514158.65652219299,689403.66447174421,5633060.9945721682,8033618.3882568441,-2845780.0333472872,21.2,116561731.10969299,21.7,-442960402.05573076,22.3,5229319456.1212645,14882767863.321135,-5188475859.9355145,-196051894784.20624,-35953196989.242233,423502836351.69586,22.0,285104082279.90009,21.0,-10353964470246.244,20.5,109454264254117.52,21.0,-374614932508473.69,-4775157514091618.0,7205532446723378.0,61663055162683832.0,1.1707987087309347e+17,-30053318792783264.0,18.9,1.3461480497831163e+18,18.7,-4.7709423091995116e+18,18.4,5.1195749985260995e+19,1.4716606103166014e+20,-5.9956389984304873e+19,-1.9403968666493898e+21,-3.4398288165477561e+20,3.1577750409106403e+21,16.9,-1.743676718869123e+22,16.9,-8.7463761515822816e+22,17.2,8.0420417235059107e+23,17.8,-2.8468827533416739e+24,-3.4124124741463495e+25,5.1303231573265247e+25,4.3979884418935326e+26,8.3542503669266543e+26,-2.1593459764181499e+26,22.2,9.5928162819736422e+27,22.4,-3.3997610581218486e+28,22.2,3.6478642985100181e+29,1.0486292789570748e+30,-4.2716916489648816e+29,-1.3826040269067464e+31,-2.4510191030261369e+30,2.2500342133900683e+31,22.6,-1.2424355693147851e+32,21.7,-6.2321190506480316e+32,20.7,5.7302547195205683e+33,20.4,-2.0285102074865907e+34,-2.4314711711099756e+35,3.6555465739093782e+35,3.1337308013589042e+36,5.9527149878655482e+36,-1.538614559812337e+36,19.1,6.8352393928239407e+37,19.0,-2.4224565577219807e+38,18.6
17.7,12.800791182561387,15.154909766835384,-11.576864341871939,17.5,64.416286956386017,17.2,543.84453921698139,16.8,-7650.6102970902284,-9739.9464250503006,4819.1170672126627,16043.236267392826,-78669.182453285146,-433803.14435892279,788011.51243218128,6029167.0507358024,19.3,22214870.179883704,20.2,53997165.071767688,20.5,-1482319061.4779665,-3096261713.534266,2830565509.1834016,9709500475.3953476,-32267246219.161457,-221694022175.20605,21.2,-290151873139.01007,21.3,2198030900500.1604,20.9,-41035674072558.445,-70703800068280.656,64639810641948.391,151879871607742.5,-916153928919089.25,-4711881525008763.0,7708231262274970.0,58580770670148752.0,19.9,2.0841229075408198e+17,19.7,6.1203887153817971e+17,19.4,-1.5117293169550621e+19,-3.0052960787897016e+19,2.7527784392537838e+19,9.2337979669462057e+19,-3.2411385431351781e+20,-2.205278715674214e+21,18.6,-5.3540193443925144e+21,18.2,1.4436866419407963e+21,18.0,-2.250009323261906e+23,-5.1052772564216177e+23,4.8463557319072749e+23,1.1553157864730043e+24,-6.5242013134476565e+24,-3.3649463434370599e+25,5.496790650913025e+25,4.1811422257039924e+26,21.2,1.486854938859178e+27,22.0,4.3614803169758173e+27,21.6,-1.077212732609722e+29,-2.1414383896937955e+29,1.9611970460331253e+29,6.5794299281299443e+29,-2.3094202642029938e+30,-1.5713409818147497e+31,21.6,-3.8149415793202851e+31,21.5,1.0286713923596083e+31,21.5,-1.6032150644545735e+33,-3.6377003303050375e+33,3.4532095572261835e+33,8.2320568780059476e+33,-4.6487367201586898e+34,-2.3976497728168159e+35,3.9166683550549155e+35,2.9792197860779657e+36,20.2,1.0594396011578874e+37,19.9,3.1077173997137578e+37,19.7,-7.6755424973886977e+38,-1.5258547237683197e+39
18.6,18.823944057418405,17.9,17.8,17.7,17.6,179.75697061848868,17.1,1481.4166060593202,17.0,683.253457327207,16.8,18999.720921072687,20.2,-531524.66671169689,19.8,20.4,3620048.4126405353,21.8,47725540.421563037,22.6,208689843.80355626,23.1,-741974298.4421643,23.7,11807327830.033295,23.7,22.9,22.6,22.4,712128371116.93542,21.7,7592008979861.1592,21.0,-8632649764002.585,21.4,169026773714401.72,20.9,-5234895466047199.0,20.3,20.2,57075614783222200.0,20.0,5.4227265761536326e+17,19.8,2.4587441836708567e+18,19.4,-8.3117110585550285e+18,19.2,1.1774331959203412e+20,19.0,18.9,1.6784060651618773e+21,18.2,5.6908141023016004e+21,17.9,4.2503520008424286e+22,17.8,-1.3003910061752041e+23,17.9,1.2444203177002422e+24,19.0,-3.7327517807197177e+25,21.0,21.6,4.0623115745628142e+26,22.3,3.8627341340981839e+27,22.6,1.7516527804252877e+28,22.2,-5.9224732657691405e+28,22.4,8.3897899214058337e+29,22.5,22.5,1.1959277904445456e+31,22.6,4.0549191358406194e+31,22.3,3.0285337147003868e+32,21.7,-9.2657750496266791e+32,22.0,8.8669589274336958e+33,21.5,-2.6597248746273246e+35,21.1,20.9,2.894548511590183e+36,20.5,2.7523421417710186e+37,20.1,1.2481179388344466e+38,19.8,-4.219983097501521e+38
17.73,17.3,9.6450900537403133,17.1,34.952698544763258,140.17830840918589,322.76713651953662,1648.0280002860038,16.2,-5515.807568056046,16.3,24709.587550513643,20.1,-99560.588238291311,18.3,1760550.4704356964,19.6,8757050.20124273,56939769.187516645,43478377.507078737,245523349.73575619,22.1,-995256847.80708194,22.7,9323832572.4496155,23.4,-52393046174.994476,22.4,-26957060413.603241,476479851300.18677,1612711230535.7166,7283828947484.2842,20.1,-34260813123793.668,19.9,192245110350553.44,20.6,-1283515387794639.0,20.1,17734362421802882.0,19.5,1.0459496979182581e+17,6.244233752609239e+17,5.2458196982462938e+17,2.7311413667512105e+18,18.9,-9.9874412930834555e+18,18.6,9.2053741000347599e+19,18.6,-5.1738145802242228e+20,18.4,-2.4242951837616597e+20,-2.1521115116572204e+21,8.1827609054733245e+21,3.406623469648086e+22,17.1,-1.6770848697897928e+23,17.4,1.3125621273045382e+24,18.3,-9.2550533792049536e+24,18.8,1.261561122797352e+26,20.6,7.447346645339797e+26,4.4520278355246536e+27,3.7349897209159611e+27,1.94622254001648e+28,21.7,-7.1157769012519622e+28,21.3,6.5592363471518687e+29,21.8,-3.6864882093528047e+30,21.6,-1.7273890812806946e+30,-1.5334594543901871e+31,5.8305201567201179e+31,2.4273441787102599e+32,20.9,-1.194985040885173e+33,20.6,9.3524942589878212e+33,21.5,-6.594570886489194e+34,20.9,8.9890934932504821e+35,20.4,5.306512254604613e+36,3.1722358851765412e+37,2.6613194817997505e+37,1.3867561496941714e+38,19.5,-5.070256445129787e+38,18.9
18.63,17.97194462652665,15.915742569722507,-15.203817674867469,18.4,95.703253266035802,18.1,1091.5385513829212,17.7,-4712.271611005026,-3282.2969252691837,17312.534532438425,21771.594134172021,-100737.69464163895,-520646.39543170604,20.1,8839259.6048543528,21.5,56717131.398419172,22.0,144398255.17024273,22.5,-886862552.77263284,-2073100525.5902219,6239724147.1740484,11692808830.548515,-47312584501.848892,-293907372555.05048,22.4,257177011175.40692,21.7,4968467768521.167,21.0,-29155067331039.66,-35004208831091.82,136516320707009.92,183958976019865.62,-1155885522866074.7,-5420175994552659.0,21.1,68775075815801800.0,20.8,6.2125962733824883e+17,20.5,1.6139866174202202e+18,20.2,-9.4652717367991173e+18,-2.0367751032185434e+19,6.1733014966857335e+19,1.1616905215776509e+20,-4.6506029442882103e+20,-2.9125360437061815e+21,19.1,-2.0124453039909991e+21,18.6,2.6547056038132652e+22,18.3,-1.260706838518364e+23,-2.707279157969221e+23,9.441587283501406e+23,1.3395261913808769e+24,-8.2501754301249507e+24,-3.8703519729568921e+25,21.5,4.9041443814875751e+26,22.1,4.4308472846482841e+27,22.9,1.1500272679077336e+28,22.4,-6.743807106152093e+28,-1.4513045034301298e+29,4.3987182973041205e+29,8.2775982194065879e+29,-3.3137051235645948e+30,-2.0752863280890072e+31,22.1,-1.4339440226131572e+31,22.1,1.8915755260185434e+32,21.7,-8.9830015433728654e+32,-1.9290374797337792e+33,6.7274827880529011e+33,9.5446236464705765e+33,-5.8785577996586177e+34,-2.757770140549155e+35,21.5,3.4943857852502938e+36,21.0,3.1571439534069652e+37,20.5,8.1943732189243204e+37,20.3,-4.8052140925314286e+38,-1.0341085892536548e+39
19.03,19.5,17.892902706441497,19.0,27.938791460013899,18.7,281.42942670016072,18.3,1834.9871278461276,18.0,17.9,17.8,20.1,-45937.605843961137,23.0,991599.78430208319,24.5,11951624.046599345,25.8,66463856.971905507,26.7,400640817.26881695,27.5,27.9,3753854545.5710392,28.2,-20908857809.008865,25.9,14639642706.71212,24.9,1013251286891.5394,23.6,8733517334443.085,22.2,22.2,22.5,22.3,-577862690959912.25,21.8,9939040188253798.0,21.4,1.3708891170461832e+17,21.0,7.3504640017833958e+17,20.8,4.6040176093792957e+18,20.4,20.3,3.5839804335189946e+19,20.0,-2.0955056762745232e+20,19.7,1.4760215796539811e+20,19.2,8.0652520776139738e+21,18.7,2.371408670272953e+22,18.5,18.5,18.5,20.3,-4.19481745372406e+24,23.7,7.0691995065103056e+25,25.5,9.7772487706958939e+26,26.3,5.2374938208336039e+27,25.8,3.2805918189684374e+28,24.7,24.7,2.5537589518704394e+29,25.7,-1.4931107515827132e+30,24.7,1.0517194578427886e+30,24.3,5.7467929953442938e+31,23.7,1.6897148432196478e+32,22.6,22.3,22.8,22.6,-2.9889639401487357e+34,22.0,5.0370682993386538e+35,21.6,6.9666544251364692e+36,21.1,3.7319096944194362e+37,20.7,2.3375440300790886e+38,20.3,20.1
18.43,18.830052308886806,18.8,-14.836724732368413,18.4,140.1381918226902,18.1,827.51547640243757,2473.4924710887362,-4333.7310630808643,-2601.3554269627239,17.3,24291.325718225049,21.9,-594905.10893346695,23.8,10519967.444387486,25.4,42250694.614858694,86107222.697699338,196242848.30626199,475923747.4664036,-878681304.03351593,-1979955273.2682216,27.4,13502486733.277678,26.2,-310817889080.0238,24.4,476298267499.354,23.6,3582735946530.6851,12216160889139.557,-27331296453842.687,-34338842223747.086,22.2,204378617994468.66,21.6,-5890168680872362.0,21.2,85388591546937840.0,20.8,4.6436705684455258e+17,9.6612747380761651e+17,2.207895300603306e+18,5.5226771738168525e+18,-8.3624085463545416e+18,-1.9214952090890682e+19,19.7,1.3286565022668549e+20,19.3,-3.0781318523310309e+21,18.9,2.9250316123477003e+20,18.4,7.90198580384561e+21,5.0286293211652974e+22,-1.3818682694303397e+23,-3.0614750281096454e+23,18.0,1.4891816186579696e+24,22.7,-4.2010631287765065e+25,25.4,6.0895172144451046e+26,25.6,3.3121468477359723e+27,6.8843195533576122e+27,1.5734270892369419e+28,3.9351308242518346e+28,-5.958299816958633e+28,-1.3691408793763401e+29,24.1,9.4673105058079111e+29,24.0,-2.1932809399756085e+31,23.8,2.0841590414522729e+30,23.7,5.630443289402907e+31,3.5830836175171822e+32,-9.8463226589761747e+32,-2.1814154109987596e+33,22.5,1.0610974501649303e+34,21.8,-2.993414171987017e+35,21.3,4.3390081419470691e+36,20.7,2.3600281664588748e+37,4.9053344520420925e+37,1.1211254866020633e+38,2.8039274842557331e+38,-4.245510851307994e+38,-9.7556394257443396e+38
19.8,16.592852990309947,19.3,-5.3702042157381262,18.9,240.20185847572398,18.5,-290.10127123463968,2109.1328961053582,18.1,3059.9898011859732,17.9,65183.448221172366,29.9,-720321.88445746421,31.6,8578770.5062437207,33.8,-30015260.709695712,84470253.100081459,34.7,47331529.447143845,34.7,947165693.02069044,35.4,24220104378.644409,30.8,-265015286219.13211,26.0,579176191487.73669,24.9,-1860232626500.8804,10745996152781.867,23.4,4890470939996.3555,23.1,491739089033073.56,22.5,-6718241941230219.0,22.1,1.0643824028122595e+17,21.7,-3.5062352824963597e+17,9.2552145051297523e+17,21.1,6.9235601185965811e+17,20.8,8.1833493843253289e+18,20.4,2.356397446311029e+20,20.1,-2.6066517115711012e+21,19.4,6.3495501992804819e+21,18.9,-5.3352412996400509e+22,-1.5252777921675556e+22,18.5,-6.5398329668544733e+22,18.5,3.3985919310592859e+24,30.9,-4.7810357346133805e+25,33.8,7.5969649115507382e+26,34.6,-2.5012164516956467e+27,6.5913626847880268e+27,31.6,4.9188167958329365e+27,27.3,5.8329418830499597e+28,28.0,1.6790522797668175e+30,25.6,-1.8573383259115916e+31,25.0,4.5242882827408483e+31,24.9,-3.8015601829626875e+32,-1.0868225316436543e+32,23.9,-4.6598791399066324e+32,23.3,2.4216234282664756e+34,22.7,-3.406666299965937e+35,22.3,5.4131208572049577e+36,21.7,-1.7822100138232672e+37,4.6965917542890118e+37,21.2,3.504840421866661e+37,20.7,4.1561886487743148e+38
18.6,19.3,19.0,18.8,46.685909985686237,18.4,548.52584056565524,18.0,2678.838738734059,17.7,1960.8454752679913,17.5,22.4,27.3,28.3,1514849.6865592492,31.0,21462668.609550361,32.1,106520084.93120447,32.8,145390755.76622778,33.1,413675341.30600345,33.5,33.8,29.4,26.5,139488757824.45334,25.4,2568999308947.6855,24.2,13552487239223.953,23.2,-3497357573341.6826,22.7,22.4,22.1,21.9,15089964528131442.0,21.5,2.4529653874718746e+17,21.1,1.2004996012760061e+18,20.9,1.7955576863560832e+18,20.6,3.4491771110202327e+18,20.0,19.8,19.7,19.4,1.3754484795866433e+21,18.7,2.0075258564031503e+22,18.3,4.396595178075639e+22,18.1,-1.2741098162314142e+23,18.1,22.1,28.5,30.0,1.0767919783205891e+26,32.0,1.75019281069389e+27,32.8,8.5529943931209173e+27,29.3,1.2782776974865777e+28,26.1,2.4593222237676145e+28,26.6,27.2,25.4,25.1,9.8005515170375363e+30,25.0,1.4304370110778648e+32,24.6,3.1327343460306255e+32,23.7,-9.0785116726663902e+32,22.9,22.5,22.3,22.0,7.6725444707550415e+35,21.2,1.2470776573212415e+37,20.8,6.0943275128964022e+37,20.4,9.10820535963526e+37,20.0,19.7
20.0,21.89304283589988,19.5,4.4422801704788837,19.1,18.9,457.49377746389621,18.5,1901.9236405996235,18.2,732.38862729005223,18.0,44412.368348661774,24.8,-547862.76121028606,27.3,28.7,29.7,30.4,69094013.771596834,31.0,90492392.555645928,31.4,437302016.89419258,32.1,17753646878.455349,29.7,-212463398852.39978,26.8,26.2,1855423325434.2239,24.9,9180716254822.293,23.9,-2945728306372.2568,23.3,341134667768124.87,22.7,-5335775487397741.0,22.3,22.2,22.0,21.7,7.714054283471223e+17,21.5,1.0954366614482831e+18,21.1,3.1978691057062472e+18,20.8,1.7374662047939671e+20,20.5,-2.0927087749911484e+21,19.6,19.3,1.6143792766667563e+22,18.9,1.2740518821746377e+22,18.7,-6.9546621028720699e+22,18.6,2.3542331671320783e+24,25.6,-3.8047538108827949e+25,29.4,29.9,30.0,30.9,5.4947073906769683e+27,29.3,7.7978392673829189e+27,26.7,2.279601168583337e+28,27.3,1.238025537127187e+30,26.5,-1.4911328035251328e+31,25.6,25.6,1.1503055591267601e+32,25.1,9.0780589216728549e+31,24.2,-4.9554574420076363e+32,23.4,1.6774788769629312e+34,22.8,-2.7110290126375985e+35,22.3,22.0,21.7,21.5,3.9151839555964363e+37,21.2,5.556251317016971e+37,20.7,1.624300857316591e+38
18.67,21.521076314365452,18.8,-2.1099800937790838,18.3,18.1,602.07292438076684,17.7,2723.4326131676844,17.5,-2901.2859321360847,17.3,44176.135385479749,26.2,-665516.60759266431,28.5,8049553.3883832199,32.2,33.0,114522420.5187754,34.5,301990272.66472906,35.4,-1204179525.7006719,35.6,16583178242.529711,32.1,-264698118815.50696,28.0,27.3,2521296749031.9062,25.3,13632489489171.326,23.8,-35492335463615.937,23.1,349848932012313.25,22.4,-6450130882786010.0,21.9,84395945703696816.0,21.5,21.2,1.2646217737443172e+18,21.0,3.5501310756830223e+18,20.6,-1.1610947407234111e+19,20.1,1.6277014721349901e+20,19.8,-2.6120645558599386e+21,18.9,18.5,1.6597937490322942e+22,18.1,3.4894562674761051e+22,17.9,-3.2338140242205255e+23,17.9,2.4488510307507002e+24,27.2,-4.5889115566123506e+25,30.4,6.0235231168509209e+26,31.5,32.4,9.0114906079419394e+27,29.7,2.5293252252637522e+28,27.0,-8.2721816536504074e+28,28.6,1.1598049183887696e+30,28.5,-1.8611957366237991e+31,26.8,26.7,1.1826647629270621e+32,25.6,2.4863632839095019e+32,24.3,-2.3042132549430486e+33,23.2,1.7448976788129285e+34,22.5,-3.2697706429061445e+35,21.8,4.2919848918681457e+36,21.0,20.8,6.4210231673276421e+37,20.4,1.8022385613031401e+38,19.9,-5.8942379623990293e+38
19.5,19.2,17.032818048666726,-3.6921410913692414,20.031482390231265,164.64459987710063,617.09705195551237,103.42413871396825,17.8,-4940.8747158609121,17.7,13406.589889347391,21.9,-25602.282214877418,28.2,772975.85280474275,8767605.2394568026,26305461.232624885,-7783356.5593782915,34.2,142821001.60316828,35.8,-1227926456.9027879,36.4,3756705002.9892635,36.2,-9416150879.7976608,-267559697794.95731,-160220136257.33554,293894909825.46826,2800779598132.376,116116057846.64204,24.9,-24440910469870.648,23.6,95649431069675.469,22.6,-254393856257548.0,21.9,8031942216759521.0,90480196177595808.0,2.9232081610730566e+17,-1.0007407794456158e+17,21.1,1.6439481351191762e+18,20.8,-1.2071217380052402e+19,20.4,3.4904666395081232e+19,19.9,-1.0632748426273494e+20,-2.6472924437314352e+21,-1.5856711469777352e+21,3.9355733951124571e+21,2.2583610972557739e+22,-3.4864273410988689e+22,18.2,-1.5362434912206612e+23,18.2,6.5436568290059399e+23,21.1,-1.9325474748067288e+24,29.3,5.7569749962104365e+25,6.4580272782461375e+26,2.0861346606799814e+27,-7.1447228265121478e+26,32.4,1.1715129527031342e+28,28.9,-8.6017717950421331e+28,27.2,2.48702503569162e+29,29.8,-7.5762576675754445e+29,-1.8862958665206594e+31,-1.1298553746998612e+31,2.8042387388314069e+31,1.6091663750534643e+32,-2.4842113891747792e+32,25.3,-1.0946305352830032e+33,23.6,4.6625993855478544e+33,22.5,-1.3770120866244822e+34,22.0,4.1020594163627401e+35,4.6015853126270126e+36,1.4864487558046901e+37,-5.0908815084046649e+36,20.5,8.3474667376099839e+37,20.3,-6.1290832317043315e+38,19.7
19.4,22.35995115015541,21.110621996262608,4.900602153283792,7.8750180690274147,83.398313109668408,18.0,-50.123092309755634,17.6,-2706.9155168934694,17.4,9242.912512945104,34149.308828286143,-7582.2446306218189,-450472.03493586509,-29204.027574666121,5792432.8213592218,29.0,5334646.9276978439,30.8,98717114.934768796,32.6,-764762233.79562771,32.9,2034303352.428823,12241804988.272909,682156908.59655595,-175366636192.93396,-255162903902.21289,99135391580.206924,25.7,-345223471663.77271,24.3,-16763129431214.777,22.9,61687732039773.719,270009628059874.59,-222945919054219.5,-4583669716755288.0,131930951099499.0,51249591748287936.0,21.1,37751760906184976.0,20.6,1.1368369522032612e+18,20.4,-6.050133464295852e+18,20.1,1.8867473343013945e+19,1.1924777418153955e+20,-9.9630147459134874e+17,-1.7409471046811871e+21,18.9,1.5736961230833378e+21,18.5,-2.4301532298973268e+22,18.1,-1.0312254501021788e+23,18.0,4.0071455552053424e+23,1.8806902804357876e+24,-1.6075157241601731e+24,-3.2703060846314403e+25,1.1096792339056728e+24,3.6594815314260016e+26,28.7,2.6840036203454829e+26,29.3,8.1022185154920441e+27,26.4,-4.3110746003370413e+28,25.4,1.344296616170719e+29,8.4968400078941492e+29,-7.0893168099525132e+27,-1.2404915215686435e+31,26.3,1.121315982157738e+31,25.5,-1.7315758943346929e+32,24.5,-7.3478640822791291e+32,23.0,2.8552404448844741e+33,1.3400619604551996e+34,-1.1454148720819997e+34,-2.3302150584229313e+35,7.9068789436073139e+33,2.6075170868995964e+36,20.7,1.9124526801395246e+36,20.1,5.7731328883889037e+37,19.9,-3.0718014465294749e+38,-7.2214159798202099e+38
20.1,19.8,22.814421051503825,19.2,4.5497529195661235,18.8,474.05754619270817,18.5,2510.984927182074,18.2,18.1,18.0,20.0,23.6,24.8,-285393.62729536975,27.1,22729935.508899152,29.4,121880171.26492594,30.9,346259670.51917553,32.1,32.2,32.4,32.2,7876821534.0323334,28.0,-324166345335.72144,26.7,1574017447378.8872,25.4,12176831528506.855,24.0,23.5,23.2,22.9,22.6,22.3,-2528135627852832.5,22.0,2.3098028710659635e+17,21.7,1.3283245937325181e+18,21.4,4.0066437088602501e+18,21.1,21.1,20.8,20.5,7.123962942272222e+19,20.1,-3.2064248277370798e+21,19.3,9.7422344798242582e+21,18.9,3.1289461070228856e+22,18.6,18.5,18.5,20.9,24.2,25.3,-1.7859199471316496e+25,27.7,1.6473274683971593e+27,28.9,9.4680206694812348e+27,27.3,2.855023796654381e+28,25.6,25.6,26.4,27.7,5.0762069047880494e+29,26.8,-2.2846971108119085e+31,26.1,6.9417033521283817e+31,25.5,2.2294867817524186e+32,24.2,23.6,23.1,22.8,22.5,22.3,-1.272534570651612e+35,21.6,1.1737822638209207e+37,21.0,6.7463178650993025e+37,20.7,2.0343109414634177e+38,20.2,19.8
18.9,18.6,21.771445353557784,18.2,11.496769589717918,17.8,492.25593296357357,17.4,2410.8248867014586,-1705.4207222284608,17.0,5037.2831770525081,19.2,-14109.557750821517,24.5,45360.419603869988,27.7,25198123.019497517,30.7,113092530.52877666,174215317.01572192,33.1,-723818505.28402305,33.8,125805790.30076414,33.4,-2228882873.168201,29.0,-197425396951.82565,27.0,1998535958936.7559,25.3,11669003270852.729,-10848321343012.676,22.8,26073018732265.164,21.8,-173342427760786.97,21.2,835610868969471.0,20.8,2.5976146454046211e+17,20.4,1.2508640308848804e+18,1.9816696352571914e+18,20.0,-5.7728514564076605e+18,19.8,-2.6136597575583642e+17,19.1,-3.1267046092666479e+19,18.8,-1.9594220355328816e+21,18.2,1.2620869358753015e+22,17.8,3.590195791234497e+22,-8.430530880434875e+22,17.7,1.3079279263659281e+23,19.9,-1.2007805358707879e+24,25.3,6.2706285506092338e+24,28.6,1.8529439609451015e+27,29.9,8.9151999161514897e+27,1.4123786667505952e+28,26.8,-4.1136087591237241e+28,25.6,-1.8749346309888023e+27,29.1,-2.2279800432737694e+29,27.6,-1.3961627312284378e+31,26.6,8.9928377504939212e+31,25.4,2.5581444182481134e+32,-6.0070672891795739e+32,22.9,9.3194720552272336e+32,21.8,-8.5560079451444725e+33,21.3,4.468056926991949e+34,20.5,1.3202916840108516e+37,19.8,6.3524124591819489e+37,1.0063724789188273e+38,19.4,-2.9310996696269941e+38,18.7
19.7,19.4,17.727815985547007,18.8,24.660793375419015,110.44313040137791,454.03814820855894,270.94591162738874,17.8,-1637.1750707045933,17.7,7245.9909010046676,20.5,-15152.196084000063,25.8,386216.17538890336,5577881.3642345192,18375298.356092148,8730868.9628511015,82112487.408996537,180330058.46207142,31.4,-695942550.32523954,32.3,1516356185.0867057,32.5,-6588542061.7579079,28.0,-89959643999.661987,129030887445.92349,1838644286317.3994,980212275969.38989,24.4,-11046400810784.33,23.2,46553405839113.844,22.5,-250955611582641.22,21.9,4121472501113504.5,54278135529534648.0,1.994961408607696e+17,78815073956869280.0,9.1148956259423002e+17,2.060332357933995e+18,20.9,-6.6250195088417362e+18,20.5,1.387091103912158e+19,20.0,-7.2949523891719012e+19,19.6,-8.8819375521641503e+20,1.4857492720628109e+21,1.4134027733168397e+22,-1.4648421752332064e+22,18.4,-8.4711595480000452e+22,18.4,3.0923216596039412e+23,21.0,-1.8351589294183597e+24,25.8,2.9615251631443299e+25,3.8743606061301345e+26,1.4232682444057808e+27,5.6087893107286459e+26,6.4943623810910218e+27,1.4682445299402035e+28,26.9,-4.721123137822688e+28,25.6,9.883031257254479e+28,27.6,-5.1978937907099303e+29,26.7,-6.3287305277640889e+30,1.0586501788281549e+31,1.007102165684443e+32,-1.0437556516821866e+32,24.7,-6.0360168163870086e+32,23.3,2.2033943265878671e+33,22.5,-1.30761914520597e+34,22.0,2.1101971424766867e+35,2.7606264414059507e+36,1.0141317099679861e+37,3.9964715736007792e+36,4.6274754220101233e+37,1.0461789900373498e+38,20.1,-3.3639763236280402e+38,19.4
18.03,18.7,19.128526133949268,7.4241227964411296,14.828593337227179,78.552284247689485,460.21706676154554,179.5082535968422,17.3,-1809.2976916859825,17.1,6788.4201852900296,19.4,-22454.725488134951,25.3,107693.52308884577,5938310.7417196138,21578625.263592649,13703049.923921052,109664025.85265037,158285929.15590528,32.5,-914126197.12950575,33.1,1083365165.7671854,32.9,-6545031871.850565,-164212691076.39801,-207827609280.03064,68498765967.621658,1857582983517.0317,875541101337.18665,23.8,-14664386294771.617,22.6,42690845550232.641,21.8,-340113709191028.94,21.2,1623936267195177.0,48875720830962712.0,2.2136166682523606e+17,1.2686353454772533e+17,1.212636970677598e+18,1.8181696923308972e+18,20.0,-8.1796027132241418e+18,19.8,1.0396220849416184e+19,19.1,-7.0714967301819122e+19,-1.6264277535696358e+21,-2.0534145415124751e+21,4.4073877532171318e+20,1.1339272308603331e+22,-1.4847440281819182e+22,18.1,-1.0123778804759403e+23,18.1,2.8252625442564225e+23,19.9,-2.4140183121660673e+24,25.7,1.1865556068636362e+25,3.4901384103011905e+26,1.578798078446742e+27,9.0370773672372792e+26,8.6426230132684595e+27,1.2957746854920182e+28,26.7,-5.8286026243948366e+28,25.9,7.4070334777317783e+28,28.3,-5.0386948784944273e+29,-1.1588919176204034e+31,-1.4631346798510236e+31,3.1404138565784382e+30,8.0796532488518495e+31,-1.0579363995161215e+32,24.2,-7.213569718802352e+32,22.7,2.0131047575134965e+33,21.8,-1.7200780366996461e+34,21.2,8.4546513586570322e+34,2.4868537968448478e+36,1.1249525174156549e+37,6.4392546823057821e+36,6.1581912491035004e+37,9.2328779315235746e+37,19.2,-4.1530967643844556e+38,18.7
18.43,19.1,20.157014830161724,18.6,10.207993675655999,18.3,415.23903215036665,17.9,1912.2055819356233,17.6,17.6,4549.6093671882618,19.9,7234.7659433139215,25.0,-43358.230759811253,27.3,20209598.789025165,29.4,84517590.394468755,30.8,96101848.482172206,31.7,31.9,376490827.17097807,32.1,9470901917.1488247,27.6,-223778015212.62531,26.0,1809643541132.6543,24.7,9150562682298.6582,23.2,22.6,20736191263826.398,21.9,-23904449333727.516,21.3,-183858444612899.25,21.0,2.0854303600127651e+17,20.7,9.5027196782688819e+17,20.4,1.1446968443918561e+18,20.2,20.0,2.0292641052381297e+18,19.5,8.6056782119920714e+19,19.2,-2.2177059623588059e+21,18.9,1.3183801669121869e+22,18.7,2.8765987456548226e+22,18.5,18.5,1.2207334616989877e+23,20.5,-1.9512005251818339e+23,25.8,-1.0911968645783988e+24,28.3,1.4874756459814487e+27,29.4,6.771556839729666e+27,27.7,8.151163846035863e+27,25.6,25.3,1.4456050804439563e+28,27.5,6.1318204043597873e+29,26.3,-1.5801992574828586e+31,25.7,9.3939513210810911e+31,24.9,2.0496806705059551e+32,23.5,22.7,8.6981799526731522e+32,22.0,-1.3903024523370598e+33,21.5,-7.7751836200086711e+33,20.8,1.0598818781816199e+37,20.2,4.8249868131050673e+37,19.9,5.8080082584723996e+37,19.6,19.4
18.27,20.195844419086544,20.005044727916456,12.932214051245461,18.3,74.46245337672454,18.0,306.19145437930047,17.6,-1261.8737107629245,-3520.4110006610572,5341.159429474309,35578.891792112452,-35888.599927334246,-323075.15711389261,26.3,5162829.3484977316,28.8,18552193.663871258,30.6,175430880.30936885,32.3,-782598918.4531585,-512778430.91608125,136495529.15060186,11610288499.123816,-6180244532.699688,-116838141562.41646,27.0,-137274064622.46303,25.4,1209331955279.7021,23.6,-8861382076793.4512,-28805027442569.695,25349687613736.457,270779518947550.22,-358354546914808.56,-3301713626843320.0,20.7,47345301622815992.0,20.4,1.7277003471565002e+17,20.1,2.0005806931910705e+18,1.5815318184198582e+18,-6.6662032773809981e+18,-5.9457852062835026e+18,-7.1637715553992704e+17,1.123594452204682e+20,-6.6469484633379979e+19,-1.1607068015228108e+21,18.7,-1.7754246336981503e+21,18.5,-1.5787383513419862e+22,18.3,-6.1073040528813811e+22,-2.2835961894023792e+23,1.4611141696979613e+23,1.8808516414164699e+24,-2.491898984871096e+24,-2.365004046875435e+25,27.8,3.3824039308887361e+26,28.9,1.2321892117688004e+27,29.6,1.4259120041354545e+28,1.1264511580859855e+28,-4.7503861769745726e+28,-4.2355634500428552e+28,-5.1116528935625114e+27,8.0061018495890138e+29,-4.7362671137548898e+29,-8.2704911014972302e+30,26.0,-1.2650602881263729e+31,25.3,-1.124910942052036e+32,24.2,-4.3516822860722288e+32,-1.6271472819715949e+33,1.0410981345574671e+33,1.3401769342496599e+34,-1.775570869167169e+34,-1.6851535943778379e+35,20.6,2.4100889628584132e+36,19.8,8.7798077158006758e+36,19.7,1.0160154866197006e+38,8.0263846411256044e+37,-3.3848273304734938e+38,-3.0179969351028686e+38
18.9,19.5,19.901722558653077,17.186391270224274,32.994793380247678,72.072975994104766,18.4,133.01113457633659,18.1,-1450.6261054958336,17.8,-3961.4785409047927,19.0,-24735.43908817675,-85192.632701972252,358858.54943682294,4338088.3723816089,13554212.590615531,8866106.7729982529,26.6,65062318.639861524,26.7,-420990739.26467514,28.0,-2344474598.3113494,7871006829.1302252,-8089153219.2585449,-46239569314.15786,89579688940.298874,69704838621.636719,24.3,684594194925.55127,22.9,-7377288341368.2617,21.8,-42425353387165.336,21.8,-147696755839962.06,-1011452886093105.0,3609753474069412.0,42914826084527704.0,1.3319434912409875e+17,1.0985497430703621e+17,20.8,7.7893347516134643e+17,20.6,-4.7999983810921697e+18,20.3,-2.3759457718828515e+19,7.5352901521438376e+19,-8.2698576832061964e+19,-4.6043131272113514e+20,8.7028590685877227e+20,1.3412372546788157e+21,19.3,-5.635523553776097e+21,19.1,-1.8240122852720295e+22,18.9,-3.3133968537925686e+23,20.2,-9.535413562932552e+23,-7.3265417836390251e+24,2.5921702863081934e+25,3.0598175856698762e+26,9.5039740131992947e+26,7.841079668748527e+26,27.5,5.5498038077207301e+27,25.7,-3.4203112963927701e+28,24.7,-1.6929417546933703e+29,5.3692402817524993e+29,-5.8929828577416405e+29,-3.2807372557446209e+30,6.2010839104657177e+30,9.5567581711585749e+30,24.6,-4.0155241740935971e+31,23.6,-1.2996753425174626e+32,22.2,-2.3609188646848471e+33,21.9,-6.7943363188064404e+33,-5.2204343243182158e+34,1.8470180431218654e+35,2.1802341550080327e+36,6.771935969982089e+36,5.5870617272295918e+36,20.6,3.9544422088149357e+37,20.4,-2.4370993690740678e+38,20.1
18.3,19.635537782504414,15.173014590958754,-1.8138826049928856,18.1,97.158949276274598,17.8,871.82204025594149,17.4,-3247.3363511771704,-3651.7762825612758,2427.4403471980604,2264.722240411038,-60075.427158180071,-423053.87408007839,1314102.6633691511,8278482.4853613432,22.0,47861400.05274567,23.2,92330798.368626863,24.3,-812158711.99909902,-2358788505.7632675,2257780310.2547388,4090666542.837379,-46759267367.758865,-247341796942.93149,23.1,109148571125.23279,22.2,4284299295316.835,20.9,-26512449266953.277,-44174176002919.758,37082605856717.555,46921392967373.898,-1010875025878688.6,-3868801498680306.0,20.5,61497097300669384.0,20.2,5.0764072714464979e+17,20.0,1.0614324753491654e+18,19.8,-1.053492540771133e+19,-2.4773907322001318e+19,2.5132992406360044e+19,4.534876715129892e+19,-4.6188913208421443e+20,-2.4361868014594493e+21,18.8,-3.2978094080952243e+21,18.6,3.0377584987869882e+22,18.4,-1.4998155545555232e+23,-3.056640052691862e+23,3.3676408150468806e+23,4.8111551387864612e+23,-7.2682636341550311e+24,-2.7304440406639467e+25,21.8,4.3842626441044696e+26,22.1,3.6196823942964933e+27,22.6,7.5616039472426182e+27,22.0,-7.5058414210207424e+28,-1.7652018316069153e+29,1.7908545221514258e+29,3.2312745038343206e+29,-3.2911073856456517e+30,-1.7358714049789785e+31,22.9,-2.3498123885723036e+31,22.3,2.1645157087003673e+32,21.5,-1.0686742627003597e+33,-2.1779700551305446e+33,2.3995700626639966e+33,3.4281279753622232e+33,-5.1789090408900709e+34,-1.9455432144229072e+35,20.5,3.1239506576810728e+36,20.1,2.5791587135293441e+37,19.9,5.3879248429368659e+37,19.7,-5.3481919641834936e+38,-1.2577721432733677e+39
19.07,19.5,20.018764980789861,19.1,62.221169727385572,18.7,68.161166628864365,18.4,431.11543855233248,-2242.351629715577,18.1,1988.4975206433373,20.1,-64021.898880187888,24.5,1558715.5718098779,21.7,1017095.7145791559,22.6,15958510.20588861,150441411.33715573,249249806.68008113,-301935538.22691935,24.3,1811179011.998867,24.1,-48416108038.665024,23.4,216947221854.86264,22.7,292314600419.31903,21.4,2702086774507.2373,-15916504232122.439,20.8,32968027538490.484,21.8,-854101775839670.62,21.6,14982484188188446.0,21.3,13355680063877416.0,21.1,1.9214675238304099e+17,1.7208645106975854e+18,20.7,-6.2686817341578025e+18,20.5,2.1345474224651989e+19,20.2,-4.7978708765529388e+20,19.9,2.138850672663012e+21,19.6,4.6162863168065734e+21,19.3,1.4427826473904508e+22,-6.2787485856617869e+22,19.1,2.8947238976038422e+23,21.0,-6.1432519124216916e+24,22.1,1.0645157853057336e+26,23.0,9.4627380062215462e+25,22.4,1.3670419485771118e+27,1.2261070325566032e+28,21.9,-4.4658602070426367e+28,21.6,1.5209121987651307e+29,23.3,-3.4186629543661416e+30,23.6,1.5240111231587298e+31,23.2,3.2892754524803513e+31,22.1,1.0280367816985055e+32,-4.4738389002241236e+32,21.7,2.0625989506080767e+33,22.0,-4.377296154466648e+34,21.7,7.5850720020539338e+35,21.3,6.742553766145712e+35,21.0,9.7406837512396101e+36,8.7364699179954075e+37,20.7,-3.1820919642339419e+38,20.3
18.7,13.159708190926876,18.7,-13.292292792562385,18.3,106.33627130928825,18.0,777.12406954932067,861.66339896761224,-5864.9411208864349,-4961.7119211139316,2051.5198397879444,-1135.2506649875304,-65148.292184134159,-503409.07754500175,22.1,8041530.5664893296,22.8,44179505.383322649,23.8,86055960.368020684,387638229.65488404,-937509907.44523966,-2755194486.0340228,3000260054.7403517,3327934738.2199745,24.6,-273965825180.2265,23.7,34160549457.493896,22.7,3511598534986.9873,4996468533493.9785,-37609041497769.07,-49429209974697.297,48126361129589.0,17759354640931.156,-1166551642510642.0,-4511711374321489.0,20.9,69702962185553920.0,20.6,4.4878048673991501e+17,20.4,9.6049795277329126e+17,4.5363128458934349e+18,-1.2262310209946331e+19,-2.7549874759169679e+19,3.3113398047638774e+19,3.614437130609827e+19,19.4,-2.6983751976243519e+21,19.1,-4.9497096164355007e+21,18.8,2.0738193878613685e+22,1.1430135445991329e+22,-2.1719548811674944e+23,-3.4231511155824106e+23,4.2887096624386914e+23,2.7376167710911147e+23,-8.4631337797410084e+24,-3.178655159226709e+25,22.3,4.9709729862520891e+26,22.4,3.200916114674092e+27,22.8,6.8432156967510109e+27,3.232382157882122e+28,-8.7366282170940355e+28,-1.9630302514654475e+29,2.359431648903711e+29,2.5754606861982923e+29,24.9,-1.922691570773571e+31,23.6,-3.5268521030138953e+31,22.7,1.4776725504727125e+32,8.14439456016903e+31,-1.5475983845648606e+33,-2.4391228217311128e+33,3.0558662395815259e+33,1.9506546820819847e+33,-6.0302986193466252e+34,-2.2649103486983629e+35,20.9,3.5420036600375803e+36,20.5,2.2807721204125885e+37,20.3,4.8760464201757278e+37,2.3031928485247084e+38,-6.2251734620605588e+38,-1.3987322710095024e+39
19.3,15.851085601701399,13.004598337036837,-8.2686723885287634,20.349779794909008,69.072689791100018,18.7,340.01345608291848,18.4,-5820.9100467927728,-8860.5850002788247,-4191.607813051477,5419.7675667146723,-63997.980070519232,-389772.61788306653,1062397.7691641189,6208073.4695255738,24.5,31439539.677611299,24.1,19327828.655014083,24.3,-1188357185.9360747,-3225941584.2409205,-50707543.626199961,4604869307.7221107,-33108518007.444469,-209193940117.79669,23.5,-80243808667.986633,22.8,1624050299581.7832,22.6,-35993444107786.562,-68148166150094.484,-5303234895588.7812,71227007600910.703,-875966363160370.5,-3672722966873798.5,10473267135512064.0,51964322816172880.0,21.3,3.1214853390670496e+17,21.1,2.2863339233729402e+17,20.9,-1.3112103397961902e+19,-3.2154975978228974e+19,7.2771660577146675e+17,4.6058625788121924e+19,-3.2938754529050775e+20,-2.067674594295154e+21,20.0,-4.108128497666073e+21,19.7,4.6745455181864061e+21,19.5,-1.9946473115088639e+23,-4.570457986052352e+23,4.2922463312589022e+22,6.1575577014045625e+23,-6.2433462975075363e+24,-2.5934171854184471e+25,7.4568183833982167e+25,3.7085166541117583e+26,22.8,2.2273212472338234e+27,22.5,1.6295898025579632e+27,22.4,-9.3425207795635976e+28,-2.2911700624296922e+29,5.1750992059945819e+27,3.2817769483189632e+29,-2.3470064386507345e+30,-1.4732943933396074e+31,23.3,-2.9271972274109432e+31,23.1,3.3307811292144049e+31,22.7,-1.4212601721382063e+33,-3.2566215144683063e+33,3.0583924178452415e+32,4.3874903073085959e+33,-4.4486170942527292e+34,-1.8479064617999618e+35,5.3132612160978531e+35,2.6424564376203361e+36,21.3,1.5870494643213332e+37,21.1,1.1611435147281906e+37,20.9,-6.6568945114272849e+38,-1.6325441252350248e+39
18.47,19.381661534275459,18.7,14.800211945964008,18.4,24.690251585543066,18.0,-336.9863001090439,2910.4680224661747,-2532.5352263731452,-10359.790071238971,-9366.9640119538963,10060.408811830335,23.3,-301173.46894156892,26.7,2996769.7121174536,25.4,6309183.5213834001,25.7,14803882.206613544,468988374.12714034,-1030871633.0371158,-3689994981.8014698,26.8,3960286847.2968435,25.9,-115945748288.73584,25.3,-331844639165.6347,24.1,-848576726677.0647,14666607856875.018,-21134644127261.582,-83430085832062.906,-64677489628338.187,91906395103296.672,21.2,-2666529490783190.5,20.9,23510367391926000.0,20.7,19021221700719684.0,20.4,2.2375984703608333e+17,5.396529742783828e+18,-9.8230231989187011e+18,-3.6194052827105202e+19,19.9,3.9115326842337346e+19,19.6,-1.1405204521519712e+21,19.3,-4.8527503236629696e+21,19.0,-1.7609844184294271e+22,5.0683539536994166e+22,-1.7014694194757174e+23,-5.4156443949389787e+23,-3.8331171515276631e+23,7.0866879747561768e+23,25.0,-1.8700678675382538e+25,26.2,1.6866162393719087e+26,23.3,1.3606657733505824e+26,23.9,1.5954327797239788e+27,3.8458868451513358e+28,-6.9991789191315446e+28,-2.5788987981809072e+29,24.2,2.7869819846943836e+29,25.8,-8.1266437392595166e+30,24.8,-3.4577689763925992e+31,24.0,-1.254767350508282e+32,3.6113873934748973e+32,-1.2123605338007904e+33,-3.8588482750057202e+33,-2.7312384126360462e+33,5.0495301016815445e+33,21.5,-1.3324930905048677e+35,21.0,1.2017769834761513e+36,20.5,9.6952511214384933e+35,20.4,1.1368053625056124e+37,2.7403378208693392e+38,-4.987176034295566e+38,-1.8375615811056272e+39
19.0,19.144557809245043,19.0,18.8,26.104468190644706,18.5,216.84780215236148,18.1,2245.5321684383471,17.9,-3992.1410267217516,17.7,13509.471462679514,23.3,24.4,24.8,26.0,7614322.8032224216,23.4,92675241.420628875,24.6,380041859.3473801,25.0,-2019800533.3243928,25.1,6686539925.3543262,24.7,24.5,-12647887008.610855,24.1,480220443910.84106,23.0,11281406011726.643,22.2,-41016331565238.453,22.1,125124746687681.41,21.9,21.7,21.5,21.4,88166155830004160.0,21.1,1.0053787657666502e+18,20.9,4.3746756718251479e+18,20.7,-2.0227775919564435e+19,20.4,6.8088314487466164e+19,20.2,20.0,-1.1773804520227668e+20,19.7,-3.5329450653455942e+20,19.3,5.3011405503929621e+22,19.2,-2.8353418357030291e+23,19.1,9.2275143274180565e+23,24.8,25.2,25.0,22.6,6.2896191405528261e+26,23.3,7.1684121139964738e+27,22.8,3.1174340895743699e+28,22.4,-1.441264595309036e+29,23.3,4.8514644944355401e+29,24.5,24.3,-8.3890440497758689e+29,23.9,-2.5174072990218834e+30,23.1,3.7772584987301879e+32,22.2,-2.0202868169390378e+33,22.5,6.5749482386517343e+33,22.1,21.9,21.7,21.5,4.4815882301280526e+36,21.1,5.1077609998358293e+37,20.9,2.2212880626274126e+38,20.6,-1.0269547802422188e+39
18.57,11.983783258545284,18.8,18.5,-3.7014894645256931,18.2,604.76230834907619,17.8,6178.251470219865,17.6,-12861.104102353531,17.4,37451.030755622138,24.8,26.4,28.7,30.6,28939512.526117578,23.7,284650048.45944393,24.8,434540978.06771529,24.7,-4295809919.2705889,24.7,14068571434.660339,24.2,24.0,-389007256866.96368,23.5,1408404444038.3257,22.6,30757823412503.625,21.9,-107652467571811.75,21.9,328084703291419.62,21.6,21.5,21.3,21.1,2.8507776316869171e+17,20.9,3.0662862624227205e+18,20.7,5.0204151803993856e+18,20.4,-4.2170326392746033e+19,20.0,1.3936185665441268e+20,19.8,19.7,-3.8413099397401574e+21,19.2,-6.7902173913747324e+21,18.9,1.5060005221192457e+23,18.7,-6.9671064542337529e+23,18.7,2.3791073765646188e+24,27.4,29.7,29.0,22.2,2.0334495968187097e+27,23.6,2.1865085748366072e+28,22.5,3.5772717712013291e+28,22.3,-3.0046342794191825e+29,23.2,9.9299668782118817e+29,24.0,23.8,-2.7370709341076124e+31,23.4,-4.8383020162776302e+31,22.6,1.0730809289022713e+33,21.7,-4.9643228233511265e+33,22.5,1.6952027953640023e+34,21.9,21.7,21.4,21.2,1.4489086819181484e+37,20.7,1.5579689124502149e+38,20.5,2.5489395616426146e+38,20.1,-2.1409139905049882e+39
19.0,9.7670617493597298,18.4,-9.026735481209986,18.0,17.8,623.48135471761543,17.4,5882.5409474484186,17.2,-12485.329247754857,17.1,25733.218083429576,25.2,-562259.92123868619,29.1,5134845.4460034436,27.2,25.3,272943023.10583371,27.1,549888180.03691196,27.0,-5018740957.4481277,26.4,10303395019.249462,25.7,-228200833845.97162,25.3,24.9,1503125895370.9849,23.5,29784815993148.402,22.2,-111164061666833.84,21.8,238328652527351.72,21.3,-5211400722673177.0,21.1,34167831083731356.0,20.8,20.7,2.9296127025101568e+18,20.4,6.4192325592762307e+18,20.2,-4.7534790927218565e+19,19.9,1.0206318058232798e+20,19.5,-2.2494193702319523e+21,19.3,19.1,-4.9488249163879788e+21,18.8,1.3223249405388691e+23,18.6,-7.6423594926950366e+23,18.6,1.7801379693425219e+24,27.9,-3.6635955102919772e+25,29.0,2.4555372084232266e+26,24.2,25.1,2.0890354034873524e+28,23.3,4.5740217374243756e+28,22.8,-3.386922738356063e+29,24.1,7.2722977265557872e+29,25.8,-1.6027950758871041e+31,24.7,24.9,-3.5262452761025727e+31,23.4,9.4220525334795606e+32,22.3,-5.4454660649762142e+33,22.5,1.2684147837456437e+34,22.0,-2.6104484298198087e+35,21.2,1.749661855820767e+36,20.7,20.5,1.4885156422442869e+38,20.3,3.2591610892913931e+38,20.0,-2.4133087760544579e+39
18.2,12.651277196102747,17.7,17.5,-17.351252663007394,17.1,757.69973676352356,16.7,7074.0438851945137,16.5,-13413.053666491964,16.4,36074.958109517705,24.7,26.6,175196.46301855019,30.2,36463323.308169484,24.4,323562655.56235671,26.0,647496297.23309875,24.6,-4758729517.2222252,24.3,24.2,24.0,24.0,-630998916666.64417,23.8,1931028694107.8149,23.6,35076190458083.687,22.3,-112672840597743.86,21.7,21.4,20.9,20.5,2011810147697684.0,20.3,3.625506268352311e+17,20.0,3.48508121202705e+18,19.8,7.4637349527799972e+18,19.5,-4.5522318061173105e+19,19.2,19.0,18.9,18.7,-6.231959740014431e+21,18.4,-5.1761575932774412e+21,18.0,1.5745054626270018e+23,17.9,-7.6608973946663911e+23,17.9,21.1,27.2,29.1,1.4590201710977671e+25,22.0,2.5854385100845932e+27,24.3,2.4851090298528192e+28,22.4,5.318384571638169e+28,22.2,-3.2434891230918684e+29,23.2,24.2,24.0,23.9,-4.4404975554738342e+31,24.0,-3.6882287513703217e+31,23.7,1.1218930980829352e+33,23.0,-5.4586749289459437e+33,22.3,21.9,21.6,21.3,1.0396062990747601e+35,20.6,1.8422213705957229e+37,20.1,1.7707328738825445e+38,19.8,3.7895473718022084e+38,19.4,-2.3111069753916819e+39
19.0,18.6,-0.57777128797638433,18.1,6.1575237037082289,17.8,503.31098076688943,17.4,4930.2750106583562,17.1,17.1,17.0,20.0,-26824.661951256177,26.3,957072.40158379474,28.8,24571050.860966824,23.9,220037997.84295791,25.2,470540402.49249047,24.7,24.9,24.7,24.5,-23915351305.923225,23.7,-253206470940.33734,23.2,1214728426944.0781,22.7,25121831195475.566,22.0,21.7,21.9,21.7,-675379417145524.0,21.3,9357261400419868.0,21.2,2.4708218619379194e+17,21.0,2.353829020714153e+18,20.8,5.519592331080149e+18,20.6,20.5,20.3,20.2,-2.4607766602674255e+20,19.9,-2.4997591905909809e+21,19.5,-3.4137444634096089e+21,19.2,1.0913339399705275e+23,19.1,19.1,19.1,21.7,-4.8496837480348585e+24,28.0,6.6735866439293731e+25,22.7,1.7620905353206631e+27,24.3,1.6783580183060727e+28,22.7,3.9327799522389113e+28,22.5,22.7,23.3,24.1,-1.7534045763798926e+30,23.8,-1.781167943102239e+31,23.2,-2.4324386550495399e+31,22.6,7.7761565436435756e+32,22.1,22.0,22.6,22.5,-3.4555805150441622e+34,22.0,4.7551793957843288e+35,21.5,1.255555229359607e+37,21.0,1.1958926877072819e+38,20.8,2.8022524002767261e+38,20.5,19.9
18.3,18.0,17.7,17.6,9.5959129970114958,17.3,351.98806619357907,16.9,5166.6700502371414,16.6,-5347.9268942095923,16.4,20.2,24.9,26.0,349770.88900716358,27.5,13271645.816769402,21.2,265115411.79716578,21.8,724326620.16811526,21.7,-1944919934.1483607,22.4,23.1,23.4,24.9,-302795058922.58972,25.2,634486831151.0813,24.6,25300038329838.227,21.3,-52987863391705.156,21.7,21.4,20.9,20.6,3699382169423131.0,20.3,1.2601394837117254e+17,20.2,2.8679509307410545e+18,19.9,8.1888202896747244e+18,19.6,-2.0527187727682912e+19,19.4,19.2,19.0,18.9,-2.9872184599860939e+21,18.5,-8.5141761161129236e+21,18.2,1.4138585314339498e+23,18.0,-3.8372626894833323e+23,18.0,21.4,27.3,28.1,2.6509266151309568e+25,20.8,8.9891944264414676e+26,21.6,2.0450676576439579e+28,21.3,5.8354248737147219e+28,21.2,-1.4624227174298427e+29,21.8,22.7,23.4,25.3,-2.128497288830149e+31,26.0,-6.0666736781101175e+31,26.3,1.0074264641886088e+33,24.7,-2.7341928164771639e+33,22.7,22.2,21.8,21.5,1.8888840927856927e+35,20.9,6.4051363070373456e+36,20.4,1.4571869835070559e+38,20.1,4.1579578716008917e+38,19.8,-1.0420307313228325e+39
18.4,8.9191660580334151,17.9,17.7,11.707009107629998,17.4,433.3627737550911,17.0,5796.6349186112302,16.7,-9585.5666764201615,16.6,36545.542145192056,24.7,25.9,861184.04633949278,28.5,15991357.688722661,21.7,274760561.60677058,22.7,636326491.99102855,21.8,-3800495854.9455848,22.2,22.5,22.3,22.7,-191248810804.50375,22.6,956677433982.65161,22.6,29083536216875.52,21.8,-88993262864075.812,21.9,321750556087133.12,21.2,20.9,8578153338888854.0,20.7,1.676461021444904e+17,20.6,2.968910222469163e+18,20.3,7.3161712360509204e+18,20.0,-3.7016080829504348e+19,19.8,19.6,19.5,19.3,-1.8852310502134959e+21,18.8,-7.6707572309686789e+21,18.5,1.519593665236502e+23,18.4,-6.1566370271354401e+23,18.5,2.353806624746324e+24,27.2,28.7,6.1183124815011042e+25,20.7,1.1953811867847503e+27,22.4,2.1171163542386147e+28,21.3,5.2133050158451223e+28,21.3,-2.6373661959919982e+29,21.7,22.3,22.3,22.4,-1.343291711634752e+31,22.8,-5.4657154712605737e+31,23.0,1.0827666634670862e+33,22.6,-4.3868334680366667e+33,22.8,1.6771750419792966e+34,22.2,21.9,4.3595258455632384e+35,21.4,8.5175368088012077e+36,21.0,1.5085243671001534e+38,20.7,3.7146742690807189e+38,20.3,-1.8792217827282352e+39
18.5,14.918426066253977,18.0,17.8,26.305727009727939,17.6,405.44557707843529,17.1,5552.121302033891,16.8,-13687.846960283063,16.7,35911.212089916167,24.6,25.8,27.2,28.3,11459474.940687075,21.4,264850428.20962968,22.2,633098489.38898349,21.4,-5060446314.0017614,21.6,21.6,21.5,21.8,-96549048251.316956,22.0,778950132636.91589,21.8,28242592913944.156,21.0,-115604490674431.36,21.8,327257135052882.06,21.1,20.9,12745198998105088.0,20.5,1.1262313690750216e+17,20.4,2.8548327112324378e+18,20.1,7.3086624613029878e+18,19.9,-5.0267752655418638e+19,19.7,19.5,19.4,19.3,-9.508525739472569e+20,18.8,-1.1718183566762177e+22,18.5,1.5737784674855226e+23,18.4,-7.8680935600302999e+23,18.5,2.4205579775961197e+24,26.9,28.3,9.1027707916076246e+25,20.3,8.027052835037259e+26,22.1,2.0357808579327746e+28,21.0,5.2082766427337123e+28,20.9,-3.5816507406737501e+29,21.4,21.8,21.4,21.5,-6.7751067251422451e+30,22.0,-8.3496571974598134e+31,22.3,1.1213754205189212e+33,21.7,-5.6063099261681731e+33,22.4,1.7247379091549356e+34,21.9,21.7,6.486063718561957e+35,21.3,5.719574534537563e+36,20.9,1.4505697923130623e+38,20.6,3.711091365879348e+38,20.3,-2.55205974063548e+39
18.2,17.9,17.519057134620287,17.5,-10.091563975224842,45.735074288919449,313.29930948928978,-672.9210241832742,16.6,-2865.9947200193178,16.5,-14010.457766783422,19.7,6651.6029373174861,25.5,-4002.2864492195658,27.5,13648270.449927218,-29849091.215175755,348038668.45059699,-187102501.47973642,20.8,-2001420552.2182338,21.0,-4315511918.69349,21.3,-21005657716.218315,22.8,-504464594504.67303,-4201282848.7790222,101291273677.50935,-2042219338005.7712,22.3,-30030625438104.762,20.5,-106648119079805.16,21.6,-90731883954472.703,20.7,-105445972596211.0,20.4,1.0946803890822333e+17,-3.4657383020521741e+17,3.7419953676357335e+18,-1.9457218173807918e+18,19.9,-1.7839497134129961e+19,19.6,-4.4907575728534118e+19,19.3,-2.1623063366410984e+20,19.0,-4.9873678813782029e+21,-3.7366168409285921e+21,-1.9215593769352334e+22,-1.7334504864888648e+22,18.1,-2.5062621304837288e+23,18.2,-6.7282269710369931e+23,21.5,-6.0770449247292694e+23,28.1,-6.0331137703666658e+23,19.4,7.8108536944395107e+26,-2.4699670130420969e+27,2.6686484020120296e+28,-1.3864651734667676e+28,20.1,-1.2712040247627053e+29,20.0,-3.1997444713488115e+29,20.9,-1.5407255675994171e+30,22.6,-3.5536754918018841e+31,-2.6624836580766581e+31,-1.3691838258922421e+32,-1.2351469045460189e+32,23.6,-1.7858055460715824e+33,22.0,-4.7941115575393357e+33,22.1,-4.3301206010716454e+33,21.6,-4.2988173647779458e+33,21.1,5.5655245844128613e+36,-1.7599436223765196e+37,1.9015115224553155e+38,-9.8790814812298977e+37,20.3,-9.0578028089049304e+38,19.8
18.2,19.526979813001692,17.6,17.5,17.4,17.2,-6.6991574871631743,16.8,2142.9220469161442,16.5,-7260.4822678222545,16.4,14691.684004941724,23.0,-431311.67479188001,25.3,26.4,-8110531.0743123731,20.2,116575932.86130051,20.4,653591550.50162172,20.4,-3273694565.0317931,20.8,8550160883.5678282,21.3,21.9,420954723553.68195,22.4,-140103732777.11148,22.1,11540411810733.18,20.8,-63798667089324.187,22.3,140226572087023.02,21.2,-3997947719816768.0,20.5,20.4,-90128232143874512.0,20.2,1.2740976071167173e+18,20.0,7.4923218769207081e+18,19.7,-3.3348648928841196e+19,19.5,8.6481897270533652e+19,19.2,19.1,4.1603002886105994e+21,18.6,-1.1174054682067873e+22,18.2,1.0109734061249965e+23,18.2,-4.7261197536077285e+23,18.3,1.0725111962327601e+24,25.7,-2.8292463605494812e+25,23.8,19.7,-6.4344185879530786e+26,20.1,9.0862912972460495e+27,20.1,5.3395958287557816e+28,20.1,-2.3761869215639716e+29,20.4,6.161938718757566e+29,21.1,21.6,2.9643747503927871e+31,22.3,-7.9619355884282714e+31,22.6,7.2035628876024167e+32,22.1,-3.3675366649819703e+33,22.5,7.6420426129038558e+33,22.0,-2.015943540660099e+35,21.6,21.3,-4.5847632439394222e+36,20.9,6.4743214528297042e+37,20.6,3.8046611840173707e+38,20.3,-1.6931218082903045e+39
16.5,18.00462412415305,16.1,2.6405691630531702,15.7,168.31402575772742,-109.56391737127917,15.3,849.64372359820572,14.9,-4502.4865789556734,14.9,1078.6810480326608,22.8,-439537.20711831015,25.3,9414234.4825649951,20.0,19.4,42518859.581563301,19.3,645009404.06540513,19.5,-2229159315.0219531,20.3,4495345498.9269505,21.9,-204253115150.38544,23.0,727737596848.67578,-49892785459.492706,22.5,5089732240570.582,20.8,-38078840641743.461,21.7,23459162938439.211,20.1,-3926945415843136.0,19.2,76185110674958448.0,19.1,19.1,4.9285455382920614e+17,18.8,7.3677857855515505e+18,18.3,-2.4205833736655733e+19,18.4,4.6381335045336293e+19,17.9,-2.0221419799741499e+21,17.5,-1.484515510656986e+21,-1.0417244352975414e+22,16.8,8.8501875394614294e+22,16.8,-3.2901114300174047e+23,17.0,2.3376427499616286e+23,25.8,-2.7799395851505089e+25,22.6,5.4313023950386352e+26,19.0,19.7,3.5146654502491344e+27,20.7,5.2508363928062726e+28,20.7,-1.7247920958223262e+29,20.9,3.3046407449743174e+29,21.6,-1.4408552794333068e+31,22.8,-1.057784957052594e+31,-7.4226802373299825e+31,23.6,6.3060910835685169e+32,22.7,-2.3443273208767979e+33,22.2,1.6656578790776971e+33,21.6,-1.9808106170178892e+35,20.9,3.8700055351945823e+36,20.3,20.0,2.5043302252078881e+37,19.8,3.7414167753073744e+38,19.4,-1.2289786993287126e+39
17.9,17.6,1.676504745413911,17.2,123.74386502658407,16.9,-79.870758310222087,16.5,896.10210552928856,16.2,16.2,16.1,19.5,-336091.03503859247,24.7,3964546.5655562403,27.5,-19977163.535263471,19.9,30991068.073776662,19.9,653915581.72848892,20.3,20.7,20.7,20.8,-142355080921.88165,21.5,1117927587780.833,21.6,268637702019.69162,21.1,6611373537395.3145,20.5,20.9,22.4,21.8,-3009993728903113.0,20.7,39208569416458912.0,20.2,-1.9563731772223606e+17,20.1,3.7131831824747514e+17,19.9,7.6543981365050798e+18,19.6,19.5,19.4,19.3,-1.3984756163027623e+21,19.0,1.1050753262537822e+22,18.4,-8.7765682992984632e+21,18.1,1.007352155072477e+23,18.0,18.2,18.2,21.6,-2.1220171543045265e+25,29.0,2.7920748805885857e+26,19.9,-1.3974472654111687e+27,20.1,2.648157170282941e+27,20.5,5.4551664242563971e+28,20.8,20.6,20.8,20.8,-9.9646712262568713e+30,21.4,7.8740790187204711e+31,21.7,-6.2536397169232695e+31,21.9,7.1777632125270138e+32,21.3,21.3,22.7,22.5,-1.5120163619083323e+35,22.1,1.9894574917089223e+36,21.6,-9.9573330045600161e+36,21.1,1.8869107559978811e+37,20.9,3.8870095439944634e+38,20.5,20.3
17.2,16.8,3.9599040490172897,16.5,96.519748452189887,16.3,25.854668722319133,1734.456855777795,2094.6902885181498,4169.1972732046379,15.6,12496.043993290501,18.3,-226850.3108009737,23.9,2466971.5042694574,26.4,-12084738.230549304,104727119.81600203,88604476.417040214,349628611.42991608,21.9,-92352053.672439829,22.3,4638259871.9784222,21.8,-97160625227.274414,21.9,759874041745.93982,21.9,610628219401.99487,8858624573617.0312,21.0,4394583246219.7476,20.6,118179471899843.5,21.5,-1983418287499128.2,20.5,24818906380532668.0,19.9,-1.1239351024256485e+17,1.1666288847075077e+18,1.0373466215350002e+18,3.9781128740476867e+18,19.5,-1.8500943942530097e+18,19.2,5.1142202464700408e+19,19.2,-9.5576478329895925e+20,18.9,7.5212624506788218e+21,18.2,-3.8193809078026292e+20,6.2286031577878916e+22,17.8,-7.2650426211075118e+21,18.1,8.7240408441770617e+23,21.1,-1.3965023987476805e+25,27.2,1.7695171172899943e+26,21.9,-8.0293998044187177e+26,8.3189998167029663e+27,7.395398424357067e+27,2.8350754762808503e+28,21.3,-1.3174653985901818e+28,21.3,3.6439551535381816e+29,21.3,-6.8101793746326914e+30,21.6,5.3591834174635064e+31,22.0,-2.7214555239087123e+30,4.4381116034093841e+32,22.1,-5.1766499461845897e+31,21.8,6.2162042274067177e+33,22.2,-9.9506004045710594e+34,21.8,1.2608469461094753e+36,21.3,-5.7212468526963096e+36,5.9275976537801913e+37,5.2694972126913909e+37,2.0200970194068978e+38,20.6,-9.3874323488917453e+37,20.0
16.5,14.501594724300041,17.378052072454047,-16.322598043138917,82.193867811921379,148.0059512712979,87.288152336681435,678.44311898712783,939.90885187247011,-2268.2884361046185,-41.808183095202367,16916.856282030869,19131.055192726199,-125482.49205108293,-627283.41578728682,1933184.4390625306,9550473.8663804755,-6157626.1722480301,67554800.988151491,31480880.877917539,80801451.835626706,171162497.92336369,-641899677.74529099,-1492784607.5357203,7481996893.7866716,11865660326.893951,-52160413627.738266,-310936162556.05182,647547335875.79285,361514850438.0509,629309950733.60925,3429183579514.0039,5983192688557.585,-20239501676584.125,-22429388931969.379,158627960980361.84,170010901094130.75,-1664529560708535.0,-6441170836789563.0,18404494633137724.0,80885780290572848.0,-14007323912858644.0,7.4470155378123123e+17,3.9845016990436608e+17,9.3837230583244877e+17,2.1625362253870802e+18,-7.2632838800521513e+18,-1.5273350161584763e+19,7.6583656252671017e+19,1.1720639746086848e+20,-5.1658733455659486e+20,-3.0877699000597799e+21,6.3889699687793731e+21,5.4647336437131326e+20,6.2739858207243334e+21,1.5769607561732268e+22,5.0974023281869031e+22,-1.3540299233543284e+23,-2.419136092254939e+23,1.1341207645598274e+24,1.2574132936874653e+24,-1.2052748412250585e+25,-4.5898170664714748e+25,1.3048077713906595e+26,5.7626517480409755e+26,-1.020690125026738e+26,5.3097823149338242e+27,2.8389573323626882e+27,6.6906439581219037e+27,1.5408606204258161e+28,-5.1753449965895919e+28,-1.0882993282007953e+29,5.4567409427405984e+29,8.3513838887453146e+29,-3.680864472381276e+30,-2.2001512230450123e+31,4.5523786237564523e+31,3.8938406025715537e+30,4.4704505261648966e+31,1.1236422730627109e+32,3.6320904381617297e+32,-9.647966997921513e+32,-1.7237251837527347e+33,8.0810334816101126e+33,8.9595391237214384e+33,-8.5880328970390902e+34,-3.2704158367526036e+35,9.2972420226046009e+35,4.1061043054413393e+36,-7.2727979242242776e+35,3.7834179446531554e+37,2.0228629864489064e+37,4.7673333693639559e+37,1.0979206630247752e+38,-3.6876263393889271e+38,-7.754538625936861e+38
0,0,0,0,0,0,0,0,0,0,0,0,0,0,0,0,0,0,0,0,0,0,0,0,0,0,0,0,0,0,0,0,0,0,0,0,0,0,0,0,0,0,0,0,0,0,0,0,0,0,0,0,0,0,0,0,0,0,0,0,0,0,0,0,0,0,0,0,0,0,0,0,0,0,0,0,0,0,0,0,0,0,0,0,0,0,0,0,0,0,0,0,0,0,0,0
