0,19.8,19.5,19.3,19.1,19.0,18.51845613295911,18.6,18.5,18.4,18.3,19.272155386081995,20.2,23.3,24.0,24.0,20.47528645619571,20.70264857045376,25.7,24.6,24.9,21.541488409741884,21.72995915301212,26.4,26.3,26.2,22.376958724621744,25.0,22.61570103138739,23.6,23.0,22.83424697161172,22.0,22.878449340050842,21.4,21.6,22.80149639813855,21.4,22.668540950554892,22.581803544398745,21.0,20.9,20.8,22.13603825412265,22.008456991131276,20.5,20.4,20.3,21.48898034835496,21.36568413434889,20.0,19.8,19.7,19.6,19.4,20.78699190126925,19.2,19.1,19.1,19.1,20.5967946365737,24.3,24.3,25.8,24.9,20.681089835020373,20.72511129289411,24.3,23.7,23.6,20.962641780944804,21.03234563894299,23.6,24.4,24.3,21.321616426673526,23.6,21.45906328717519,23.4,22.9,21.637745153239717,22.1,21.73135892169325,21.8,21.6,21.825660184863168,21.3,21.85591171468886,21.861316738414224,20.9,20.8,20.7,21.823377840052483,21.80080999627093,20.5,20.2,21.709352707054652,
1,20.2,19.9,19.7,19.3463621957,19.4,19.1362395562,19.0,18.9,18.8,18.7,19.6915519864,19.7,22.7,23.4,23.5,20.5400464558,20.701518469,24.7,23.9,23.8,21.3017341362,21.4381325014,24.5,24.5,24.4,21.9260636997,22.0297489725,22.123340437,22.7,22.4,22.3274281421,21.7,22.3898213793,21.7,21.9,22.3737014117,21.8,22.2986220045,21.5,21.3,21.2,21.1,21.9423811013,21.8513042893,20.8,20.7,20.6,21.4663593498,21.3718816618,20.3,20.2,20.0,21.0359194878,19.7,20.9051110563,19.5,19.5,19.5,19.5,20.7196699138,23.8,23.9,24.5,23.9,20.7415867434,20.7676520905,23.1,22.7,22.6,20.9248914246,20.9738987473,22.7,23.0,22.9,21.1860570685,21.2394064443,21.2914809658,22.5,22.3,21.4339982362,21.9,21.5124934985,22.1,22.0,21.5981140808,21.7,21.6314806219,21.4,21.2,21.1,21.1,21.6321879464,21.6195189033,20.8,20.7,21.56133363925292,
2,20.0,19.7,19.5,19.1315723003,19.0237141517,18.947309468,18.8,18.6,19.3218072518,18.4,19.7182421422,20.7,23.9,24.6,24.4,20.7521860393,20.9476293443,25.9,24.7,24.3,21.6640874003,21.8234134671,24.8,25.0,25.1,22.374789171,22.4868373947,23.7,23.2,22.7,22.7843593311,21.9,22.8277209999,21.6,21.7,22.7653636897,21.6,22.6512535877,21.3,21.2,21.1,21.0,22.1841095573,22.0707601261,20.7,20.6,20.5,21.6056932567,21.4945515317,20.0,19.9,19.8,21.1098291948,21.0334243127,20.9663753647,19.3,19.2,20.8254645399,19.1,20.7832945675,25.0,24.5,25.3,24.5,20.8465774073,20.8839764025,23.4,23.0,23.2,21.0909313899,21.1525883019,23.1,23.7,23.7,21.411448405,21.4748325025,23.2,23.0,22.7,21.7000517023,21.9,21.7873740029,22.0,21.8,21.8777615248,21.6,21.9089444168,21.3,21.1,21.0,20.9,21.8889745335,21.8702416166,20.6,20.4,21.791779414734467,
3,20.3,20.0,19.9,19.4601167078,19.3764540598,19.3068085563,19.2,19.0,19.6888670995,19.0,20.0221186341,20.5,23.8,20.4996268682,25.1,20.8093455583,25.8,25.8,23.9,23.4,21.5982622928,21.7418804456,23.4,23.4,23.5,22.2477568987,22.3554396066,22.4,22.2,21.8,22.6680776582,22.7090845326,22.7338929816,21.5,21.8,22.7162791675,21.8,22.6369508336,21.5,21.4,22.4360827803,21.1,22.2599521836,22.1631117067,20.9,20.7,20.7,21.7528611108,21.6519936873,20.3,20.2,20.1,21.2917145314,21.2170126716,21.1499157151,19.6,19.5,20.9991269602,19.5,20.943423983,25.0,25.4,20.926930106,24.4,20.9572636635,22.7,22.0,21.7,21.9,21.1463615249,21.1979898727,22.3,22.6,22.5,21.424099886,21.4815364583,22.2,22.0,21.9,21.6932091602,21.7385835925,21.7799428937,22.0,22.0,21.876488459,21.7,21.9157534003,21.5,21.4,21.935974447,21.2,21.9250489921,21.9129727618,20.9,20.8,21.854396982935345,
4,20.0,19.7,19.5,19.0216995518,18.9070380899,19.1,18.9,18.8,19.0508947411,19.2000105565,19.3538916139,19.7,22.7,19.8101267746,23.2,20.1218100639,24.0,24.1,23.8,23.7,20.9369951729,21.0937494793,23.8,23.6,23.4,21.6532710498,21.771395255,22.6,22.4,22.3,22.1162203259,22.1646408606,22.1969753169,21.0,21.3,22.2013472294,21.3,22.134624205,21.0,20.9,21.9484812758,20.7,21.7795920863,20.6,20.5,20.3,20.3,21.2814629944,21.180802116,19.9,19.7,19.6,20.8175712152,20.7415074651,19.1,19.0,19.0,20.5170455014,20.4828560697,20.4577812907,24.1,23.8,20.4361639305,24.2,20.4634467453,23.4,22.6,21.9,22.1,20.6466467853,20.6974065502,22.3,22.5,22.6,20.9210935677,20.9781805208,22.3,22.2,22.0,21.1893547704,21.2347987401,21.2762917479,21.6,21.6,21.37355316,21.3,21.4134859287,21.1,20.9,21.4348522422,20.7,21.4247100225,20.5,20.4,20.2,21.355486079889623,
20.4,20.0,19.7,19.5,19.0500444199,18.9673952507,19.0,18.9,18.7,19.2000527149,19.3618188958,19.5175491529,20.6,23.6,19.9732817343,24.0,20.2852251692,24.7,24.9,20.7868423414,23.3,21.1187355173,21.2770935572,22.4,22.5,22.9,21.8371058644,21.9557340795,22.0,21.8,21.9,22.3055020837,22.3548783827,22.3876678325,21.2,21.4,22.3900876606,22.3614863256,22.3197459549,21.1,20.9,22.1256311865,20.7,21.9500092198,20.5,20.4,20.3,20.3,21.4319711647,20.0,19.9,19.8,19.6,20.9476271441,20.8677106394,19.2,19.1,19.1,20.629644169,20.5926810322,20.5651451584,24.9,24.4,20.5382204295,24.4,20.5638097763,23.0,21.9,20.6576054357,21.7,20.7492227233,20.801434874,21.9,22.0,22.0,21.0334862707,21.0931402259,21.7,21.7,21.6,21.3154263682,21.3636825315,21.4079336938,21.8,21.7,21.5128420905,21.5376362204,21.5570875519,21.1,21.0,21.5833485156,20.8,21.5752811365,20.6,20.5,20.3,21.507248427763166,
19.8,19.4,19.1,18.9,18.281588837,18.6,18.4,18.2,18.1,18.1696398884,18.3477339511,18.5385915263,20.3,21.9,19.1021504958,19.2928454158,19.4913814796,24.1,24.2,20.1260233414,24.4,20.5646519505,20.7796691689,24.9,24.3,22.7,21.5407429164,21.6982617261,22.1,21.9,22.0,22.1513443011,22.2142736513,20.6,20.6,21.2,22.2603722751,22.2248227105,22.1728785315,20.6,20.4,21.9318677744,20.3,21.7145310662,20.1,20.0,19.9,19.8,21.0751171993,19.5,19.4,19.3,19.2,20.4811671953,18.9,18.7,18.6,18.6,20.098610378,20.0554989171,20.0241324931,23.3,24.0,19.9991073565,20.0125985073,20.0360920737,25.1,23.4,20.1590539949,22.0,20.2758966492,20.3418272673,22.0,22.1,22.2,20.6311995658,20.704792015,22.0,21.9,21.9,20.9760658507,21.0342005492,21.5,21.4,21.3,21.2107116725,21.239093189,21.2608134776,20.7,20.6,21.2862739177,20.3,21.2719036839,20.2,20.0,19.9,21.180561396755156,
19.9,19.6,19.3,19.1,18.4426108086,18.8,18.6,18.4,18.3,18.3433387253,18.3,18.7487479171,19.9,22.3,19.351268015,19.5527106233,19.7611231511,24.4,24.5,20.4202172542,25.0,20.8743705907,25.4,25.6,24.8,23.3,21.8781701815,22.0370710916,22.4,22.5,22.8,22.482780093,22.5415493973,21.4,20.7,21.0,22.5661352464,22.5244440906,22.4662368665,20.5,20.4,22.2067283931,22.0969268627,21.9782402011,20.0,19.9,21.5878439109,19.7,21.3187790797,19.4,19.3,19.2,19.1,20.7188525562,18.8,18.6,18.5,18.5,20.343993934,18.5,20.275452042,23.6,24.6,20.2611233095,20.2784351859,20.3057830982,26.0,23.8,20.4399704578,22.5,20.5635292754,22.4,22.3,22.4,22.4,20.9308205918,21.0058103159,22.3,22.3,22.0,21.2791198109,21.3369096558,21.5,21.4,21.3,21.5091431427,21.5358573772,21.5557297148,20.7,20.5,21.5748835585,21.568404674,21.555999378,20.1,20.0,21.4875438728,21.456000933865344,
19.9,19.5,19.2,19.1,18.6421790942,18.8,18.6,18.5,18.4,18.5337404558,18.4,18.4,19.9,22.0,19.418557737,22.8,19.7889200259,23.8,23.8,20.3578886938,20.5472288601,20.7349378062,24.5,24.6,23.9,22.7,21.5810170316,21.7206812076,22.0,22.2,22.4,22.124712559,22.1807215758,21.4,20.8,21.0,22.2209926912,22.189044208,22.1424231572,20.6,20.5,21.9262367069,21.8329713362,21.7315051477,20.1,20.0,21.3945708664,19.8,21.1602160912,19.6,19.4,19.3,19.2,20.6312715636,18.9,18.7,18.6,18.5,20.2924338754,18.5,20.4,23.2,23.5,20.2064076021,24.2,20.2402277357,24.5,22.9,20.3507486414,20.4004865138,20.4552407037,21.6,21.7,21.8,21.8,20.7718573375,20.8372950385,21.6,21.6,21.4,21.0781138916,21.1296211679,21.2,21.3,21.2,21.2855735349,21.3105144217,21.3295221316,20.6,20.5,21.3512262985,21.3471601054,21.3378514825,20.1,20.0,21.2820763705,21.255630682207524,
18.4,18.0,17.7,17.7,17.0549166892,17.4,17.2,17.0,16.8,17.1190021324,16.7,16.7,19.0,22.4,18.3960680124,20.3,18.993993492,21.2,21.5,19.9219202213,22.2,20.5338979567,22.5,22.7,21.3997390403,22.7,21.9013850002,22.1191601906,22.4,22.2,22.4,22.7139680298,22.7884405906,21.1,21.1,21.9,22.801485734,22.7397603571,22.6551838186,20.7,20.4,22.2839287733,22.1284743221,21.9613462297,19.6,19.4,21.4171335869,21.230563375,21.0457938547,18.9,18.8,18.7,18.5,20.2276013576,18.0,17.9,17.9,17.9,19.7333311799,18.0,18.3,20.1,20.3,19.6476537237,21.0,19.719964656,22.1,22.4,19.9188034995,22.2,20.0962672187,22.2,22.3,20.4004866736,22.4,20.6112295477,20.7146977163,23.5,22.8,22.5,21.0868343236,21.1642331037,21.5,21.7,21.5,21.3893511135,21.4225318217,21.4461573964,20.7,20.1,21.4610331375,21.4483509131,21.4276222203,19.9,20.0,21.3235143302,21.277281322172477,
17.0,16.7,16.4,16.3,15.9641237638,16.0,15.8,15.6,15.4,16.0360905829,15.4,15.4,17.4,21.5,17.518238343,19.6,18.2192964183,20.0,20.5,19.2878605664,21.3,19.9820783306,22.0,22.3,20.9470287243,22.8,21.4987201163,21.7361518951,22.2,22.0,22.0,22.3705957741,22.4448914655,20.6,20.5,20.9,22.4196822466,22.3405101233,19.9,19.5,19.3,21.7951734916,21.6144065156,21.4215260706,18.9,18.7,20.800676959,20.5897782448,20.3817531279,18.3,18.2,18.1,17.5,19.4712177665,16.9,16.9,16.9,17.0,18.9372581077,17.3,17.8,19.0,19.3,18.8669380897,20.5,18.9580150804,21.6,22.2,19.1941041474,22.4,19.4000434755,22.2,22.3,19.7482429501,22.2,19.986872801,20.1033349478,23.2,22.6,22.3,20.5179636284,20.6031161686,20.7,20.6,20.4,20.8461941989,20.8805706096,20.0,19.8,19.4,20.9117533932,20.8945749654,20.8684664315,19.0,18.9,20.7440127693,20.68998401758474,
18.4,18.0,17.7752315149,17.4862833653,17.3075787092,17.1612301771,17.2,17.0,16.8,17.2792779866,17.0,17.0,18.6,20.0,18.2738460795,19.3,18.7787213961,19.3,19.8,19.5388870978,20.2,20.0085986412,20.8,21.0,20.6721917458,21.9,21.076683329,21.5,21.2,21.0,21.3,21.8093971722,21.8893055067,20.4,20.4,20.9,21.9684632194,21.9322188105,20.3,20.1,20.0,21.604300538,21.485304854,21.3554443336,19.5,19.4,20.9222997524,20.770638963,20.6188391807,19.0,18.9,20.1816703678,20.0477485408,19.9222375,19.8064112199,18.1,18.0,18.1,19.4593069153,18.4,18.8,19.0,19.1,19.320912602,21.0,19.3552617405,21.7,22.0,19.4872722709,21.6,19.617631081,21.4,21.5,19.8538701457,21.8,20.0243754406,21.6,21.3,21.5,21.4,20.4293130769,20.4987269497,21.0,21.2,21.0,20.7135299444,20.7493009042,20.6,20.4,20.2,20.8155722294,20.813398217,20.804242548,19.7,19.6,20.7392651352,20.706878148465155,
18.6,18.2,18.4065017686,17.877555684,17.5986986443,17.4942782453,17.4,17.1,16.9,17.7241400814,17.8814545321,16.8,18.8,20.2,18.7542081852,19.8,20.4,21.1,21.8,19.9895442476,22.6,20.4871950979,23.1,23.4,21.2215809352,23.9,21.6708675173,22.9,22.6,22.4,22.1,22.4621784374,22.5466252118,21.0,21.0,21.4,22.6361294528,22.6011224508,20.7,20.3,20.2,22.268819384,22.1457789617,22.0106802254,19.8,19.6,21.5559590562,21.3957386821,21.2350187123,19.1,19.0,20.7708327877,20.6284101372,20.4949116027,20.3717400752,17.9,17.8,17.8,20.0034458128,19.9459137105,18.4,19.0,19.8,19.859114639,21.6,21.9,22.3,22.8,20.0392003372,22.5,20.1788368932,22.2,22.4,20.431102744,22.5,20.6127521144,22.5,22.6,22.5,22.3,21.042774082,21.1162185999,21.5,22.0,21.7,21.3423702283,21.3796688177,21.1,20.9,20.7,21.4467222952,21.4434899944,21.4328282862,20.0,19.8,21.3610314702,21.32575142861429,
17.6,17.3,17.6457518727,17.0919467418,16.9182322977,16.8,16.6,16.4,17.6590787097,17.8375445293,18.033840092,16.3,20.1,18.2,18.9092403011,19.1080546214,19.6,20.4,21.0,19.9513671136,21.9,20.3491584956,22.4,22.7,20.946849453,23.4,21.3176967084,22.4,21.6,21.7622323336,20.9,21.9497578071,22.0075341494,19.5,19.9,20.9,22.0166215927,21.9689552101,20.1,19.6,19.5,21.6132444246,21.4902539658,21.3572752481,19.2,18.9,20.9201607958,20.7690722124,20.618802448,18.6,18.5,20.1916437713,20.0627158419,19.9429465736,17.4,17.2,17.1,19.577043525,19.517549863,19.4716098638,18.3,18.3,18.8,19.4215000176,19.4405054124,21.1,21.6,22.0,19.6214746895,21.7,19.7610781588,21.3,21.4,20.0060556555,21.6,20.1789553189,21.6,21.8,20.4295808691,21.3,20.5789930633,20.6458284765,20.6,21.7,21.5,20.846500859,20.8780561113,20.7,20.4,20.2,20.926473837,20.9198755279,20.9064188373,19.5,19.2,20.8297426082,20.793991130480034,
19.3,19.0,18.9902767937,18.5258328374,18.3065610667,18.3,18.1,17.9,18.7160009556,18.8481441206,19.0017064583,17.5,19.8,18.9,19.6889497426,19.8456611765,20.9,21.5,22.0,20.5126904815,20.6748539085,20.8383691256,23.1,23.7,21.3410120284,24.1,21.6597433126,22.8,22.4,22.0516496938,21.7,22.2263629243,22.2848295474,20.6,21.1,22.0,22.3387181136,22.311243505,21.4,21.1,20.9,22.0630686713,21.971904002,20.5,20.4,20.2,21.5358931284,21.4177287352,21.2992982671,19.6,19.5,20.9576514733,20.8529026691,20.754744376,18.6,18.5,18.3,20.4465121789,20.3938540735,20.3517160488,18.9,18.9,20.0,20.2884027037,20.2977496279,22.1,22.6,22.9,20.4208341604,20.4694157483,20.5234439995,21.9,22.3,20.7089045354,22.3,20.8425330281,22.1,22.3,21.0396281707,22.0,21.1592232325,21.2133710863,21.5,22.4,22.1,21.3802674523,21.4078345121,21.5,21.2,21.0,21.4575858453,21.4552831162,20.5,20.3,20.1,21.3947693702,21.36881184419367,
19.8,19.5,19.3286190197,18.7979130899,18.5094896365,18.7,18.5,18.5444549834,18.6987152957,18.906665698,19.1603019645,17.8,20.1,20.0715325963,20.377734668,20.6797221099,24.5,25.3,25.8,21.8441995175,22.1140860833,22.3770117128,27.5,27.9,23.1145875432,23.333013866,23.5320736425,25.9,25.3,23.984312888,24.3,24.1464946085,22.9,22.2,22.2,22.5,24.0783760895,23.9948585251,21.8,21.6,21.4,23.4868411115,23.3267757179,20.9,20.8,20.6,22.6271107421,22.450139563,22.2772197336,20.0,19.9,21.8037075744,21.6669327905,21.5431357951,18.9,18.7,21.2596414817,21.1965814257,21.1497113804,21.1189689086,20.3,22.8,21.1197804877,21.1489044684,21.1909789383,25.8,26.3,26.5,21.4655603605,21.5542242795,21.6480837734,24.7,25.1,21.9464361156,22.0467940776,22.1453823591,24.3,24.3,22.4186798618,23.7,22.5720341104,22.6,22.3,22.8,22.6,22.8143430539,22.8359348158,21.8,21.6,21.3,22.8341734904,22.8134727712,20.7,20.6,20.3,22.666797857,22.617813700053027,
19.4,19.1,18.7050232024,18.173205149,17.9399370973,18.3,18.1,18.2885158474,18.5328401106,18.8016817459,19.0982564032,17.3,20.3,20.0570239431,20.3447201402,20.6226451513,24.7,25.4,25.8,21.7035104022,21.9542584367,26.5,26.9,27.1,22.8964041567,23.1030879221,23.2904866119,25.0,24.4,23.703897182,23.7843250864,23.83488227,22.6,22.0,22.0,22.2,23.6896016578,23.5944704978,21.4,21.2,21.0,23.0579256674,22.8950204886,20.5,20.4,20.2,22.1997738375,22.0275280124,21.8605563945,19.5,19.3,21.4105265728,21.2828551093,21.1685119416,18.4,18.2,20.9140127379,20.8603961158,20.8226631994,20.8006447763,19.6,22.7,20.824216921,20.8595383786,20.9070241075,25.6,26.1,26.1,21.1949121004,21.2848019352,24.0,23.9,24.1,21.674132593,21.7720304782,21.8675708873,23.8,23.9,22.1288668162,22.2042983389,22.2725641413,22.6,22.2,22.5,22.2,22.4892675136,22.5060459478,21.3,21.0,20.7,22.4879871772,22.4641622959,20.2,20.1,19.8,22.3095452992,22.259752845934237,
19.8,19.5,19.1481993763,18.3481506815,17.8915360911,18.7,18.5,17.449537365,17.7495020168,18.1599855434,18.0,17.9,22.4,20.2692479703,20.8577720776,21.4377257557,33.2,33.8,23.1133921396,23.6483993218,24.1689158675,34.6,34.7,35.2,26.0340172228,26.4205319176,26.7641585,26.8,26.0,27.4946879202,27.6304547432,27.7121701974,23.8,23.4,27.6544407469,27.5447778624,27.3960346943,27.2120535439,22.3,22.1,21.9,26.2024215349,25.9022700224,21.2,21.1,20.9,24.6439802491,24.3371714548,24.0416621277,20.2,20.1,23.2564274454,23.0376005845,22.8437740501,18.9,18.7,22.425294321,22.3424424909,22.2880797672,18.5,22.8,30.9,22.3411510837,22.4156808911,22.5112262714,34.6,35.2,22.9019629641,23.0589166225,23.2250219484,27.3,27.2,28.0,23.9299878623,24.1041051831,24.2728313505,25.0,25.1,24.7274212618,24.8563053293,24.9716706459,23.9,23.4,25.228003155,25.2817993402,25.3194786456,25.3411946826,22.3,22.0,21.7,25.278411416,25.2293175874,21.2,21.0,20.7,24.9334521007,24.84141657352211,
19.6,19.3,18.7608164271,18.0475440512,17.6785666082,18.4,18.2,17.5027621747,17.8024586239,18.1774232121,17.6,17.5,22.4,20.0936203749,20.6064992284,21.1087181568,31.0,31.7,22.5580620302,23.0128408055,23.4516038727,32.9,33.1,33.4,25.0218794235,25.3495174268,25.6420883009,26.5,25.8,26.2693931065,26.3866465626,26.4571427143,23.6,23.2,26.4062157614,26.3111353278,26.1824351975,26.0234700019,21.9,21.6,25.3985054229,25.1523332592,24.8933276247,21.0,20.9,20.7,23.8069286003,23.541908821,20.0,19.8,19.7,22.6074097177,22.4177833023,22.249575708,18.5,18.3,21.8847437445,21.811767298,21.7632793246,18.1,22.1,28.5,21.8021065247,21.8645932826,21.9452208981,32.2,32.8,22.277211636,22.4110943942,22.5529961418,26.1,26.0,26.6,23.1571123049,23.3067401586,23.4519000051,25.0,25.0,23.8439689048,23.9554734625,24.0554783154,23.7,23.1,24.2789115934,24.3263246063,24.3599258573,24.3798308411,21.6,21.2,24.3611131138,24.3307553762,24.2896897037,20.4,20.3,20.0,24.0391847946,23.960799790721197,
20.0,19.7,19.5118565032,18.8575762753,18.4773840378,18.9,18.7,18.1344348466,18.3371434946,18.6177740581,18.1,18.0,19.7575074482,20.2110458512,20.6666641035,21.1169361755,28.7,29.7,22.4329976925,22.8513746338,23.2563052887,31.2,31.4,24.3786901328,24.7122059966,25.0190288353,25.2953468183,27.5,26.8,25.9081094132,26.0327938329,26.1163691759,24.3,23.9,26.1306797514,26.0631640167,25.9636937822,22.7,22.5,22.3,25.3032921028,25.0876562303,24.8582844407,21.6,21.5,24.1228920909,23.8738689162,23.6286544624,20.8,20.6,20.5,22.7459133652,22.5622833576,22.3973928601,19.1,18.9,22.0274865013,21.9482687722,21.8915472902,18.6,21.1,21.8530706484,21.8816861032,21.9291922351,21.9941820515,30.0,30.9,22.2776115856,22.3954941679,22.5218357139,26.7,26.6,22.9315124808,23.0716723061,23.2104555001,23.3460833568,25.6,25.6,23.718053791,23.8257902832,23.9234903935,24.2,23.7,24.1483943147,24.1988765717,24.2366917746,22.6,22.3,22.0,24.2639431628,24.2417811195,24.2093202239,21.2,21.0,24.0590585801,23.9947072579,23.9250429867078,
19.3,19.6333333333,18.7799298328,18.0974939106,17.7734551078,18.1,18.0,17.6187828694,17.9372117622,18.3505388578,17.4,17.3,19.9993472833,20.6135747909,21.2107471852,21.7865380101,30.5,32.2,23.3902572788,23.8748572063,24.3350202186,35.0,35.4,25.5678487506,25.9179610805,26.2306633256,32.1,28.9,28.0,27.0436587884,27.1273137157,27.162622772,24.4,23.8,26.9973699636,26.8612237595,26.6902005956,22.4,22.1,21.9,25.7335562952,25.4461284927,25.1476756957,21.1,21.0,24.2291316318,23.9293455933,23.6394399943,20.1,19.9,22.8633668741,22.6454212122,22.4515592424,22.2833595667,18.3,18.1,21.9422192231,21.8841442745,21.8535158879,17.9,18.2,21.9172138483,21.9857895418,22.0751414239,22.1832205974,31.5,32.4,22.5971625974,22.7570141555,22.9236675064,27.0,27.0,23.4398746863,23.6095084128,23.7742648664,27.5,26.8,26.7,24.3474892106,24.461741694,24.5620616235,24.3,23.5,24.7728564125,24.8119934867,24.835573289,22.2,21.8,21.4,24.7833454088,24.7374130652,24.6803433258,20.4,20.2,24.454786565,24.3659782572,24.27270053046827,
19.5,19.4666666667,18.6487148791,17.9672486609,18.5,18.4,18.2,17.4848183329,17.8160033277,18.2330111305,17.7,17.6,19.8910363773,20.5374657555,21.1767518138,29.5,31.2,32.5,23.574684223,24.1215891369,24.6419008364,35.8,36.2,26.0270385227,26.4165984914,26.7622903571,32.7,29.8,28.9,27.6421311326,27.7281265428,25.7,24.9,24.3,27.5641398669,27.4107265527,27.2196530368,22.2,21.9,26.4615743858,26.1615432408,25.8452757235,25.5174049027,21.1,21.0,24.5112148354,24.1836823738,23.8673298213,20.0,19.9,23.0224867109,22.7859116586,22.5758723031,18.8,18.5,18.3,22.0283722377,21.9675552908,21.9368300704,18.2,21.1,22.0149408209,22.0926881234,22.1930689993,32.1,32.2,33.0,22.7731238117,22.9497200206,23.13350494,27.6,27.2,23.7009912308,23.8869225847,24.0672375709,28.2,27.3,27.2,24.6920488479,24.8159077873,25.3,24.5,23.6,25.1501954273,25.1912423664,25.2152239125,22.0,21.7,25.1894870513,25.1508875356,25.0989703236,25.0349627972,20.4,20.3,24.784207149,24.6860016794,24.583063417909013,
19.4,19.3333333333,18.7388096186,18.2463086649,18.4,18.2,18.0,17.7105685624,17.9425777711,18.2566288071,17.4,17.3,19.5735645204,20.0746762337,20.5641979301,26.4,27.7,29.0,22.3638463947,22.7664917409,23.1486282519,32.6,32.8,24.171506483,24.4628283793,24.7238351847,29.7,27.9,25.2983564496,25.4136360007,25.4891477967,25.1,24.3,23.7,25.4102795799,25.30489772,22.2,21.8,21.6,24.6239726736,24.4047706557,24.1726057427,23.9309202017,20.6,20.6,23.183741902,22.9388264514,22.7014529872,19.8,19.6,22.0629522587,21.8825959283,21.7216029615,18.7,18.5,18.3,21.2931033884,21.2423603064,21.2140593136,17.9,20.0,21.2567717593,21.3099631066,21.3803070773,28.6,28.7,29.6,21.7982615126,21.9272948223,22.0621215142,25.3,25.4,22.4812841291,22.6194709196,22.7538885559,27.0,26.3,23.1189137848,23.223383337,23.3174295453,24.5,23.8,23.0,23.575541054,23.608685974,21.8,21.6,21.3,23.6176755283,23.5913292185,23.5549349088,23.5093817669,20.0,19.9,23.3278538683,23.2560310025,23.180454694271337,
20.1,20.0333333333,19.4330304896,18.9924963364,19.0,18.8,18.7,18.3513199134,18.5082006631,18.2,18.1,18.0,19.7750969513,20.183981324,20.5876365632,25.8,27.1,21.7426735917,22.1056775168,22.4536767529,22.7870662731,31.7,32.1,23.6965139177,23.9612656453,24.2017308955,30.1,28.0,24.7528828784,24.8733861154,24.9604119899,25.4,24.7,24.0,24.9815930948,24.9117991958,22.9,22.6,22.3,24.3964633275,24.2213930617,21.8,21.7,21.6,21.4,23.2084872138,22.999036722,22.794046951,20.8,20.5,22.2312454396,22.068312184,21.9206698351,19.3,19.1,18.9,21.5055082153,21.4487024892,18.5,18.5,20.9,21.4081548105,21.4414670565,21.4901598698,27.7,28.0,21.7149460428,21.8110307166,21.9149618194,22.0250360426,25.6,25.6,22.3750644604,22.4928038612,22.6084493253,26.8,26.2,22.928858555,23.0227446499,23.1084644026,24.8,24.2,23.6,23.3557749268,23.3915751039,22.5,22.3,22.0,23.4291258861,23.4135825911,21.0,20.7,20.7,20.5,23.2163877817,23.158842556,23.097421194487637,
18.9,18.9333333333,18.3158946311,17.7755653362,18.0,17.8,17.0622416299,17.1505624999,17.3798918204,17.1,17.0,16.9,19.1237034965,19.6745937759,20.219152022,25.9,27.7,21.7628972035,22.2383046395,22.6898874489,23.1182253822,33.1,33.6,24.2565697139,24.5771294623,24.8624881791,31.0,29.0,25.4811831772,25.602142785,25.6792437043,25.3,24.4,23.7,25.5701518085,25.4489760032,21.8,21.5,21.2,24.6795914435,24.4338049561,20.6,20.4,20.3,20.1,23.0741229164,19.8,22.541025692,19.4,19.1,21.8392513939,21.6421512176,21.4668442994,18.2,18.0,21.084162176,21.006610639,20.9542915991,17.7,17.6,19.9,20.9853371792,21.0476844841,21.1288165595,28.6,28.8,21.4655497621,21.6018561198,21.7464859767,21.8971722254,25.8,25.6,22.3632805024,22.5162233016,22.6646453437,27.6,26.7,23.0656878651,23.1797669415,23.2820774302,24.7,23.8,22.9,23.5589783166,23.5932289114,21.5,21.3,21.0,23.5935118982,23.5621085671,19.8,19.5,19.6,19.4,23.2615645864,18.7,23.09622594571484,
19.7,19.6666666667,19.0,18.5676700165,18.6,18.4,17.830637981,17.8512359599,18.0085843086,17.7,17.7,17.6,19.3111735056,19.7501644355,25.8,26.1,27.3,21.4864151741,21.8979608772,22.2946331065,30.9,31.4,31.9,23.7106962401,24.010743178,24.2829333825,30.0,28.0,24.9056971657,25.0419263574,25.1406769855,25.2,24.4,23.9,25.1709990459,25.0948421457,22.5,22.1,21.9,24.5262898233,24.3324248395,21.4,21.2,21.1,23.4437033216,23.2097159367,20.7,22.7504011183,20.4,20.0,22.126658873,19.6,21.7822895218,19.0,18.8,21.4057255523,21.3212562878,21.2579658663,18.4,18.4,21.0,21.211534572,21.2480965487,27.0,28.2,28.5,21.5501278084,21.6564762957,21.771576509,26.9,25.7,25.6,22.281689499,22.4123416758,22.5407116136,26.7,26.1,22.8966091412,23.0009743104,23.0963062723,24.7,24.0,23.3,23.3718170127,23.4118565363,22.2,22.0,21.7,23.4548584409,23.4379465296,20.6,20.3,20.3,23.2788626584,23.2206449048,19.4,23.089105041261767,
19.0,18.9666666667,18.4,17.9377079255,18.0,17.8,17.352716674,17.4,17.6787399396,17.1,17.1,17.0,19.3442799397,19.8610821053,25.3,26.2,27.6,21.7680017084,22.1934102436,22.5946518117,31.9,32.5,32.9,23.9719600151,24.2510636878,24.4979446661,30.8,28.2,25.0218839643,25.1189719394,25.1763259438,24.7,23.8,25.1192983906,25.0299519709,24.9095264663,21.8,21.4,21.2,24.1781583194,23.9494069967,20.6,20.4,20.3,22.9549993743,22.7041715783,19.9,22.2234792007,19.5,19.1,21.5981958551,18.8,21.2717419253,18.5,18.4,20.9455622464,18.1,20.8430933668,18.1,18.0,19.9,20.9013491112,20.964743174,27.6,28.3,28.6,21.3661183314,21.4938198142,21.6283897002,26.7,25.4,25.9,22.194359966,22.3329877265,22.4668675519,27.0,26.2,22.8248895212,22.9254381318,23.0148957535,24.2,23.4,23.2102190142,23.2497403649,23.276307367,21.5,21.2,20.8,23.2587400338,23.2261255567,19.8,19.4,19.4,23.0081594645,22.9370833777,18.7,22.783063965944763,
19.5,19.3333333333,18.8,18.274854206,18.4,18.3,17.5703221859,17.9,17.7981921177,17.6,17.6,17.5,19.9,19.6693661139,25.0,26.0,27.3,21.4461635423,21.8590844854,30.0,30.8,31.3,23.3272133533,23.6415201233,23.9292254473,24.1873130414,29.6,27.6,24.7600703999,24.8781622404,24.958493266,24.7,23.8,24.9784290523,24.9161920588,24.8230793392,21.9,21.5,21.3,24.1974550644,23.9929011893,20.9,20.7,20.6,23.0786443456,22.8426318989,20.2,20.0,19.8,19.5,21.7731346963,19.2,21.4434135437,18.9,18.8,21.0953402191,18.6,20.9690899418,18.5,18.5,20.5,24.7,21.0129253485,27.4,28.3,28.6,21.3492921856,21.4621937169,27.7,26.7,25.6,21.9726722796,22.1055021971,22.2367715801,22.364799014,26.3,25.8,22.7143832296,22.8150880941,22.9061050211,24.2,23.5,23.1137149137,23.1595316225,23.1932985756,21.7,21.5,21.2,23.2109185806,23.1880066787,20.2,20.0,19.9,23.0084127152,22.9462050349,19.4,22.808309902424234,
19.4,19.1333333333,18.8,18.143609676,18.3,18.1,17.4975474928,17.8,17.7983040514,17.5,17.5,18.9048872058,19.8,19.8805282639,25.4,26.3,27.6,28.8,22.1624488171,30.6,31.7,32.3,23.6297668622,23.9381538314,24.2173175879,24.4641860686,30.5,28.0,24.9874800186,25.0844256555,25.1419482949,24.4,23.6,25.0886727258,25.0019506056,24.8849071122,21.4,21.1,20.8,24.173948445,23.9515872263,20.4,20.1,20.1,22.9844524342,22.7403110855,19.6,19.5,19.2,19.0,21.6623862088,18.8,21.3434368199,18.6,18.5,21.0236819387,18.3,20.9222816263,18.2,18.2,20.9326069743,25.1,21.0369154595,27.8,28.6,28.9,29.7,21.5497262504,27.9,26.6,25.6,22.0934596761,22.2314672592,22.3665976566,22.4971707879,26.7,26.0,22.8467673167,22.9451005555,23.0326749115,24.2,23.4,23.2244535715,23.2635071761,23.2899569733,21.1,20.9,20.6,23.2751478579,23.2439267058,19.8,19.7,19.7,23.0335168767,22.9646646125,19.1,22.81526114884478,
29,19.7333333333,19.2,18.7885103034,18.8,18.6,18.0877572418,18.2,18.2349267579,17.9,17.8,18.9880176136,19.0,19.6833845442,23.5,23.5,24.5,25.9,21.380455168,26.6,26.5,26.7,27.2,22.7236722039,28.0,27.9,27.8,26.4,23.6065337498,23.7075274153,23.780293975,24.0,22.9,23.8310937278,23.795456178,23.7360585945,21.8,21.6,21.4,23.2994057897,23.1510738138,21.0,20.9,20.8,22.4717451198,22.2930201194,20.4,20.3,20.2,21.6157024716,21.4663786255,19.7,21.2037867914,19.4,19.3,20.9171720445,19.1,20.805293901,18.9,18.9,20.7577385635,23.8,20.8009015746,25.7,26.4,26.8,27.7,21.1156610907,26.3,25.7,24.8,24.7,21.5947368734,26.2,25.8,25.5,25.0,22.0645040547,22.1440982604,22.2167568706,23.6,22.8,22.386919844,22.4262841102,22.456586191,21.7,21.6,21.4,22.4882041556,22.4749712654,20.7,20.6,20.5,22.3522674476,22.3075340585,20.1,22.206588371049072,
30,19.0666666667,18.5,18.4888053905,18.1,18.0,18.3526122949,17.6,18.44076259,17.4,17.3,18.9134070685,19.5,19.2867746097,24.1,21.3,21.6,22.0,20.0550483421,23.2,23.9,24.3,24.8,20.6145770464,25.3,25.2,24.6,23.6,21.0553135618,21.1108642697,21.1520392078,21.6,20.9,21.1900005417,21.1762501058,21.1506664377,21.1,20.8,21.0115730917,20.9474070444,20.875950966,20.2,20.1,20.0,20.5408213434,20.4512979746,19.6,19.5,19.4,20.109359439,20.0335101729,18.9,19.8996711782,18.7,18.6,19.7525372888,18.4,19.6942302032,18.3,18.2,19.667188365,23.9,19.6867325625,21.8,22.0,22.1,22.7,19.8398078635,22.1,22.0,21.6,21.7,20.077249124,23.4,23.7,23.3,22.9,20.3126273849,20.352772206,20.3895067076,21.5,20.9,20.4760159853,20.4962010177,20.5118483396,21.0,20.7,20.5315784871,20.5293898608,20.5231086488,20.0,19.9,19.8,20.4625906548,20.440300043,19.3,20.38982541736408,
31,19.9,19.2,19.1,18.9,18.7,18.92136878,18.9247946387,19.0099365105,18.2,18.1,19.3609299237,20.1,19.6206748039,24.5,21.4,21.7,22.3,20.2792154235,22.8,23.4,23.9,24.2,20.9389222123,24.3,24.1,23.9,23.4,21.5118132684,22.7,21.6716064815,21.4,21.0,21.8068598493,21.8239838137,21.8278005034,21.8,21.8,21.7653359862,21.7221102951,21.6689775931,21.2,21.1,21.0,21.3785015063,21.2927295572,20.6,20.5,20.4,20.9375985631,20.8519899381,19.9,19.8,19.6,19.5,20.4926009033,20.4395494188,20.3939774254,19.1,19.1,20.3044202137,25.0,20.2843226486,23.0,23.0,22.1,22.4,20.359001146,21.9,21.9,21.6,21.6,20.5616389807,23.3,23.7,23.6,23.2,20.80885589,22.5,20.9012986322,21.6,21.6,21.019166573,21.0512597878,21.0792472119,21.8,21.7,21.1368321812,21.1469792769,21.152631731,21.0,20.9,20.8,21.1332014874,21.1189849517,20.3,21.081484996784987,
32,19.3333333333,18.7,18.5,18.3,18.2,18.8000611246,17.8,18.9657219944,17.6,17.5,19.4978128314,19.6984560307,19.886992061,25.0,22.1,20.3769216172,22.8,20.645534577,23.8,24.4,25.0,25.3,21.1547270173,25.4,25.2,24.6,24.1,21.5347570317,23.3,21.6100016518,22.0,21.3,21.6178536837,21.5949517188,21.5608761667,21.5,21.2,21.4009273778,21.3313419753,21.2551678274,20.6,20.5,20.4,20.9076767055,20.8166875507,20.0,19.9,19.7,20.4753397576,20.4010824536,19.3,19.1,18.9,18.8,20.1338040611,18.5,20.0825603394,18.4,18.3,20.0664963757,20.0763196798,20.0930441325,22.3,22.4,20.1791845924,23.1,20.2603220985,22.2,22.1,21.9,22.8,20.5053128987,24.6,24.9,24.4,23.6,20.7411983735,22.7,20.8165967253,21.6,20.8,20.8995570773,20.9182955022,20.9324038151,21.3,21.1,20.9472013251,20.9433410299,20.9354113609,20.4,20.3,20.2,20.8689166484,20.8453675406,19.6,20.792745834196722,
33,20.0333333333,19.4,19.2,19.0,19.1123017988,19.1099609574,18.5,19.3655077322,18.2,18.2,19.9432332439,20.1557860924,20.3607422247,25.2,24.7,20.9172577678,21.0929843358,21.260793644,24.1,24.0,24.3,24.6,21.9728430358,24.5,24.3,24.0,23.7,22.492359607,23.3,22.8,22.5,22.6,22.6653693669,21.9,22.6220271262,22.1,21.9,22.4587742125,22.3826007537,22.2974041589,21.3,21.2,21.1,21.8924507484,21.7826467917,20.7,20.7,20.6,21.3559716816,21.2593399242,20.2,20.0,19.9,20.9446299472,20.8875090127,19.5,20.8022647629,19.4,19.4,20.7482728901,20.7493861117,20.7594534835,25.1,23.3,20.8378371299,20.8778052235,20.923435515,22.2,22.4,22.4,23.0,21.2069466074,23.5,23.9,23.6,23.3,21.5045263723,23.1,22.8,22.7,22.4,21.7257501894,22.4,21.7797174445,22.1,21.8,21.8190791731,21.821226916,21.818145664,21.2,21.1,21.0,21.7593440491,21.7348996562,20.6,21.67744445058694,
34,19.2333333333,18.7,18.5,18.4,18.2319169813,18.2742915173,17.8,18.792206444,17.5,17.5,19.7298597534,19.4,20.4346272775,24.7,26.7,21.2503234671,21.4751960725,21.6785664721,25.7,26.3,26.9,22.309242027,22.4347767945,26.8,26.3,25.9,25.6,22.8354548812,25.0,24.1,23.3,22.4,22.7724796676,21.2,22.6227952247,21.5,21.2,22.2994277637,22.1723244504,22.0386369364,20.7,20.6,21.6168181932,21.4755889875,21.33715333,20.1,20.0,19.9,20.8449160517,20.7443462829,19.5,19.3,19.1,20.4604043113,20.4211800762,18.7,20.3812106001,18.6,18.6,20.4119352894,25.0,20.4853656366,26.2,23.3,20.6568196016,20.7260745477,20.799506797,23.2,23.1,22.5,21.1124026436,21.1899863838,25.5,25.8,25.4,24.8,21.5270348748,24.0,23.5,22.3,21.3,21.7207889713,22.0,21.7491268238,21.5,21.2,21.7400991907,21.7244994369,21.7032976017,20.4,20.4,21.6113708425,21.5732529345,21.5324469743,19.8,21.445373724246856,
35,19.7,19.0,18.8,18.7,18.7663056742,18.7665384454,18.1,18.0,17.9,17.8,19.680093163,19.4,20.160824697,24.4,24.8,20.7771460454,20.9644226288,21.1411887831,24.1,24.6,24.9,21.7458348648,21.8799250977,25.1,24.9,24.7,22.3232677457,22.4019363666,24.1,23.5,23.0,22.4,22.5384595044,21.8,22.4761483411,22.1,21.9,22.281249351,21.5,22.0979901284,21.3,21.1,21.7708593584,21.6542117502,21.536555873,20.7,20.6,20.4,21.0877422956,20.9880537429,20.0,19.8,19.7,20.6713792574,20.6161905906,19.2,19.2,19.1,19.1,20.4976500141,24.8,20.5206105911,25.0,22.6,20.6181763544,20.6645817612,20.7165246183,22.8,22.8,22.4,20.9613070422,21.0270850446,24.3,24.5,24.3,21.2817951383,21.3394262644,23.6,23.1,22.6,22.2,21.5607783485,22.5,21.6111164918,22.1,21.9,21.6420659324,21.5,21.63413856,21.1,21.0,21.5848256053,21.5599930745,21.5317436965,20.4,21.46705985303795,
36,19.3666666667,18.8,18.5,18.4,18.0668028601,18.1308900615,17.8,17.7,17.6,17.5,19.6492362778,20.3,20.2900481598,26.4,28.7,21.05744208,25.7,21.5206300291,24.3,24.8,22.1069989285,22.2776568926,22.4368652257,24.7,24.5,24.2,22.9434774469,23.0306411111,23.5,23.0,22.6,23.1714227551,23.1520505215,21.6,23.0534113896,21.8,21.6,22.7818479606,21.3,22.540248496,21.0,20.9,22.1236538028,21.977921867,21.8320394069,20.4,20.2,20.0,21.2843743924,21.1645833591,19.7,19.4,19.2,20.7894140129,20.7252828681,18.8,18.7,18.7,18.7,20.5959643524,27.4,20.6292456352,29.0,22.2,20.7546803582,23.6,20.8777401788,22.5,22.5,21.099976502,21.179570658,21.2600477816,24.0,24.0,23.8,21.5698236815,21.6395109115,23.1,22.6,22.2,21.8648568943,21.9052802769,22.5,21.96486136,21.9,21.7,22.0002203114,21.2,21.9893363157,20.7,20.6,21.9280969886,21.8976525918,21.8631440776,19.9,21.784439581577885,
37,19.0,18.4,18.2,18.0,17.8164242706,17.8525091553,17.4,17.3,17.2,19.2172732928,19.6081336932,19.8,25.2,27.2,29.1,21.4748135057,27.2,22.0857959332,26.4,27.1,22.8329554587,23.0421399172,23.2317487811,26.4,26.1,25.7,23.7815649121,23.8616059409,24.9,24.3,23.5,23.9136073745,23.8594664173,21.8,21.8,21.6,21.3,23.2679648247,21.1,22.9276654847,20.8,20.7,22.3679588039,20.4,21.9907752672,20.2,20.0,19.9,21.312153975,21.1699815529,19.4,19.3,19.1,20.7514920589,20.6879641673,18.7,18.6,18.6,20.6020288168,20.6205092483,27.9,29.6,29.0,23.3,20.9072206991,25.1,21.0885171258,23.3,23.4,21.3954390866,21.5011110268,21.6060715035,25.7,25.8,25.4,21.9931126989,22.0760898342,24.0,23.4,22.9,22.3281764986,22.368756011,22.5,22.2,22.0,21.7,22.430450393,20.9,22.3937172398,20.5,20.4,22.2857861638,20.2,22.187241263,19.6,22.075168841329425,
38,18.2666666667,17.7,17.5,17.3,16.9534573637,17.0316050462,16.7,16.5,16.5,18.5620318325,18.9591852455,19.2,24.7,26.6,28.3,20.7524576407,26.1,24.4,25.3,26.0,22.0627890993,24.6,22.4987360955,24.3,24.2,24.0,23.1664429625,23.2736747654,23.8,23.6,23.6,23.4061518424,23.3664738683,21.6,21.7,21.4,20.9,22.8249119226,20.5,22.4935267237,20.1,20.0,21.9344691985,19.8,21.5499013016,19.5,19.4,21.0047715661,20.8403077452,20.6875371964,18.7,18.5,18.4,20.2196263188,20.1429199544,17.9,17.9,17.9,20.0064975341,20.0137155901,27.2,29.1,28.2,22.0,20.2585159711,24.3,23.4,22.4,22.5,20.7344462612,22.5,20.9484577567,24.2,24.0,23.9,21.3537761032,21.4431826234,23.7,23.7,23.4,21.7251684766,21.7737006964,22.3,21.9,21.6,21.3,21.8727417446,20.6,21.8481824008,20.1,19.9,21.753938543,19.7,21.6610570535,19.0,21.551762590916322,
19.0,19.0666666667,18.3,18.1,18.0,17.9767167894,17.9789801117,17.4,17.3,17.1,19.0371509439,19.3335637238,20.0,25.0,26.3,27.3,20.7966542283,26.8,23.9,24.7,25.2,21.9529886581,24.7,24.9,24.7,24.5,24.2,22.8762409533,22.9729262529,23.2,22.8,22.7,23.138793575,23.1222193092,21.7,21.9,21.7,22.8532805829,22.7447703517,21.3,22.4921429877,21.2,21.0,22.0535152287,20.8,21.7449244712,20.6,20.5,21.2987602637,20.2,21.0338069317,19.9,19.7,19.5,20.6302988718,20.5607938683,19.1,19.1,19.1,20.418899003,20.4169547501,27.4,28.0,28.6,22.7,20.5811100307,24.3,23.6,22.7,22.7,20.9461683608,22.7,23.3,24.1,24.0,23.8,21.4461000474,21.520470598,22.9,22.6,22.4,21.7614974545,21.8048778439,22.6,22.5,22.3,21.9024276237,21.907752236,21.5,21.8968183242,21.0,20.9,21.8324241488,20.7,21.76365979,19.9,21.68012376571175,
18.3,18.3666666667,17.7,17.6,17.4,17.3229439858,17.4104581212,16.9,16.7,16.6,18.4623759,18.6946686796,20.2,24.9,26.0,27.2,19.7464427993,22.1,21.2,21.7,21.8,20.7510426235,21.7,22.1,22.4,23.1,21.7308772951,24.9,25.3,25.2,24.9,24.6,22.3189390673,22.3305066468,21.0,21.7,21.4,22.1727573657,22.0900239534,20.5,21.8825530699,20.3,20.2,21.4897452523,19.9,21.1947359162,19.6,19.5,20.7423982007,19.2,20.456634417,18.9,18.7,18.5,19.98161486,19.8903514679,18.1,18.0,18.0,19.6578162461,19.6339980079,27.3,28.1,24.6,20.8,19.7069685882,21.6,21.6,21.3,21.4,20.0262717424,21.4,21.8,22.7,23.4,20.4522689767,25.0,26.0,25.6,26.3,25.9,20.9018767139,20.9575532624,22.7,22.2,21.8,21.106026595,21.1236286261,20.9,21.1355943039,20.4,20.2,21.0995175305,20.0,21.0445080156,19.5,20.970107864391657,
18.4,18.5333333333,17.9,17.7,17.6,17.4,17.4507903228,17.0,16.8,16.7,18.5653815827,18.8181884002,20.0,24.7,25.9,19.7536545869,19.9575940119,23.8,21.7,22.4,22.7,20.9365648263,21.8,22.3,22.2,22.5,21.8135720183,22.7,22.6,22.1950589739,22.5,22.6,22.3820515843,21.8,21.4,21.9,21.6,22.2606872656,22.1831634791,20.9,20.7,20.6,20.6,21.6135371672,20.3,21.3332454723,20.0,19.9,20.904873175,19.6,20.6353406725,19.3,19.1,18.8,18.6,20.1022917883,18.5,18.4,18.5,19.8813565003,19.8580223377,27.2,28.7,26.2,19.8860357631,19.9205026077,22.4,21.9,21.3,21.4,20.2144853125,21.4,21.7,22.3,22.3,20.6117520193,22.4,22.8,20.8423155557,23.0,23.1,21.0361547369,22.2,22.8,22.4,22.2,21.2334391495,21.2513282908,21.4,21.2,21.0,20.8,21.2357754403,20.6,21.1867812255,20.0,21.119300540120197,
18.5,18.6333333333,18.0,17.8,17.7104841694,17.6,17.6581234761,17.9956114935,16.9,16.8,18.8450976345,19.0737307378,20.0,24.6,25.8,19.8534602493,20.0060991067,23.4,21.4,21.9,22.2,20.7484922172,21.4,21.9,21.6,21.6,21.4530909248,21.8,21.9,22.0,21.8,21.8,21.5,21.0,21.1,21.8,21.6,21.8437725349,20.9,20.7,20.5,20.5,20.4,21.3083804629,20.1,21.074376446,19.9,19.8,20.7162924858,19.5,20.4906343569,19.3,19.1,20.1966446267,18.6,20.041474959,19.9782730659,18.4,18.5,19.8509349996,19.8296800657,26.9,28.3,25.7,19.8457063837,19.8727145257,22.1,21.6,21.0,21.0,20.1110650477,21.0,21.4,21.8,21.4,20.4399916396,21.6,22.0,22.0,22.3,22.2,21.7,21.6,22.4,22.2,21.9,20.9674041527,21.5,21.3,21.1,20.9,20.7,20.9768909426,20.5,20.9381245849,20.1,20.88356979591444,
18.2,18.3666666667,17.6,17.5,17.5681995092,17.2,17.4507411248,17.7889229947,16.6,16.5,16.5,18.8270693555,19.7,24.2,25.5,19.4753549895,19.6008095192,20.8,20.0,20.5,20.7,20.2926696921,20.5,21.0,20.9,21.3,21.0783306354,22.8,23.2,23.4,23.2,23.0,22.3,21.0,21.7034777259,22.1,21.6,21.6348140567,20.7,20.5,20.4,20.3,21.2516497677,20.1,20.0,20.913149521,19.7,19.6,20.5437314605,19.3,20.30180192,19.0,18.8,19.9742859467,18.3,19.7935340192,19.7172820103,18.1,18.2,18.2,19.5194021586,26.7,28.1,24.3,19.4979325883,19.5181756959,20.3,20.2,20.0,20.1,19.7403288921,20.0,20.4,20.9,21.9,20.0807189035,22.8,23.5,23.3,23.8,23.6,22.8,22.0,20.5762807799,22.1,21.9,20.6831275583,21.3,21.1,20.9,20.7,20.7336114015,20.4,20.3,20.6924338834,19.8,20.641012498024917,
18.2,18.3666666667,17.6,17.5,17.5319678761,17.2,17.6042806402,16.8,16.6,16.5,16.5,18.7312027833,18.9074225495,23.0,24.1,19.3235597025,19.4494529489,20.8,20.2,20.6,20.4,20.1502304015,20.4,20.4456141716,20.8,21.1,20.8733134045,21.9,22.3,22.4,22.2,21.342888927,21.5,20.8,21.4140280949,22.3,21.8,21.2,20.8,20.5,20.4,20.3,20.9733047453,20.1,20.0,20.6551099627,19.7,19.6,19.5,19.4,20.0975957701,19.1,18.9,19.8080924612,18.3,19.6521038111,18.2,18.2,18.3,18.3,19.4290908325,19.4149489934,26.9,23.8,19.4305760458,19.4536245783,20.1,20.3,20.1,20.2,19.6725275351,20.2,19.792847806,20.8,21.1,19.9857445648,21.8,22.3,22.2,22.6,20.2833413503,22.1,21.7,20.4170469759,22.2,22.0,21.8,21.6,21.3,21.1,20.9,20.5290125028,20.6,20.5,20.4822055291,20.0,20.43073065731051,
16.5,17.0,16.1,15.9,15.7,15.6,16.2858354135,15.3,15.1,14.9,15.0,17.6180974742,17.8516855793,22.8,23.9,25.3,18.6673592738,20.0,19.4,19.4,19.4716073487,19.6668374952,19.5,20.0577421439,20.3,21.2,20.5918445746,22.6,20.8611482656,22.9,22.8,21.0824722879,21.6,20.8,21.0852417325,21.7,21.1,20.1,19.7,20.7114974967,19.1,19.1,20.3248670167,18.9,18.8,18.7,18.3,18.3,18.4,18.2,19.1526573863,17.8,17.5,17.1,16.9,18.6290581926,16.7,16.8,17.0,17.0,18.4260566524,18.4260459642,27.0,22.6,18.5,18.545125656,19.7,20.4,20.7,18.8103494023,18.8910298183,20.7,19.0609628056,20.6,21.6,19.3190502061,22.8,19.4801373552,23.4,23.6,19.6864987721,22.7,21.9,19.8342543411,21.9,21.6,21.2,20.9,19.926743049,20.3,20.0,19.8925884018,19.8,19.6,19.4,19.0,19.722127743897047,
17.9,18.1,17.3,17.2,17.1,16.9,17.4941416186,16.5,16.2,16.2,16.2,18.7983364562,19.0019785473,23.8,24.7,26.3,19.5969279875,19.7488107383,19.9,20.2,20.204851113,20.3511984814,20.3,20.6443425445,20.7,20.8,21.0563494639,21.5,21.2799970466,21.6,21.2,21.4882318439,20.8,21.5306240845,20.9,22.4,21.8,21.1,20.7,21.2750396657,20.2,20.2,20.1,20.0,19.9,19.8,19.6,19.5,19.4,19.3,20.0781692622,19.0,18.7,18.4,18.1,19.6516062529,18.0,18.0,18.2,18.2,19.4634961429,19.457006993,29.0,24.3,19.9,19.5249969573,19.5625355985,20.6,20.5,19.7122903299,19.7716388619,20.6,19.8988710818,20.8,21.0,20.0969959606,21.5,20.2236266739,21.9,21.9,20.3901897274,21.3,20.4787341911,22.7,22.5,22.3,22.1,21.8,20.6075978678,21.3,21.1,20.9,20.9,20.7,20.5,20.3,20.477490969721654,
17.2,17.6333333333,16.6,16.5,16.5,16.3,16.7631265855,15.8,15.6,15.6,15.6,17.892277808,18.108298465,22.8,23.9,25.2,18.9306310263,19.1536024024,21.3,21.5,21.6,20.066021993,22.2,22.3,22.4,21.8,21.0841047698,21.9,21.3917408335,21.9,21.6,21.6842183501,21.0,21.7548915718,20.6,22.0,21.5,20.8,21.5450751784,21.4483521332,19.9,20.0,19.9,19.8,20.7865143649,19.5,19.3,20.3243488889,19.4,19.2,19.8841993806,18.9,18.5,18.2,17.7,19.3189559731,17.8,17.9,18.1,18.1,19.0685686552,19.0597141969,27.2,24.3,21.9,19.149077757,19.198705039,22.2,21.5,21.3,19.4753633978,21.3,21.1,21.3,21.4,19.9057162816,21.7,20.0730806501,22.1,22.1,20.2930069358,21.8,20.4097561231,22.5,22.2,22.0,21.8,20.5704133626,20.5788805872,21.2,20.9,20.8,20.7,20.5134827622,20.3,20.0,20.405419600179187,
16.7,16.7,15.9,15.9,15.8,15.7,15.4214227806,15.2,15.1,15.1,15.0,16.4715564442,17.7,21.6,22.7,23.8,17.9756673575,18.2710676184,22.2,22.5,22.5,19.4169760216,19.6943029921,23.3,22.9,21.8,20.7109650392,21.6,21.1086863643,21.2,20.9,21.491565178,20.3,21.5904996437,20.0,20.5,21.521906596,20.2,21.3514930576,21.2346494951,18.9,19.0,18.9,20.6080188534,20.4241641636,18.6,18.3,18.3,18.4,18.3,19.2992774871,18.0,17.6,17.2,16.7,18.580610819,16.9,17.0,17.1,17.2,18.2488578059,24.0,25.2,24.4,22.7,18.3305749844,18.3894115821,22.5,21.4,21.6,18.7255761546,18.8274353666,21.1,21.0,21.4,19.2598027839,22.0,19.4702361304,21.8,21.6,19.7495778693,21.3,19.8999027196,21.8,21.7,20.0580272539,21.2,20.1147397826,20.1283425778,20.5,20.3,20.1,20.0906844255,20.0606855255,19.7,19.5,19.932132433902012,
49,16.4333333333,15.9416159476,15.5144748935,15.302303309,15.1191787848,14.9864350662,14.978994135,15.1087420915,15.3141142391,15.5607197652,15.8447156555,16.1568488578,16.4822730091,16.8106553982,17.1394598942,17.4708900402,17.8048632836,18.137818447,18.4664763999,18.7897043843,19.1072988172,19.4181557644,19.7196428698,20.0082366593,20.2803078747,20.5323611781,20.760964764,20.9627964096,21.1349159325,21.2751073027,21.3820933444,21.4555472242,21.4959518083,21.5044016299,21.4824194594,21.4318166438,21.3545967361,21.2528954623,21.128954224,20.9851233192,20.8238824108,20.6478584182,20.4598230793,20.2626631529,20.059328129,19.8527669035,19.6458649686,19.4413900348,19.241949735,19.0499616822,18.8676338701,18.6969521465,18.5396712899,18.3973070394,18.2711279087,18.1621471441,18.0711162165,17.9985215156,17.9445855349,17.9092730816,17.8923022629,17.8931594162,17.9111168932,17.9452526607,17.9944709449,18.0575234952,18.1330313431,18.2195071009,18.3153778592,18.4190086355,18.5287261573,18.6428426052,18.7596788479,18.8775866858,18.9949696842,19.1103022892,19.2221470394,19.3291697912,19.4301529399,19.5240066382,19.6097780108,19.6866583387,19.7539881733,19.8112603384,19.8581208027,19.8943674425,19.9199467667,19.9349487243,19.9395997564,19.9342542836,19.9193848313,19.8955710017,19.8634874939,19.8238913684,19.7776087459,19.72552112937954,
