sensor,0.5,1.0,1.5,2.0,2.5,3.0,3.5,4.0,4.5,5.0,5.5,6.0,6.5,7.0,7.5,8.0,8.5,9.0,9.5,10.0,10.5,11.0,11.5,12.0,12.5,13.0,13.5,14.0,14.5,15.0,15.5,16.0,16.5,17.0,17.5,18.0,18.5,19.0,19.5,20.0,20.5,21.0,21.5,22.0,22.5,23.0,23.5,0.0,0.5,1.0,1.5,2.0,2.5,3.0,3.5,4.0,4.5,5.0,5.5,6.0,6.5,7.0,7.5,8.0,8.5,9.0,9.5,10.0,10.5,11.0,11.5,12.0,12.5,13.0,13.5,14.0,14.5,15.0,15.5,16.0,16.5,17.0,17.5,18.0,18.5,19.0,19.5,20.0,20.5,21.0,21.5,22.0,22.5,23.0,23.5,0.0,
0,19.733333333333334,19.37653709727025,19.02353976225247,18.82244270808245,18.626815990161017,18.51845613295911,18.55531909720271,18.69454366853183,18.868550739908013,19.05653535543192,19.272155386081995,19.51500192249492,19.76579443837662,20.009828863209723,20.244970222239036,20.47528645619571,20.70264857045376,20.92481223742924,21.139042780765866,21.344508227937528,21.541488409741884,21.72995915301212,21.909106856664547,22.077620320435585,22.23406456755607,22.376958724621744,22.50471900964574,22.61570103138739,22.708362699861773,22.781467287152967,22.83424697161172,22.866476381117163,22.878449340050842,22.870887657471183,22.844824461831188,22.80149639813855,22.742260655519384,22.668540950554892,22.581803544398745,22.48356076257845,22.375391708682244,22.25896358170246,22.13603825412265,22.008456991131276,21.87810566006065,21.746868524250694,21.616579798606026,21.48898034835496,21.36568413434889,21.24815615819534,21.1377010792291,21.035459740625637,20.942409987908285,20.859368534582895,20.78699190126925,20.725775999373248,20.676055153112866,20.638001935064075,20.611629128764143,20.5967946365737,20.593209496672497,20.60044859411842,20.617963292932377,20.64509512745271,20.681089835020373,20.72511129289411,20.77625522303438,20.833562749899407,20.8960339861466,20.962641780944804,21.03234563894299,21.104105666026435,21.176896276045586,21.24971933438971,21.321616426673526,21.39168000851975,21.45906328717519,21.522988777546598,21.58275554180351,21.637745153239717,21.68742642469628,21.73135892169325,21.769195256007247,21.800682140167694,21.825660184863168,21.84406244034275,21.85591171468886,21.861316738414224,21.860467278150363,21.853628326439512,21.841133507384345,21.823377840052483,21.80080999627093,21.77392418082032,21.743251753585223,21.709352707054652,
1,20.166666666666668,19.82279115724589,19.492016147243113,19.34636219567297,19.22681497583341,19.136239556220538,19.13844897884845,19.236499018125837,19.379192092242196,19.531916739161453,19.691551986413582,19.86178806525177,20.03682320777537,20.209181574554645,20.376369676261216,20.5400464558313,20.701518468970747,20.85971071091416,21.01280542446356,21.160067407131567,21.30173413624492,21.43813250136036,21.569234363069878,21.694695659205046,21.81393880422648,21.926063699698894,22.02974897253949,22.123340436999317,22.205104619855874,22.273509150617503,22.32742814208705,22.366239187908274,22.389821379339832,22.398480875847415,22.39283678677562,22.37370141171136,22.341982352122084,22.298622004542125,22.24457783865666,22.180836302941493,22.10844494250584,22.028543883713553,21.942381101273675,21.851304289315024,21.75673138410621,21.66010791412301,21.56286113327902,21.46635934977121,21.371881661825316,21.280599742183334,21.193570215333132,21.111734140438752,21.035919487833887,20.96684320840843,20.90511105629278,20.85121504798012,20.805529731345583,20.768308991917515,20.739684957277554,20.719669913833787,20.708161346705666,20.70494953757833,20.70972678044867,20.722097243068692,20.74158674339991,20.767652090523086,20.799690011132334,20.837045933313007,20.879022977620327,20.924891424617172,20.973898747270308,21.02528009289367,21.07826893972537,21.132107576824712,21.186057068514245,21.239406444329415,21.291480965813314,21.341649425373458,21.38933050326511,21.433998236206286,21.475186640395215,21.512493498539136,21.545583284027234,21.574189171534496,21.59811408075625,21.61723071892568,21.63148062188322,21.6408722330151,21.64547809481771,21.645431252571445,21.640920981199898,21.63218794636121,21.619518903279204,21.603241026673842,21.583715956492668,21.56133363925292,
2,20.0,19.622556129953015,19.272980932168075,19.1315723003091,19.023714151703267,18.94730946797006,18.986071881108156,19.132792929013874,19.321807251816317,19.517701094416367,19.718242142248616,19.92828590156707,20.14200441951392,20.351046766228098,20.553649215513268,20.752186039275994,20.947629344290146,21.13822085721641,21.32162056491754,21.496869655922545,21.664087400326704,21.823413467115948,21.974666650190283,22.1174525393849,22.251161206337645,22.374789170976594,22.486837394673337,22.585473426490644,22.668865208830763,22.735494912813007,22.78435933109013,22.815048510389243,22.827720999947225,22.823002238587417,22.801840784615944,22.765363689716118,22.71476625867579,22.651253587671036,22.576032814674647,22.490341615679633,22.395491061563053,22.292900601844057,22.18410955727678,22.070760126105153,21.95455689655369,21.8372136900801,21.720399553564242,21.605693256715295,21.49455153166353,21.388291929002758,21.288087593507488,21.194969216882367,21.109829194846462,21.033424312677802,20.966375364707954,20.909164129044388,20.86212944516388,20.825464539890614,20.799217333555152,20.783294567450564,20.777469616676125,20.781393106260097,20.794605104033067,20.816547732295902,20.846577407322396,20.883976402547507,20.92796386240854,20.97770664916992,21.032330444855607,21.090931389870253,21.15258830185388,21.216375277181623,21.281374307872454,21.346687485251564,21.411448404993003,21.47483250252788,21.53606618630487,21.594434755784828,21.649289163836883,21.70005170229208,21.746220665660683,21.787374002893763,21.82317192377087,21.853358402556474,21.877761524786678,21.896292651228116,21.908944416803127,21.9157876293113,21.916967172129006,21.912697039992615,21.903254645944024,21.888974533500303,21.87024161664166,21.847484057208394,21.82116587923796,21.791779414734467,
3,20.233333333333334,19.88554935369352,19.586011252040368,19.460116707838967,19.376454059847173,19.306808556303494,19.34767563064895,19.50318794722869,19.688867099524572,19.86120403016342,20.022118634066288,20.181807435725375,20.342257223251345,20.499626868214108,20.653819216983997,20.80934555828713,20.968869906241387,21.13081518997475,21.29153903753687,21.447921639950845,21.598262292783478,21.74188044560806,21.87861962587996,22.008575556896503,22.131768052494092,22.247756898667834,22.355439606609114,22.45315132810658,22.538974298066215,22.611091362820893,22.668077658150057,22.709084532627735,22.733892981642878,22.74283949577878,22.73665464732206,22.71627916750129,22.682716235717873,22.636950833568942,22.579937549669186,22.51263839496633,22.436082780338058,22.35142129802746,22.25995218358982,22.16311170669381,22.06243262244164,21.959483707457,21.855806274222967,21.752861110848883,21.65199368728726,21.55441904836172,21.461222484145647,21.37336903619356,21.291714531351314,21.217012671575464,21.149915715085736,21.09096928772151,21.040603956000577,20.999126960180185,20.966717035342352,20.94342398299225,20.92917316859292,20.923773912236985,20.92693010599722,20.938251385973597,20.95726366353121,20.983418522582898,21.016101652450413,21.05464091473241,21.09831475757116,21.146361524863902,21.197989872701104,21.252390139020243,21.308746232426568,21.36624747785337,21.42409988599784,21.481536458251895,21.537826332685313,21.592282753981,21.644269965668613,21.69320916021635,21.73858359250543,21.779942893705513,21.81690654949638,21.849166456587927,21.87648845901731,21.89871279057048,21.91575340032936,21.927596197819028,21.934296306340748,21.93597444704289,21.932812588680854,21.92504899210987,21.912972761823173,21.89691799781138,21.877257626491488,21.854396982935345,
4,19.9,19.55798018315548,19.20252054249547,19.021699551781097,18.907038089907115,18.830995571364596,18.832834269010085,18.9194327819187,19.050894741108763,19.200010556543283,19.35389161394233,19.506924461749556,19.658484810563955,19.81012677457386,19.9639644988235,20.121810063851548,20.28358765732228,20.447711309598134,20.61237071928696,20.775986924660007,20.936995172928945,21.093749479280568,21.244755349867447,21.388903464026466,21.525370699031257,21.65327104981236,21.7713952549914,21.87823144296127,21.972191551852134,22.05186950774795,22.116220325914316,22.16464086062305,22.196975316864897,22.21346704824758,22.21467107002903,22.201347229381092,22.174361966218033,22.13462420495408,22.083066742256495,22.02066615513859,21.94848127575914,21.867687686466585,21.779592086271915,21.68562067387949,21.587284899252115,21.48613345634959,21.383701028867556,21.281462994369097,21.180802115976533,21.0829892381859,20.989176240022786,20.900396977791175,20.81757121516646,20.741507465146647,20.672902588291947,20.612338057620406,20.56027433709339,20.51704550143505,20.482856069657117,20.45778129066806,20.441771164440112,20.434657640541005,20.4361639304613,20.44591477385834,20.463446745290867,20.48821812219935,20.519618280033377,20.55697689708515,20.59957337167197,20.64664678526903,20.697406550249564,20.75104364719889,20.80674216387465,20.863690745655994,20.921093567690072,20.97818052081778,21.034216426353282,21.088509215701663,21.140417097232,21.189354770442794,21.234798740144576,21.2762917478599,21.313446295463457,21.345947206044976,21.3735531599846,21.396097161765876,21.413485928704493,21.42569823586415,21.43278229106109,21.434852242170482,21.43208393274045,21.424710022540715,21.41301458158299,21.39732725490834,21.378017085806775,21.355486079889623,
5,19.9,19.60208728658138,19.209610182294725,19.05004441987471,18.967395250724355,18.90367510675801,18.924113431970387,19.040843109247476,19.200052714872815,19.361818895839523,19.51754915293016,19.669934899087394,19.821479242376085,19.973281734284694,20.12697284103762,20.28522516921399,20.449200222554538,20.61737754733132,20.786842341416012,20.954734367534513,21.118735517259136,21.277093557217473,21.428645266490904,21.572772365487612,21.709109682698045,21.83710586441401,21.95573407952952,22.063514275311334,22.158756336744617,22.23985061767307,22.305502083699228,22.354878382728945,22.387667832490038,22.404048604364153,22.4045848953992,22.390087660617656,22.36148632563625,22.31974595488068,22.26584121623849,22.20077680433328,22.1256311864598,22.041598427112827,21.9500092197891,21.852322899056567,21.750092733851467,21.64491409360739,21.538367962587465,21.43197116472333,21.327140782370893,21.225175167283012,21.12724924005006,21.034418723472804,20.94762714405578,20.86771063941444,20.795397999533286,20.731305931221726,20.675931450984926,20.629644169025614,20.59268103215976,20.565145158441172,20.547009173684177,20.538122379316306,20.5382204295415,20.546936067073574,20.563809776330015,20.58829976431224,20.619791248097275,20.657605435710373,20.701008745321914,20.749222723319782,20.801434874000588,20.856810313457647,20.914503910059434,20.973672438553844,21.033486270654706,21.09314022590103,21.151863361512742,21.20892763368969,21.26365547342163,21.3154263682359,21.36368253150858,21.407933693763315,21.447760993158248,21.482819899342335,21.512842090518305,21.53763622036788,21.55708755185703,21.571156485598546,21.57987605767712,21.583348515601426,21.581741097116037,21.575281136489863,21.564250612103017,21.548980234624928,21.529843162840255,21.507248427763166,
6,19.333333333333336,18.94225139229859,18.524321946850453,18.28158883699655,18.078295842871903,17.942563971504697,17.926362316981514,18.019093011218207,18.169639888411172,18.34773395106865,18.538591526338212,18.72952478972105,18.916182685734825,19.10215049581883,19.292845415845342,19.491381479644712,19.697456549023663,19.90944839615098,20.12602334137153,20.34544579526973,20.56465195051278,20.779669168876644,20.98685687198238,21.18372198883765,21.368755586832958,21.540742916370775,21.69826172608689,21.83963850403808,21.963183667816953,22.06744225763391,22.1513443010751,22.214273651313878,22.256097777229662,22.277162255019515,22.27823104517094,22.260372275053545,22.224822710474392,22.172878531490518,22.105844840920074,22.02504529177636,21.931867774351577,21.827814322610756,21.714531066164835,21.59380760909931,21.4675467924409,21.337712824934705,21.206269052148233,21.075117199307012,20.946047968009196,20.820708667178582,20.700588312585406,20.58701614369684,20.481167195302895,20.384068754994686,20.296603553896237,20.219508245488765,20.15336811038105,20.098610378022876,20.0554989171101,20.0241324931051,20.00444770236919,19.996226504619127,19.999107356466485,20.012598507254918,20.036092073681598,20.068877925878397,20.110156980244454,20.159053994934748,20.214630262836845,20.27589664916876,20.341827267268954,20.411373820902057,20.483480371611147,20.557098100329856,20.631199565848355,20.704792015027206,20.776929432476095,20.846723177206805,20.913351191378243,20.97606585066286,21.034200549196036,21.087175086920865,21.13449987762154,21.175778948109507,21.210711672507948,21.239093189037224,21.26081347759167,21.275855124156394,21.284289849015313,21.286273917657756,21.28204257902539,21.271903683887313,21.25623063026976,21.235454769380294,21.21005739099761,21.180561396755156,
7,19.53333333333333,19.14100015365256,18.700884379656063,18.44261080863772,18.235864218204597,18.101988964805102,18.085899547360743,18.18067082791808,18.34333872532586,18.53970716552271,18.748747917109924,18.95480923622602,19.153960038763504,19.351268014979716,19.552710623329244,19.761123151070667,19.976011403597457,20.195986029351054,20.42021725418722,20.647355160323087,20.874370590679575,21.09699386756046,21.311117161609573,21.51380915641915,21.70327366317856,21.878170181468658,22.037071091593837,22.17837990307938,22.300546716080387,22.40230243637882,22.48278009295606,22.541549397322004,22.578625554350136,22.594464221985483,22.589917117022626,22.566135246446468,22.524444090586833,22.46623686646405,22.39292110836302,22.3059231385918,22.206728393072588,22.096926862661125,21.978240201077767,21.85252029169595,21.721720081099505,21.587843910913048,21.452887576362595,21.318779079746516,21.18732958692241,21.06020042612838,20.93888705989784,20.824716546244648,20.71885255623418,20.622301972081626,20.53591887063446,20.46040423569755,20.39630205459125,20.34399393399171,20.30369482798976,20.27545204199492,20.259148693657785,20.25451168317375,20.261123309515455,20.278435185857095,20.30578309815661,20.342401803584423,20.38743928431128,20.439970457825606,20.4990106567676,20.563529275373764,20.63246386408135,20.704734720950047,20.779259777828194,20.85496939362869,20.930820591780044,21.00581031586331,21.07898739448207,21.14946305482901,21.216419957424854,21.279119810920392,21.336909655791793,21.389226888670855,21.43560305640293,21.475666405008603,21.50914314268889,21.53585737717076,21.55572971482226,21.568774552953734,21.575096144925077,21.574883558505196,21.568404673998003,21.555999378046067,21.538072104628537,21.515083862330968,21.487543872762632,21.456000933865344,
8,19.5,19.206705837044026,18.866920210510912,18.642179094165925,18.451986099232165,18.331575704288387,18.320766810313806,18.401799395764762,18.53374045581426,18.694002534547415,18.87142539996804,19.0546876019227,19.23703159089981,19.418557736990543,19.60203269351235,19.788920025850956,19.978176153220645,20.16808210259689,20.357888693818097,20.54722886013871,20.734937806219392,20.91896474890968,21.097131804765738,21.267735994330067,21.429478958592853,21.581017031589226,21.720681207629127,21.84656473332121,21.95681221745518,22.049886227949123,22.124712559010312,22.18072157577579,22.217832468002904,22.23640188063107,22.237138609524848,22.220992691185216,22.189044208012767,22.14242315717896,22.082279144415864,22.00979701545281,21.92623670686249,21.832971336214314,21.731505147656065,21.62346478947618,21.510566992132397,21.39457086644004,21.277224649602672,21.160216091244088,21.045133377473604,20.93343993971167,20.826462573999585,20.725389235535793,20.63127156355806,20.545027719066006,20.46744285590014,20.399166603737555,20.340708588429493,20.292433875393264,20.25456026489394,20.227158799542288,20.210157981796314,20.203351363683034,20.206407602050902,20.218881878591326,20.240227735734614,20.269808748679424,20.30690987382767,20.350748641378615,20.400486513788884,20.455240703744472,20.514096584624568,20.57612061204528,20.640373484905595,20.705923162288663,20.771857337506702,20.83729503845654,20.901397138730054,20.963375685124625,21.022502040760955,21.078113891580536,21.129621167905803,21.176510905845817,21.218351035704075,21.254793055041958,21.285573534850798,21.310514421662056,21.329522131625346,21.34258547497761,21.349772490226144,21.351226298458215,21.347160105386152,21.337851482457502,21.32363605236631,21.30490069384136,21.282076370522354,21.255630682207524,
9,18.266666666666666,17.7902274323881,17.324849393250258,17.054916689172906,16.871300648081704,16.79852193495376,16.83595111721202,16.952829702769446,17.119002132389074,17.320753774509832,17.5589423379123,17.82591773690181,18.107470321562534,18.3960680124166,18.691325013638,18.993993491967295,19.302205005764215,19.61239805393592,19.921920221347182,20.2295117005832,20.53389795667356,20.832710889678502,21.122576037155582,21.39973904031833,21.660506519986047,21.90138500018092,22.119160190647506,22.311062688563727,22.47496170541078,22.60947659376577,22.713968029827274,22.788440590587925,22.83340790822806,22.849761189529882,22.838664570476343,22.801485733994355,22.739760357077696,22.6551838185597,22.54962080850992,22.42512111524091,22.28392877327528,22.128474322112755,21.96134622966966,21.785244489777963,21.602923696681856,21.41713358691104,21.23056337500508,21.045793854715964,20.8652590478379,20.691217337066877,20.52573062597537,20.37064936174095,20.22760135755082,20.09798306898894,19.982952887329063,19.883426709798194,19.800076338869665,19.73333117986304,19.68338340392352,19.6501963931896,19.633516012009167,19.632884115685336,19.647653723749386,19.67700541220917,19.719964656011406,19.775420011416706,19.84214211765343,19.918803499488376,20.003999081666663,20.096267218733345,20.194110940717636,20.29601904817409,20.400486673572477,20.506034957060002,20.61122954774625,20.71469771629822,20.815143932003462,20.911363805677496,21.002256325782774,21.08683432361447,21.16423310372304,21.23371717788968,21.294685052311696,21.3466720411327,21.389351113544603,21.422531821674127,21.446157396417313,21.460300133057714,21.465155214611027,21.461033137549336,21.448350913111575,21.427622220305228,21.399446686672817,21.3644984720688,21.323514330165338,21.277281322172477,
10,17.233333333333334,16.69597706137703,16.24835535167165,15.964123763808187,15.767422486111242,15.662951017485277,15.693562492631733,15.835658816749948,16.036090582899668,16.267448030597485,16.535416201563947,16.84192847848265,17.17442990022966,17.518238342957147,17.866697957613233,18.21929641832716,18.575567851474098,18.932843228750087,19.287860566402074,19.63823040598796,19.982078330554597,20.31703689780526,20.639919185293564,20.947028724304634,21.234536593611093,21.498720116270498,21.73615189508943,21.9439084377951,22.11975144079025,22.262214586163147,22.370595774126585,22.44489146550473,22.485697674658322,22.494092050335276,22.47151648742526,22.419682246596505,22.340510123254266,22.236103463236123,22.108742474545178,21.96088658599288,21.795173491583114,21.61440651560207,21.421526070635338,21.219565857465522,21.011598479418563,20.800676959013337,20.58977824475757,20.38175312794658,20.179284965719003,19.98485771853029,19.80073232856829,19.628929616696425,19.47121776652196,19.329102963279546,19.203822530554532,19.0963406025951,19.00734676075531,18.93725810765374,18.886225043865984,18.85414069419057,18.840653635436034,18.845183389200038,18.866938089682858,18.90493379980538,18.95801508036739,19.024876558025557,19.104085338759397,19.194104147398598,19.293315041749725,19.400043475462848,19.51258240087153,19.629216042316898,19.74824295008678,19.867997967726446,19.986872800958544,20.103334947788287,20.215944819188646,20.323370935461803,20.424403119676466,20.517963628438842,20.603116168649198,20.67907275558159,20.74519838001983,20.801013474292425,20.846194198885648,20.880570609580293,20.904122804737256,20.916975188448827,20.91938901413506,20.911753393235138,20.89457496535901,20.868466431456383,20.834134152621438,20.792365016200012,20.74401276925822,20.68998401758474,
11,18.133333333333333,17.77523151489611,17.48628336529571,17.30757870923771,17.16123017712995,17.100772911694932,17.12032548108607,17.18682952474074,17.27927798662874,17.406062123738256,17.582481309092483,17.798511075794412,18.03250966857598,18.273846079457837,18.522461412138544,18.77872139605619,19.03781147957627,19.292577031459608,19.538887097789917,19.776902200567708,20.00859864117399,20.235282816612422,20.456854417574462,20.67219174584904,20.879558027322243,21.076683329036065,21.26078951492847,21.42881105778438,21.577784609526237,21.705231803439123,21.809397172195712,21.889305506666236,21.944682681412694,21.975814599725453,21.983405347854426,21.968463219382862,21.932218810451985,21.876071751565693,21.801563175547663,21.710368688210412,21.60430053801127,21.48530485404793,21.355444333580486,21.216865403091184,21.07175570174424,20.92229975237856,20.770638963000277,20.618839180659506,20.468866489068244,20.32257013801992,20.18167036781953,20.04774854078743,19.92223749995727,19.806411219876956,19.701374082295448,19.608050987291985,19.527179751022185,19.459306915257024,19.40478746206042,19.36378827309696,19.33629469787025,19.322119387398498,19.320912602027807,19.332173439459087,19.355261740529652,19.389410702669355,19.43374038246447,19.487272270879156,19.548945003111267,19.617631080986055,19.69215430804516,19.77130751859545,19.853870145720638,19.938625214574696,20.024375440638572,20.109958223974793,20.194259428693492,20.276225901736463,20.354876710993278,20.429313076942197,20.49872694966748,20.56240816106175,20.619750073238805,20.670253654691404,20.71352994437006,20.749300904171207,20.7773987036238,20.797763518909452,20.8104399566206,20.81557222935192,20.81339821699209,20.80424254800195,20.788508833001067,20.766671181708443,20.73926513520563,20.706878148465155,
12,18.933333333333334,18.406501768648653,17.87755568401724,17.59869864426503,17.494278245266056,17.472180042401433,17.506118881152844,17.597093665371418,17.724140081382746,17.881454532079132,18.074232511260192,18.29351740665383,18.52292616507866,18.754208185212505,18.989521482505637,19.233374241101497,19.48475816128881,19.73817949260921,19.989544247567537,20.238684704106085,20.48719509792174,20.735388363554154,20.981300601009963,21.22158093524162,21.452602595309646,21.67086751733421,21.872959789511,22.05559454440057,22.215915139530757,22.351832370019153,22.46217843743218,22.546625211803594,22.605464120279223,22.63937424323312,22.649253911488127,22.636129452792524,22.60112245080921,22.545454095801382,22.470472477950857,22.37769061798755,22.26881938396062,22.1457789617044,22.01068022536068,21.865779314019,21.71341739579684,21.555959056226683,21.395738682081294,21.235018712252533,21.075959472873954,20.920598050225543,20.770832787655333,20.628410137152848,20.494911602666086,20.371740075168745,20.2601063885998,20.16101783189447,20.075270388327272,20.00344581281069,19.94591371054996,19.902837944175012,19.874186207764495,19.85974152083039,19.859114639018888,19.871756808119564,19.89697274281656,19.93393405357064,19.981693492820376,20.03920033722184,20.105317022521447,20.17883689321896,20.25850270937469,20.343025426078235,20.431102744038398,20.521437003172508,20.612752114387533,20.70380935311585,20.793421936307112,20.880468354714772,20.963904435513424,21.042774082040133,21.116218599919158,21.183484492563423,21.243929606980004,21.29702753586792,21.34237022830218,21.379668817747287,21.408752730740243,21.429567183082945,21.442169198234218,21.446722295179196,21.44348999439417,21.432828286241406,21.415177201451662,21.3910516216527,21.361031470185228,21.32575142861429,
13,18.266666666666666,17.645751872650145,17.0919467418142,16.918232297719527,17.053256968121968,17.264319943298794,17.46825790068737,17.659078709729677,17.83754452933404,18.03384009201433,18.261117527445585,18.49342538216163,18.709325788594462,18.909240301100713,19.108054621383175,19.316983571113038,19.533005623756317,19.746204851135744,19.95136711362115,20.150700570306764,20.349158495583232,20.549228476989406,20.749586617028044,20.946849453025713,21.13737038195893,21.317696708446274,21.48430449171333,21.63356888374711,21.762232333575863,21.86798961766616,21.949757807141793,22.007534149397152,22.04202468095605,22.054275153512435,22.045429502529156,22.01662159270273,21.968955210050297,21.90353531417415,21.821531972928934,21.724259555304847,21.613244424571533,21.490253965799695,21.357275248055025,21.21645277472322,21.070007719614473,20.920160795835198,20.76907221240031,20.61880244803046,20.471290955186422,20.328346715399114,20.191643771294643,20.06271584185173,19.942946573562082,19.833555174805824,19.735579946970773,19.649863556347455,19.577043525015597,19.51754986299481,19.47160986380111,19.439258562134807,19.42035257487862,19.41458504712758,19.42150001757016,19.440505412370662,19.470884766389982,19.511808403394014,19.56234504713546,19.621474689506975,19.68810313557953,19.761078158847525,19.839206797854168,19.921273106635322,20.006055655477663,20.092344220283096,20.178955318949114,20.26474646946866,20.348629196012748,20.429580869093,20.506655441313505,20.578993063260604,20.645828476469816,20.70649801862275,20.760445061144654,20.807223733537356,20.846500859036677,20.878056111305252,20.901780480446842,20.917673193357537,20.925837262073728,20.926473836960646,20.919875527939226,20.906418837262414,20.88655583090128,20.860805167820455,20.82974260822681,20.793991130480034,
14,19.5,18.990276793710734,18.52583283735963,18.306561066722345,18.344176127120786,18.462708086706613,18.587660121146747,18.716000955645278,18.848144120626028,19.001706458338692,19.179775197255083,19.361415418722444,19.531068197984265,19.68894974262713,19.84566117648994,20.009642960769607,20.179320198663422,20.348126012911862,20.512690481494907,20.674853908484494,20.83836912562985,21.005027157297206,21.17356894532876,21.341012028384036,21.504098974633344,21.659743312638874,21.804876404626235,21.936423122882083,22.051649693772845,22.148612162356834,22.226362924254992,22.28482954741733,22.324508492979113,22.346162288654455,22.350624681906076,22.338718113573393,22.311243505004324,22.269008934878283,22.2128811357845,22.143847370151953,22.063068671322196,21.97190400199711,21.871895557100245,21.76472149054588,21.652132980782905,21.535893128359785,21.417728735173373,21.29929826709689,21.18217384807835,21.067832524150177,20.957651473252362,20.852902669061905,20.754744376024153,20.664209229060198,20.582190717640163,20.509430927588518,20.446512178860242,20.39385407349378,20.351716048798274,20.320204364714428,20.299281838772366,20.28877861740689,20.288402703663614,20.297749627873976,20.316311314429058,20.343484672975265,20.378580623855974,20.4208341604041,20.46941574829922,20.523443999532937,20.58199925866423,20.644137576445026,20.708904535378235,20.77534849961873,20.842533028055797,20.90954835240958,20.97552193574662,21.039628170654353,21.101097256130167,21.159223232512442,21.21337108631449,21.2629827894009,21.307582125543703,21.346778183788757,21.38026745228418,21.407834512061008,21.429351391335466,21.444775685467867,21.454147570917364,21.457585845269776,21.455283116203095,21.447500248265904,21.434560164663836,21.41684109603947,21.39476937023823,21.36881184419367,
15,19.866666666666667,19.32861901966573,18.797913089877444,18.509489636506185,18.443159032963944,18.460693581181204,18.544454983438342,18.698715295728363,18.906665697953063,19.160301964505084,19.45075844711496,19.76001205573299,20.07153259629059,20.37773466800387,20.679722109943505,20.98001116231413,21.276683719481646,21.565441185498027,21.844199517451468,22.11408608327013,22.377011712840083,22.633085734067045,22.880091767149178,23.114587543239416,23.333013865956218,23.532073642456865,23.708708308729253,23.860171579521523,23.984312888041522,24.079859827424997,24.14649460846737,24.184708107467145,24.19554938014022,24.180393997748116,24.14078949992457,24.078376089533233,23.994858525098593,23.89201030216021,23.77169934113327,23.635923727802933,23.486841111482374,23.326775717868955,23.15819561828614,22.98366456143141,22.805780148721578,22.62711074205129,22.450139562951446,22.27721973364901,22.110540633548176,21.95210403961909,21.80370757442537,21.66693279054977,21.543135795138106,21.433439467366263,21.33872753074691,21.259641481705707,21.196581425709088,21.149711380367275,21.118968908587764,21.104078353237313,21.104566626289945,21.119780487713,21.148904468388235,21.190978938337768,21.244918176194478,21.309528555495614,21.383527068853457,21.465560360513972,21.554224279548443,21.648083773378076,21.745692783170426,21.845613721282582,21.946436115555066,22.04679407762375,22.145382359138846,22.240970865727906,22.332417577213068,22.418679861831837,22.49882417472528,22.57203411040234,22.637616753445293,22.6950072575318,22.743771589407988,22.783607403020124,22.814343053925015,22.835934815788313,22.8484624093202,22.85212299197604,22.84722378068899,22.834173490352107,22.813472771169188,22.78570382299188,22.75151935861955,22.711631083479944,22.666797856956492,22.617813700053027,
16,19.3,18.705023202371606,18.173205148962772,17.939937097319053,17.951355905038778,18.089173260975322,18.288515847412683,18.53284011061957,18.801681745862247,19.09825640315958,19.42232889450034,19.748936443105606,20.057023943061935,20.344720140223654,20.622645151344074,20.899915554210562,21.17585705449003,21.444659415801677,21.70351040215028,21.954258436665803,22.19982176506567,22.44066565445335,22.674217763588867,22.896404156733126,23.103087922065143,23.29048661192168,23.4550830641138,23.593703772438502,23.70389718196784,23.784325086377514,23.83488226997999,23.85650322375887,23.850804130989584,23.81973413884927,23.76533234685203,23.68960165781319,23.594470497775895,23.48181313839003,23.353507946028316,23.211512092638962,23.05792566735988,22.895020488554653,22.72522305962742,22.551058967171535,22.37507721650234,22.19977383750185,22.027528012399074,21.860556394546542,21.700885392711925,21.550337567243353,21.410526572802045,21.28285510925768,21.16851194163836,21.068466588949548,20.983462721144157,20.91401273787882,20.860396115752504,20.822663199422188,20.800644776257137,20.793966572548158,20.80206707618968,20.824216920981463,20.859538378642746,20.90702410751898,20.965554971427757,21.033917260405996,21.110819889213506,21.19491210041958,21.28480193520467,21.379075387197204,21.47631585048437,21.575123296680204,21.674132593042806,21.772030478194832,21.86757088728198,21.95958850071985,22.04701052919316,22.128866816171637,22.204298338868202,22.27256414131569,22.33304667097182,22.385255442820572,22.428828941275633,22.46353469487346,22.48926751358738,22.50604594780451,22.51400709440913,22.51339992574263,22.50457734496639,22.487987177218663,22.464162295903606,22.43371006585196,22.3973012677469,22.355658656234006,22.309545299160995,22.259752845934237,
17,19.966666666666665,19.148199376276505,18.34815068152488,17.891536091054324,17.537988818986573,17.365855327310687,17.44953736500114,17.749502016750466,18.159985543432377,18.618037821678655,19.125530112198405,19.683895450089423,20.269247970303155,20.857772077576104,21.437725755745774,22.00682714743446,22.56564231419889,23.11339213959192,23.64839932181803,24.168915867518116,24.672259981284846,25.15433553075047,25.61008304623655,26.034017222826517,26.42053191764298,26.76415850003029,27.060000634800538,27.304277972946196,27.494687920183313,27.630454743221826,27.71217019737645,27.741560996143097,27.72123884328967,27.654440746946342,27.54477786242371,27.396034694284342,27.212053543862133,26.99670636059675,26.753926730437616,26.487763427757795,26.202421534857553,25.902270022422677,25.59180917034612,25.275603013278854,24.958189108979237,24.64398024908134,24.337171454834596,24.041662127727484,23.76099861479477,23.4983376708659,23.25642744536913,23.037600584471964,22.84377405008182,22.676451783444648,22.53672844790357,22.42529432096602,22.342442490882657,22.28807976722902,22.261742332970556,22.262616461927554,22.289563910043594,22.341151083699692,22.415680891132975,22.51122627141927,22.62566466369813,22.756712990397247,22.901962964069224,23.058916622511425,23.225021948411094,23.39770828575174,23.574421097723132,23.752655487198677,23.929987862264458,24.104105183077902,24.27283135045281,24.434150452519763,24.586226733777522,24.727421261840966,24.856305329265744,24.971670645898666,25.072536367923203,25.158152994038858,25.228003154996536,25.28179934023493,25.319478645629964,25.341194682626128,25.347306850326596,25.338367227337443,25.31510538114108,25.278411416045092,25.229317587439944,25.16897880454164,25.098652331595225,25.019676983651642,24.933452100652303,24.84141657352211,
18,19.6,18.76081642705898,18.04754405120699,17.678566608184642,17.426294792151754,17.36004076036238,17.502762174702355,17.802458623918113,18.177423212149577,18.59469119092138,19.06349096684159,19.573082345186325,20.093620374922526,20.60649922844305,21.108718156829223,21.60260591337537,22.08712309586075,22.558062030202898,23.01284080550986,23.451603872700385,23.874534501095635,24.279817864688898,24.66376768820158,25.021879423480065,25.34951742682046,25.642088300926623,25.895218514704908,26.105184920073597,26.26939310646793,26.38664656264176,26.457142714349295,26.482273559402827,26.464334141276694,26.406215761405246,26.311135327787763,26.182435197545317,26.02347000186621,25.83757722436786,25.62811088653148,25.39850542292204,25.152333259201136,24.893327624733196,24.625358900416,24.352370168422894,24.078288251422105,23.80692860026886,23.54190882103832,23.286580102688028,23.043980294983776,22.816807538912357,22.60740971773061,22.41778330233446,22.24957570801965,22.104087492964133,21.982273447282314,21.884743744516946,21.8117672980366,21.76327932462207,21.738894270492974,21.737924186824674,21.759401739720882,21.802106524746105,21.8645932826478,21.945220898088365,22.042181536754526,22.153529743956426,22.277211636007365,22.41109439422195,22.552996141776433,22.700716033035,22.852064122606237,23.004890398195048,23.15711230489376,23.30674015857905,23.451900005057563,23.590853674186665,23.722015951183838,23.843968904822887,23.955473462450986,24.055478315434843,24.143126200864494,24.21775756493017,24.27891159336707,24.326324606258467,24.35992585733277,24.379830841077414,24.38633227944998,24.379889019450662,24.361113113791784,24.33075537624584,24.28968970369308,24.238896444866803,24.179445078760047,24.112476449699187,24.039184794554302,23.960799790721197,
19,20.233333333333334,19.511856503177725,18.85757627526629,18.477384037775376,18.20405550778174,18.081440074614008,18.134434846575736,18.33714349461024,18.617774058112445,18.944833520299994,19.326835981668875,19.75750744821056,20.21104585122766,20.666664103501848,21.11693617548196,21.562334679512777,22.002253448076363,22.432997692514338,22.85137463377971,23.25630528874266,23.647231268540946,24.02241273623796,24.37869013283018,24.712205996552484,25.01902883528191,25.295346818272996,25.537572156853592,25.742597338420218,25.908109413193724,26.032793832936253,26.116369175870567,26.15949191511912,26.16359159110704,26.13067975143844,26.063164016656238,25.963693782204192,25.835055315735573,25.680121185786824,25.501846253689017,25.303292102774837,25.08765623031901,24.85828444073809,24.618654282689622,24.372329243513793,24.122892090921972,23.873868916228986,23.62865446240384,23.3904466187326,23.162194860575944,22.946564216956823,22.745913365199705,22.5622833576149,22.39739286007137,22.252636586081813,22.12908519713515,22.027486501286283,21.9482687721702,21.891547290157565,21.857134934572894,21.84455710254544,21.853070648394898,21.881686103202114,21.92919223512477,21.99418205151276,22.07507955913839,22.170166882676956,22.277611585562987,22.395494167900814,22.521835713931424,22.654625557430293,22.79184868652445,22.931512480830232,23.07167230611252,23.210455500060736,23.346083356778554,23.476890829945496,23.601343792891928,23.7180537910112,23.825790283191232,23.923490393455328,24.010266192186638,24.085409514260512,24.148394314719987,24.198876571731322,24.236691774582866,24.26185007777838,24.27452925278676,24.275065617539703,24.263943162759958,24.241781119536878,24.209320223936206,24.167407934551377,24.116982852038056,24.059058580068093,23.994707257853733,23.9250429867078,
20,19.633333333333333,18.77992983283785,18.097493910574464,17.773455107770133,17.534828884683016,17.467769434457225,17.61878286943753,17.93721176222774,18.350538857821295,18.834545828751395,19.392615932947457,19.99934728326275,20.61357479094125,21.21074718516566,21.786538010094972,22.343263778340983,22.879282631219326,23.390257278818538,23.874857206286897,24.335020218646115,24.772083842924005,25.184371301263987,25.56784875061826,25.91796108053662,26.23066332557061,26.502429954290783,26.73010203657006,26.911074083246064,27.04365878839745,27.12731371574329,27.16262277200645,27.151121446881653,27.095089252852524,26.997369963587964,26.86122375948988,26.690200595589346,26.488034851127097,26.258572886263906,26.005742385457445,25.73355629518619,25.446128492729628,25.147675695698986,24.842490990382046,24.534888981030335,24.229131631758435,23.929345593279393,23.63943999434227,23.363031884475568,23.103385177115598,22.863366874056616,22.645421212223354,22.45155924244458,22.28335956666878,22.14197596549555,22.02814887697133,21.942219223148832,21.884144274474863,21.853515887901032,21.849581629207755,21.871269147355868,21.91721384829296,21.98578954177304,22.075141423932486,22.18322059737349,22.30781934461278,22.446606517099696,22.597162597369433,22.75701415550234,22.923667506358072,23.094641376652852,23.267498337369588,23.439874686253567,23.60950841278023,23.77426486644515,23.932159784358184,24.08137940690544,24.22029750219688,24.347489210601616,24.461741694022884,24.562061623479586,24.64767956495828,24.718051335769317,24.772856412540712,24.811993486713313,24.835573288978026,24.843908840524335,24.837503332111524,24.817035875456106,24.783345408808202,24.737413065210404,24.680343325810703,24.613344282452644,24.537707326212114,24.45478656501964,24.365978257167363,24.27270053046827,
21,19.466666666666665,18.648714879139337,17.967248660910546,17.651422606718526,17.39699855883132,17.32572355292229,17.48481833291628,17.816003327738866,18.233011130451736,18.710903868514606,19.267969841747927,19.891036377267948,20.537465755503696,21.176751813836084,21.800146471045824,22.409052855504395,23.002381667026658,23.574684223047072,24.12158913688533,24.641900836389883,25.134945698109046,25.598147454533127,26.027038522724286,26.416598491410465,26.762290357118466,27.060319812572203,27.307615889773153,27.501948396681748,27.642131132606636,27.728126542778366,27.76099152398833,27.742714124151224,27.67601207939903,27.5641398669292,27.410726552727073,27.219653036792213,26.994969354922198,26.740848947563922,26.461574385821095,26.1615432407581,25.8452757234925,25.517404902734192,25.182638581337503,24.845693984687152,24.511214835361386,24.183682373839314,23.867329821259176,23.566067033014544,23.283419881404484,23.02248671091866,22.78591165857263,22.575872303092567,22.394077886009406,22.24177453660014,22.119755068862773,22.02837223774479,21.9675552908097,21.93683007044016,21.93534292351518,21.961888449908297,22.014940820934903,22.09268812342724,22.193068999263506,22.31381078983087,22.452468457434453,22.606463697601985,22.773123811721305,22.949720020635382,23.13350494002746,23.32174891624751,23.511774867973966,23.700991230767553,23.88692258470366,24.067237570944158,24.239773767410313,24.40255928234204,24.553830918946225,24.692048847937183,24.815907787337505,24.92434472848328,25.016543269032454,25.09193462731793,25.15019542729418,25.191242366424806,25.2152239125247,25.22250921771958,25.213674483214664,25.189487051299523,25.1508875355844,25.09897032363388,25.034962797209108,24.960203615722225,24.87612040099344,24.784207148991932,24.686001679397517,24.583063417909013,
22,19.333333333333332,18.738809618585563,18.24630866492668,17.928684942833463,17.688580724864917,17.610989456430286,17.710568562439867,17.942577771122593,18.256628807114208,18.636150220806478,19.082455921791897,19.573564520380348,20.07467623370476,20.564197930121846,21.037557717784477,21.496506280991373,21.93987618073893,22.363846394671118,22.766491740855546,23.148628251894408,23.511185697742075,23.853117246856645,24.171506482990843,24.462828379303136,24.723835184653563,24.951693820224925,25.143897582533384,25.298356449648573,25.413636000668088,25.489147796738145,25.525183973851814,25.522823008043886,25.483783421308345,25.410279579936127,25.304897719970167,25.170490908673095,25.01009110786622,24.826843875707258,24.623972673630547,24.404770655720636,24.17260574265609,23.930920201698015,23.683211827330624,23.432994289707704,23.183741901983122,22.93882645136829,22.70145298716839,22.474600263511807,22.260970572687324,22.06295225865741,21.88259592825506,21.72160296153752,21.581323369351512,21.46275980452771,21.366575296017018,21.293103388395874,21.242360306448916,21.214059313638792,21.207627614720682,21.22222607108714,21.256771759274734,21.309963106589475,21.380307077269105,21.466147733034084,21.565695483233185,21.677056447181002,21.798261512557588,21.92729482226093,22.062121514235905,22.20071456375812,22.341080551193343,22.48128412910921,22.61947091957152,22.75388855589428,22.88290560116032,23.00502812467534,23.118913784814808,23.223383336968997,23.317429545280653,23.400223519384227,23.47111852221745,23.52965130754095,23.575541054025216,23.608685974048445,23.62915769431079,23.6371935328293,23.633186830275353,23.617675528315246,23.591329218546523,23.554934908796394,23.509381766921845,23.455645105885505,23.394769869494418,23.327853868318453,23.25603100249916,23.180454694271337,
23,20.033333333333335,19.433030489606217,18.992496336392733,18.69903915038634,18.45702082515305,18.321697610689615,18.35131991342586,18.508200663104507,18.74097622613536,19.02999602538372,19.380534715264336,19.775096951345553,20.183981324015626,20.58763656323238,20.981424075370505,21.36673251190797,21.74267359171775,22.105677516779632,22.45367675289839,22.787066273147733,23.1063846973512,23.41046077787052,23.69651391767423,23.96126564529274,24.20173089548808,24.415316060384484,24.599699498554223,24.75288287837632,24.873386115418164,24.96041198990102,25.013888304732152,25.03440540006335,25.023109348191607,24.981593094798768,24.911799195815238,24.815933831549025,24.696391494180638,24.555695707832598,24.39646332751115,24.221393061658894,24.033268062086705,23.834956932712586,23.62940098413364,23.419583936693197,23.20848721376351,22.999036722022165,22.794046951030115,22.596167536684042,22.407836778881112,22.23124543963241,22.06831218404299,21.920669835056543,21.789660087365622,21.676333923273962,21.58145550109531,21.50550821534691,21.44870248916548,21.41098542439819,21.39205267438559,21.3913628803381,21.408154810514464,21.441467056470838,21.490159869805417,21.55293854688964,21.628377726602213,21.714946042838076,21.811030716639255,21.914961819437277,22.025036042649194,22.139539851482965,22.256771889732825,22.375064460433038,22.492803861244255,22.608449325278514,22.720550319566282,22.827761985039622,22.92885855498222,23.022744649893756,23.108464402608014,23.185208409776138,23.252318532175565,23.30929057999755,23.355774926781127,23.39157510392871,23.416644441788762,23.43108084500226,23.435119817850655,23.42912588612498,23.413582591070856,23.389081254345157,23.356308728240645,23.316034352167826,23.26909633562861,23.216387781733534,23.158842555993175,23.097421194487637,
24,18.933333333333334,18.315894631085865,17.77556533624186,17.42773232273335,17.15620094581935,17.06224162994765,17.150562499923005,17.379891820445533,17.706160418040234,18.109549331352298,18.58968501499555,19.12370349650655,19.674593775948725,20.219152022009432,20.749950568370224,21.26545261670493,21.762897203509507,22.23830463952213,22.689887448913716,23.118225382209104,23.523564875716573,23.904136579632958,24.25656971388301,24.577129462268005,24.862488179118774,25.109812188736317,25.316679770156703,25.481183177180288,25.60214278504866,25.679243704313087,25.713023430367926,25.70476047286479,25.656342122650095,25.57015180851109,25.448976003156048,25.295917914238267,25.114314487699623,24.90766625147993,24.67959144351517,24.433804956112773,24.174109403349114,23.904381180883775,23.628540421430742,23.35050347453417,23.074122916382265,22.803121515943342,22.54102569202401,22.291103330999515,22.05631059119519,21.839251393948114,21.64215121763163,21.46684429944566,21.314771536634204,21.186985835704956,21.084162175970572,21.006610638960087,20.954291599069524,20.926832936735416,20.92354949200778,20.94346506815001,20.985337179166724,21.047684484092933,21.12881655946664,21.22686542726712,21.33981814262171,21.46554976207854,21.601856119810133,21.74648597667775,21.897172225369644,22.05166190738602,22.20774482243423,22.36328050237306,22.516223301590138,22.664645343700535,22.806757073865867,22.940925200558453,23.065687865129796,23.179766941507403,23.28207743018942,23.3717339618636,23.448054462979457,23.51056106007217,23.558978316583428,23.593228911376546,23.613426886959545,23.61986861987393,23.613021695141594,23.59351189816885,23.562108567057606,23.519708572074485,23.467319204520443,23.40604026355093,23.337045627360183,23.261564586364425,23.18086320282762,23.09622594571484,
25,19.666666666666668,19.077560550703296,18.567670016482076,18.25680577775318,17.978740173191845,17.83063798095845,17.85123595987863,18.00858430856791,18.245785949487694,18.539582176912887,18.898176831961152,19.311173505641122,19.750164435513923,20.193060982280144,20.631125513728726,21.06286574257934,21.486415174122463,21.897960877229785,22.29463310647445,22.67549694488072,23.039886074697215,23.385953882126813,23.7106962401253,24.010743177951646,24.282933382518223,24.52442916848704,24.732711202264184,24.905697165719346,25.041926357413594,25.140676985519093,25.20197398330084,25.22652192664208,25.2156079709734,25.170999045926038,25.094842145691544,24.989572809769008,24.85783756098249,24.702436511530728,24.52628982328067,24.33242483952906,24.123972836967717,23.904161381681114,23.67629235552495,23.44370332164329,23.209715936661723,22.977577447702693,22.75040111828683,22.53111058905521,22.322392308495182,22.1266588729793,21.94602420784949,21.78228952177865,21.636937641426798,21.51113305410874,21.405725552301497,21.321256287813284,21.25796586629236,21.21580463105927,21.194445480622264,21.193299511424698,21.211534571960513,21.24809654871831,21.30173296245171,21.37101829940957,21.454380464633523,21.550127808381127,21.65647629569669,21.771576509026964,21.89354025534343,22.020466578729724,22.150466966028517,22.281689499034073,22.412341675791573,22.54071161356758,22.66518736461478,22.784274120461376,22.8966091412128,23.000974310438394,23.096306272333408,23.181704149429805,23.256434865390396,23.319936112385975,23.37181701273235,23.411856536258902,23.43999975258228,23.456352022230554,23.46117126065127,23.454858440860136,23.43794652960149,23.41108807489205,23.37504167772221,23.33065758726994,23.278862658434633,23.22064490480146,23.157037871386883,23.089105041261767,
26,18.966666666666665,18.397421826315632,17.93770792548972,17.675820411770985,17.44443650126793,17.352716673997964,17.443585012671203,17.67873993964587,17.999259378267947,18.384635417082627,18.839743402423114,19.344279939653074,19.861082105316857,20.36591880333084,20.851958772999943,21.319729188381086,21.768001708351193,22.193410243568053,22.59465181168926,22.973059145693366,23.329760760258832,23.66370553691754,23.971960015070977,24.25106368776592,24.49794466608153,24.710051370612447,24.885248935664002,25.02188396429844,25.118971939375033,25.176325943844134,25.19454833665288,25.174925440111817,25.119298390571814,25.02995197088722,24.90952646630593,24.760941455148867,24.587323486456622,24.39194127450698,24.178158319414955,23.9494069966521,23.709176409130514,23.460999708730192,23.208429657847258,22.95499937425918,22.704171578288445,22.459281638130733,22.223479200678923,21.999672697693658,21.790480988950883,21.598195855146226,21.424757373542214,21.271741925302912,21.14036073159258,21.031466032730535,20.945562246390313,20.882820199201007,20.843093366797103,20.825935732943314,20.83062131477764,20.85616559843391,20.901349111204794,20.964743173953806,21.044737615793498,21.13956999120021,21.2473556932694,21.36611833139066,21.493819814213513,21.628389700240724,21.76775349986413,21.909859702151753,22.05270534617689,22.19435996602238,22.33298772652881,22.466867551921588,22.594411046942625,22.71417802813084,22.824889521165964,22.925438131849514,23.01489575354924,23.09251862391894,23.157749783166093,23.210219014248068,23.249740364910746,23.276307367046666,23.290086084943834,23.291406143459813,23.280749910507037,23.25874003381344,23.226125556684842,23.183766858134575,23.132619676666863,23.073718482923155,23.00815946448891,22.937083377699057,22.861658508174198,22.783063965944763,
27,19.333333333333332,18.778190768238666,18.274854206001667,17.949990477549658,17.691885391592223,17.57032218589902,17.61768896915713,17.798192117670457,18.060864107954444,18.3823578522456,18.76904753056158,19.208258894139963,19.669366113931098,20.129142500247504,20.579071850607967,21.01840424299123,21.44616354227594,21.859084485396178,22.254454018824696,22.631439999426796,22.989570539056448,23.327213353331143,23.64152012325715,23.92922544730868,24.187313041397303,24.41319780445434,24.60469576747952,24.760070399876533,24.878162240441974,24.958493266038545,25.001291622480306,25.00744705762236,24.978429052300278,24.91619205878172,24.823079339191167,24.701730513648762,24.55499743078697,24.385875155214215,24.197455064368192,23.99290118934915,23.775441641665893,23.548361449163934,23.31498514881432,23.078644345635052,22.84263189885518,22.610147633186482,22.384241138441002,22.167756993042495,21.96328723160243,21.773134696272532,21.599288879152358,21.443413543676442,21.30684369566063,21.190588881416296,21.09534021908565,21.0214795313183,20.969089941832436,20.937968025918565,20.92763797501023,20.93736828102344,20.9661912524322,21.012925348487222,21.076199976382334,21.154482140132522,21.246104218663156,21.34929218555253,21.462193716926556,21.582905799351032,21.709501587484052,21.840056340003567,21.97267227957948,22.105502197146436,22.23677158009032,22.364799013990737,22.488014604947875,22.604976198923822,22.71438322962375,22.815088094111935,22.906105021130188,22.986616449971233,23.055976972966228,23.11371491374838,23.159531622460783,23.193298575559776,23.215052378227753,23.224987785038845,23.223448879318504,23.210918580640914,23.18800667866072,23.155436615588375,23.114031255990916,23.064697890016,23.00841271522476,22.946205034875668,22.879141399134635,22.808309902424234,
28,19.133333333333333,18.649645929985887,18.143609675991076,17.83938159821488,17.588053325488197,17.497547492786435,17.580706238330656,17.79830405136557,18.104797440645953,18.472794404501744,18.904887205804048,19.38519002234093,19.880528263938462,20.368923232386553,20.843063543925,21.301428859913617,21.74215503446731,22.162448817083845,22.56112674825063,22.938801919060747,23.295599192497885,23.62976686222076,23.938153831351094,24.21731758792689,24.46418606861093,24.676165333716593,24.851118558199136,24.987480018576363,25.084425655480572,25.141948294873817,25.160806426616805,25.142405506800007,25.08867272582931,25.001950605630736,24.88490711222497,24.74045380908377,24.571671235662045,24.381749003994905,24.173948445038928,23.95158722626978,23.718035096962907,23.47670614388141,23.231037509944322,22.984452434209583,22.740311085480926,22.50185443201001,22.272146179048555,22.054017547187474,21.850019509536317,21.662386208834988,21.49301132425064,21.34343681994609,21.214851763306303,21.10809826618545,21.02368193870883,20.961785070697754,20.922281626294456,20.90475381123063,20.908510377357953,20.93260697432563,20.97586878511872,21.036915459487197,21.114188081274616,21.205977669029057,21.310454580223894,21.42569818348109,21.549726250396454,21.68052364671279,21.81607002285411,21.95436628637835,22.093459676120172,22.231467259245004,22.36659765658048,22.497170787868907,22.621635431298596,22.738584416726365,22.84676731673533,22.945100555473655,23.032674911549694,23.10876043946463,23.17280886975276,23.224453571503357,23.263507176113915,23.289956973317405,23.30395820454061,23.305825397179692,23.296021906548127,23.275147857914558,23.243926705803837,23.203190648099454,23.153865145911737,23.09695280555764,23.033516876732868,22.964664612510273,22.891530724164962,22.81526114884478,
29,19.733333333333334,19.314264318427696,18.788510303418228,18.442890678194466,18.208386554354227,18.087757241773843,18.10164422463846,18.23492675786963,18.440265254304528,18.691568121192475,18.988017613563706,19.325109068934665,19.68338454424873,20.043851635947412,20.39600349988973,20.73675064074417,21.065438819874537,21.38045516797287,21.680026015943312,21.96376590370288,22.232260033993107,22.485809685397257,22.72367220387507,22.94410399886818,23.144849588923684,23.323571799760522,23.478087543707623,23.606533749756053,23.70752741530149,23.78029397498552,23.824720253683005,23.841313943817887,23.831093727813098,23.795456177969612,23.73605859447124,23.65473660379825,23.553455987116642,23.43428899578373,23.299405789691967,23.151073813819103,22.99165762589307,22.82361102236203,22.64945559978559,22.471745119802044,22.293020119438197,22.115759371995438,21.942333918317964,21.77496715591004,21.615702471620857,21.466378625493036,21.328612310244715,21.203786791398556,21.093045305839517,20.997288050339648,20.91717204450532,20.853113657119074,20.805293901049055,20.773666641205352,20.75796969370814,20.75773856346793,20.772322387707916,20.80090157456059,20.84250664319392,20.896037852580847,20.96028531202476,21.03394936374707,21.115661090719975,21.20400281957066,21.297528463578125,21.394783503403048,21.494324357793815,21.594736873375545,21.694653671071308,21.79277012406807,21.887858797405556,21.9787822380669,22.064504054680043,22.144098260440998,22.216756870567558,22.281795750558032,22.338658710798917,22.386919844023332,22.426284110209473,22.456586190969034,22.47778766127621,22.489972557079398,22.493341448469266,22.48820415557087,22.474971265443273,22.454144621997585,22.426306967831863,22.392110918468084,22.352267447627007,22.307534058460526,22.25870281103301,22.206588371049072,
30,19.066666666666666,18.813792273436036,18.488805390508993,18.380574735932235,18.3729407912654,18.35261229493257,18.363827012119238,18.440762590030573,18.566822393683793,18.728930420262785,18.913407068494184,19.103409629522275,19.28677460970389,19.459393826983707,19.623009168009723,19.778620614737427,19.92349221968521,20.055048342130704,20.17485604891793,20.28774374329454,20.3980697522805,20.507336940044738,20.614577046420727,20.717934882233784,20.815598189480085,20.905756944130335,20.98636777187611,21.0553135617644,21.11086426974067,21.15203920779099,21.178646490547386,21.191069891108064,21.190000541650193,21.176250105823364,21.150666437695474,21.11410964873709,21.067449487059452,21.011573091731673,20.94740704442419,20.875950966046336,20.79830738941746,20.715690669009717,20.62940827898295,20.540821343415885,20.45129797464299,20.3621710374126,20.27470583049383,20.190077976972397,20.10935943897298,20.0335101728502,19.96337318821388,19.899671178217737,19.843003565625008,19.793843759479756,19.752537288788886,19.719301865071085,19.694230203185583,19.67729581246499,19.668361308846023,19.6671883650261,19.6734483095102,19.686732562466254,19.706562439408795,19.732398231424042,19.763647771915757,19.799674855051453,19.839807863511947,19.88334882704581,19.929582935888615,19.97778834702217,20.02724599997321,20.077249123981346,20.127112160737653,20.176178917094163,20.223829863980896,20.269488580236604,20.312627384919647,20.352772206034597,20.389506707628847,20.42247565835722,20.45138749084368,20.476015985303594,20.496201017733895,20.511848339619796,20.522928394378198,20.529474215797464,20.531578487076906,20.529389860753017,20.52310864884314,20.51298199134471,20.499298604039822,20.48238319782729,20.46259065484952,20.44030004301083,20.41590854982268,20.38982541736408,
31,19.900000000000002,19.54554883495581,19.106382095606914,19.011316426060635,18.978367335881565,18.92136878003685,18.92479463867346,19.009936510476173,19.125193945163545,19.241612693885717,19.360929923681947,19.488731847968328,19.620674803895483,19.750728963273154,19.87922615743712,20.01005219117095,20.14423021452553,20.279215423453355,20.412741494546644,20.54492654698955,20.67684471171069,20.80858221375874,20.93892221225532,21.06616517665926,21.188737296237402,21.30509823886276,21.413455660664106,21.511813268390863,21.598320451759548,21.67160648151922,21.73089917427118,21.77594597900508,21.80685984932742,21.823983813651278,21.827800503448696,21.818876974591472,21.79783365688765,21.765335986209955,21.722110295118764,21.668977593100635,21.606888493981273,21.53694041439674,21.460366832402133,21.378501506300285,21.29272955718753,21.204438488194018,21.11497788106694,21.025631106527655,20.937598563059474,20.851989938144364,20.769822062590883,20.69201876738992,20.619409828956158,20.552727514198423,20.49260090333374,20.439549418760084,20.393977425350613,20.356171420765307,20.32630053595577,20.30442021373035,20.29047831576939,20.28432264861206,20.285708978330504,20.294308914836876,20.309717446130144,20.33146025352583,20.359001146021477,20.391749981996874,20.429071326712982,20.470293892452773,20.51472060328577,20.56163898066081,20.61033148981142,20.66008551723288,20.71020273846146,20.760007744582964,20.80885588995654,20.85614038013013,20.90129863218084,20.943817918808158,20.983240270193953,21.019166572967528,21.051259787763772,21.07924721192724,21.10292173973625,21.122142111142114,21.136832181177965,21.14697927685388,21.152631730971322,21.15389569167862,21.150931305244264,21.143948362078014,21.133201487386636,21.1189849517077,21.10162717461256,21.081484996784987,
32,19.333333333333332,19.120869324902817,18.780477982033077,18.708204082149237,18.76375499231299,18.800061124577812,18.855424511855347,18.965721994428833,19.11522269661608,19.297318289849095,19.497812831384493,19.698456030709465,19.886992060999603,20.060802193033865,20.223427724411394,20.376921617179875,20.51860761374953,20.64553457699337,20.758845200088977,20.863155713273976,20.96296388745283,21.060254906782937,21.154727017291293,21.24515213208622,21.33014945614407,21.40811585133006,21.47704417933709,21.53475703169832,21.579429889997563,21.610001651838193,21.62625116217442,21.62860327613343,21.61785368371809,21.59495171884629,21.560876166681076,21.51657911602113,21.46296968420348,21.40092737778712,21.331341975279603,21.255167827425286,21.173470081849175,21.087442201961252,20.998387987838697,20.907676705476625,20.816687550651658,20.726757991487638,20.639144126160886,20.554995083048148,20.475339757560082,20.40108245364921,20.333003448182993,20.271760846858825,20.21789132504223,20.171809099002783,20.133804061117928,20.10404082909381,20.082560339442566,20.069284838283032,20.064026154627506,20.066496375728217,20.07631967975006,20.09304413250743,20.116152615170957,20.145072553283995,20.179184592449104,20.217830679572415,20.260322098547412,20.30594789348863,20.353983869369635,20.40370209063221,20.454380589798816,20.505312898657102,20.555817028760508,20.60524362615766,20.652983160388715,20.69847213306059,20.74119837350574,20.78070551534717,20.816596725322068,20.84853770510501,20.876258933132846,20.899557077327295,20.91829550218688,20.932403815114085,20.94187643852556,20.946770243510457,20.94720132509076,20.943341029885758,20.93541136090218,20.923679883110815,20.90845424260739,20.890076397790068,20.868916648410785,20.84536754060597,20.819837723510034,20.792745834196722,
33,20.03333333333333,19.667456634330392,19.361953907474145,19.20409377242983,19.11230179877368,19.10996095738783,19.205763494504158,19.365507732237404,19.546425273935764,19.737507623878102,19.943233243886354,20.155786092389103,20.360742224663124,20.553200013591052,20.7371918424517,20.91725776775013,21.092984335786316,21.26079364401157,21.418642658855195,21.56735496783081,21.70874692464471,21.843900571912087,21.97284303583118,22.095002433630665,22.209511383038055,22.315115797775615,22.41007713912206,22.49235960700948,22.560023996197277,22.611606828052093,22.646327285346732,22.66409301418991,22.66536936690004,22.65099796339356,22.622027126243463,22.57958443382565,22.524799229435953,22.458774212514115,22.382600753710083,22.29740415889041,22.20439617126177,22.104910822177782,22.000408945376485,21.892450748434364,21.782646791720648,21.672601555649806,21.563861679603022,21.457876247752758,21.355971681631488,21.259339924241146,21.169036021147015,21.085980174528594,21.01095992954872,20.944629947150023,20.887509012730774,20.839975681432808,20.80226476286679,20.774466664968017,20.75653076383865,20.748272890076056,20.749386111671008,20.75945348351344,20.777961383956054,20.804312384985472,20.837837129918917,20.877805223499017,20.923435515000044,20.97390629653679,21.0283658558026,21.08594359132254,21.145761623260416,21.206946607387017,21.268641340982388,21.33001574941366,21.39027693526647,21.448678111098523,21.504526372260106,21.55718936064407,21.60610090754668,21.650765729152226,21.690763201569446,21.725750189428695,21.755462864835177,21.779717444534757,21.798409793802364,21.811513887895543,21.819079173054256,21.821226915972346,21.818145664030467,21.810085954533477,21.797354411269485,21.7803073561527,21.759344049090643,21.7348996562068,21.70743803850391,21.67744445058694,
34,19.233333333333334,18.85598278362513,18.64576066780081,18.404455831429495,18.231916981259744,18.274291517322002,18.492764012863407,18.792206444036033,19.08679230936699,19.388889482656396,19.72985975336153,20.091746585061756,20.43462727751209,20.73812045809347,21.00608077348324,21.250323467128197,21.475196072543355,21.67856647211501,21.859980357418323,22.022948746714277,22.171906527012048,22.309242026966984,22.434776794495242,22.54704582482089,22.64450059662519,22.725831127364362,22.789852368536856,22.83545488120822,22.861744001754513,22.868254850865906,22.855075883809256,22.822816956844118,22.772479667586367,22.705325107852662,22.622795224709485,22.52648007904042,22.418092245135117,22.299427763744134,22.17232445042606,22.038636936395836,21.900232535722502,21.758994724717034,21.61681819318837,21.475588987483757,21.337153329952482,21.20328202353053,21.075635368376943,20.955730965368755,20.844916051728365,20.744346282873675,20.6549725210011,20.577535820744437,20.512569243275557,20.460404311337456,20.42118007617461,20.394853498183696,20.381210600135507,20.379878331562413,20.39033726981153,20.411935289425145,20.443902251056695,20.485365636552753,20.535366915819566,20.59287831452122,20.656819601626932,20.726074547706254,20.799506796964895,20.87597500523264,20.95434718319717,21.03351422957458,21.112402643616598,21.18998638376781,21.26529780636159,21.337437589863313,21.405583536184178,21.468998144728822,21.52703487483332,21.579143041651786,21.624871321615558,21.66386987018725,21.69589107391308,21.720788971338973,21.73851738608201,21.749126823841088,21.75276019619796,21.749647448940266,21.74009919069379,21.72449943688012,21.703297601700942,21.676999884504863,21.646160204861125,21.611370842485616,21.573252934459873,21.53244697432933,21.489603447292676,21.445373724246856,
35,19.7,19.302366105917923,19.07012097715945,18.893386888355302,18.766305674241792,18.766538445376924,18.88403087931113,19.06661352926338,19.257532403589675,19.45513797683046,19.680093163002745,19.923502728755516,20.160824697033597,20.37965820850103,20.582726268944715,20.777146045392556,20.964422628809054,21.141188783123436,21.30558880155761,21.459384685362302,21.60556947870375,21.745834864832982,21.87992509774165,22.006437957774367,22.123678595114978,22.22990056735371,22.323267745664374,22.40193636661476,22.464305657912877,22.509289051621792,22.53645116970016,22.54596582442907,22.538459504402063,22.514836209400766,22.476148341115564,22.42352716027617,22.358153527993295,22.281249350976097,22.194083463959537,22.097990128436955,21.994391608621157,21.88481028625438,21.770859358364618,21.65421175017706,21.536555872955287,21.419549171164643,21.30477734614426,21.19372274624584,21.087742295640645,20.98805374290281,20.89572821938432,20.81168673733192,20.73669844511448,20.671379257432903,20.6161905905598,20.571438853232646,20.537276717364595,20.513706995103355,20.500589414503413,20.49765001413952,20.50449247866176,20.520610591142205,20.545401060574115,20.57817621677795,20.61817635436811,20.66458176117809,20.716524618261264,20.773100982677548,20.833382979411695,20.896431185072633,20.961307042189368,21.02708504463236,21.092864402857522,21.1577799282021,21.221011946867044,21.281795138317857,21.33942626443715,21.393270799326313,21.442768481723636,21.487437799749607,21.526879394446958,21.560778348501668,21.58890531995123,21.611116491760775,21.627352334788604,21.637635217462254,21.64206593240678,21.640819241298065,21.63413856004009,21.622329916012774,21.60575530943005,21.58482560526712,21.55999307450304,21.53174369646803,21.50058932931945,21.46705985303795,
36,19.366666666666667,18.81794205076743,18.650384645705834,18.349573487917255,18.066802860099173,18.130890061541194,18.42352261269062,18.77764255155936,19.07834172838379,19.346334110158388,19.64923627778373,19.979741018389177,20.29004815980018,20.56431985799074,20.81493438272269,21.057442080049796,21.294865526000905,21.52063002908676,21.73033578941842,21.924975549571897,22.10699892845524,22.277656892641758,22.436865225685985,22.584007471622016,22.718331348627814,22.838709591201983,22.943477446904005,23.030641111117497,23.098244263011296,23.144724066650575,23.169168467528422,23.171422755096643,23.152050521518255,23.11219612005555,23.05341138961826,22.9774914321666,22.88633608322708,22.78184796060434,22.665881763837895,22.540248496021896,22.40675601978861,22.267253626146392,22.123653802828777,21.977921866973126,21.832039406863736,21.68795370516716,21.547524765434353,21.41247883125922,21.284374392401894,21.16458335909872,21.0542862508891,20.954476959325355,20.865971243705367,20.789414012944206,20.725282868141278,20.673888030328023,20.63537061655869,20.609701860723867,20.59668547472343,20.595964352398184,20.607031686192094,20.629245635207802,20.661846152215467,20.7039725064151,20.75468035817496,20.81295778130776,20.877740178790475,20.947924426009536,21.022382717352023,21.099976501959283,21.17957065795857,21.260047781550597,21.340322252013337,21.419353630056158,21.496158963414523,21.569823681509234,21.639510911548832,21.704469191295466,21.764038652208356,21.817655786000508,21.864856894348378,21.905280276911377,21.938667163083032,21.964861359953304,21.983807584687504,21.995548474361193,22.00022031144676,21.998047555274972,21.989336315737965,21.97446693620129,21.9538858647404,21.92809698858222,21.897652591782077,21.863144077594924,21.825192580489677,21.784439581577885,
37,19.0,18.444631818982323,18.298702212127107,18.066692976951508,17.81642427061801,17.85250915525332,18.14183467821401,18.515875164293725,18.868625939993397,19.217273292825702,19.608133693160188,20.02898799049045,20.433084883802344,20.801965859866858,21.145276375573122,21.47481350568461,21.790669290699856,22.085795933180126,22.35654476414722,22.604707823523487,22.832955458748433,23.042139917229136,23.231748781093618,23.40112476533684,23.5498095909259,23.67706681750061,23.781564912051607,23.861605940935615,23.9155863658021,23.94238974117454,23.941609080636486,23.913607374498067,23.85946641730813,23.780868639431905,23.67994535760712,23.559115576201158,23.420933096084696,23.267964824711115,23.102724225026787,22.92766548465721,22.7452175282575,22.557823535401905,22.367958803907353,22.178117745212848,21.990775267157414,21.80833326490404,21.633062648839907,21.467049722912137,21.31215397498311,21.16998155290899,21.04187469786142,20.92891356613375,20.831924857879446,20.75149205890033,20.687964167339995,20.641462240904,20.6118849402466,20.598915048794186,20.60202881683684,20.62050924827798,20.653463495111946,20.69984365885681,20.758469737108694,20.828053299067573,20.907220699124448,20.994535104085813,21.088517125830304,21.187664246833112,21.290469407262943,21.39543908661408,21.501111026753872,21.606071503490337,21.7089718495769,21.808543821036327,21.90361339770732,21.99311269888783,22.07608983423523,22.151716651786227,22.219294451980947,22.278257790804492,22.328176498611807,22.368756010981112,22.399836067492217,22.42138780489385,22.433509265666697,22.43641936408532,22.430450393009952,22.41603920413411,22.393717239805653,22.364099626494284,22.327873554227484,22.2857861638339,22.23863214936964,22.187241262983303,22.132465889446557,22.075168841329425,
38,18.266666666666666,17.658861190862616,17.504300959010187,17.224374832718368,16.953457363727214,17.031605046228453,17.378653980979557,17.807563720060696,18.19765398566666,18.562031832479924,18.959185245487863,19.380176540524268,19.775443446500844,20.127152050521982,20.44767546763499,20.752457640730714,21.045353590476516,21.322320868465145,21.58206833785066,21.82788609011222,22.062789099320568,22.28701798798948,22.498736095523462,22.695386205005633,22.87425146961157,23.032334849107748,23.166442962480637,23.27367476540943,23.35189875580257,23.399984631126397,23.417812956931563,23.406151842358067,23.366473868314202,23.30075442074981,23.211281139468813,23.100497188070204,22.97088740385817,22.824911922624494,22.66499027478879,22.49352672366401,22.312951938127345,22.12575221014678,21.934469198454053,21.741670418801817,21.549901301550737,21.36163075535338,21.17919877598994,21.004771566075057,20.840307745194117,20.68753719635924,20.54795138551495,20.422801621230093,20.31310093863677,20.21962631881077,20.142919954396458,20.083290122594455,20.0408132299123,20.01533866411072,20.006497534142383,20.01371559013361,20.03622988881522,20.07310827162394,20.123270519516208,20.185510131815928,20.25851597108963,20.34089339771979,20.431184852571164,20.527890038224225,20.62948587072741,20.734446261184644,20.84126161257332,20.94845775670382,21.054613960916953,21.1583796229866,21.25848933502856,21.353776103163455,21.44318262339045,21.52577060559402,21.600728190259595,21.667375515459998,21.72516847661279,21.773700696365555,21.812703704004125,21.84204532437793,21.861726298632718,21.871875198633973,21.87274174462936,21.864688681130243,21.848182400839704,21.823782526410035,21.792130664862317,21.753938543027733,21.70997571942509,21.661057053485735,21.608030100442164,21.551762590916322,
39,19.066666666666666,18.577803089053656,18.421630944377057,18.202522848892457,17.976716789409565,17.978980111679427,18.191979117380193,18.487395447111858,18.769792242685888,19.037150943940055,19.333563723798754,19.656457715146733,19.969696261683595,20.25870555840352,20.53111114085457,20.796654228338063,21.05605531147287,21.303322514668793,21.534591240733796,21.750566589859645,21.952988658074126,22.1424195399877,22.31847120498147,22.480603014872024,22.62831231073792,22.7607080699798,22.876240953324853,22.972926252936595,23.048782520597086,23.102221378220214,23.132295223206967,23.138793574990693,23.122219309237273,23.083682798929622,23.024750774312615,22.947282908295826,22.853280582857018,22.744770351714372,22.623741792653924,22.492142987742575,22.351914272319625,22.20502894514116,22.053515228736373,21.89944948702714,21.74492447123984,21.59200252053948,21.44266407992003,21.298760263705724,21.161975962211166,21.033806931660155,20.91555053389549,20.80830646655911,20.71298225629055,20.630298871833993,20.560793868347396,20.50482183965598,20.462553688641364,20.433976929827985,20.418899002981668,20.416954750079803,20.427618187489326,20.450217820102345,20.483954208107853,20.527918389621508,20.581110030746256,20.64245466466308,20.710819898709026,20.785030848458263,20.863885215027693,20.946168360840073,21.0306685318581,21.116192120635,21.2015786544493,21.285715082326504,21.367548937707028,21.44610004738253,21.520470597990098,21.58985351098361,21.65353917897987,21.710920663957566,21.761497454538862,21.804877843850882,21.840779945307816,21.86903133232586,21.88956728196583,21.902427623712917,21.90775223595091,21.905775282179064,21.896818324197355,21.88128248127581,21.85963981884219,21.832424148802403,21.80022141121296,21.763659790001306,21.723399699356484,21.68012376571175,
40,18.366666666666667,17.89255681875862,17.674538072179967,17.49456955288148,17.322943985757256,17.41045812124354,17.687772146119833,17.991765516704533,18.242109863453045,18.462375900031887,18.69466867962037,18.93648982079282,19.16085623803245,19.36213089847196,19.553149617605424,19.746442799270948,19.944889568067147,20.14503083622555,20.345080682563733,20.546600004772724,20.751042623476884,20.95757526044206,21.163165424488156,21.363596285423963,21.554331022980595,21.73087729514178,21.889045288044212,22.025319509084934,22.137197372955246,22.22336893198257,22.283687212351467,22.318939067322674,22.33050664683122,22.320037807215797,22.28921155738919,22.23962257026884,22.17275736573678,22.090023953350002,21.99281008455283,21.882553069901288,21.760801883261536,21.629252259072302,21.48974525226451,21.34423436343658,21.194735916216352,21.043277696049717,20.89185516876549,20.74239820066258,20.59674702790949,20.456634416988322,20.323670647580524,20.199328567944473,20.084927299032817,19.981614860049635,19.890351467903876,19.81189596599605,19.746797560585428,19.6953940228316,19.65781624605512,19.63399800790289,19.623689248613406,19.626471172082585,19.641771869040976,19.668881743155644,19.706968588199256,19.755092566717842,19.812221504104162,19.87724684552462,19.949000401965705,20.026271742444614,20.10782587019943,20.192420711015075,20.278823952830464,20.365828878378903,20.452268976706108,20.5370312542132,20.61906825547053,20.697408834651913,20.771167697677303,20.83955368516483,20.90187671392625,20.95755326239033,21.006110284990918,21.0471874722679,21.08053782771733,21.106026595013187,21.123628626146843,21.13342432257341,21.13559430387415,21.130412963733452,21.11824106692684,21.099517530531948,21.07475052361569,21.044508015609683,21.009407904939696,20.970107864391657,
41,18.533333333333335,18.01121095095054,17.856097023932076,17.613292535143344,17.37975133131031,17.450790322801858,17.736340134205623,18.059152735423993,18.32904378466588,18.565381582660592,18.818188400235666,19.084421811409925,19.330305091627153,19.548723737768597,19.753654586944204,19.957594011881895,20.162249774885375,20.362992045886845,20.557697876245342,20.748225710472134,20.93656482632572,21.12289830584654,21.30596598513251,21.483806243015394,21.65400314952159,21.813572018348978,21.959094377171457,22.08720038880997,22.195058973915764,22.280687007400168,22.343059784868835,22.38205158429258,22.398261390263208,22.392789093566805,22.36702304213522,22.322477198375758,22.26068726556032,22.183163479102642,22.09139565402578,21.986896809384735,21.871259150630443,21.74619376617507,21.613537167178254,21.475225082754534,21.33324547230577,21.189584916209363,21.046179055458325,20.904873174977308,20.767395248890864,20.635340672505063,20.51016539427481,20.393182818352095,20.285560222261786,20.188312293771457,20.102291788298963,20.028179191798394,19.966474042861847,19.917490225059968,19.881356500305426,19.858022337695623,19.847268108642925,19.848718182740964,19.861855404555836,19.88603576306288,19.9205026077406,19.964400319623827,20.016787746246393,20.07665186859945,20.14292209127862,20.214485312518683,20.290201649155232,20.368920461662498,20.449496205610824,20.53080363970508,20.611752019331995,20.691298049173824,20.768457507979416,20.84231555572336,20.91203577249238,20.976867965534822,21.036154736945107,21.089336755703037,21.13595664652187,21.17566140649825,21.20820328956882,21.233439149487893,21.251328290760313,21.261928930142957,21.265393409353223,21.261962318801437,21.251957694379485,21.235775440278154,21.213877117434762,21.186781225461722,21.15505409921716,21.119300540120197,
42,18.633333333333333,18.10090477857348,17.93395212773173,17.710484169369828,17.519364237008027,17.658123476076263,17.995611493481597,18.351579708692185,18.626838015735334,18.845097634485356,19.073730737825723,19.312531954993993,19.523422201024218,19.69823551524808,19.853460249321053,20.006099106739768,20.160796434733847,20.31308839308956,20.460307387725344,20.60448705867534,20.748492217236034,20.89345886683973,21.03860877503147,21.182003362489255,21.321143474273136,21.453090924809608,21.574608160623594,21.68252282801088,21.77411987488452,21.84744029142474,21.901429243449293,21.935898516674595,21.951339989052734,21.94867849495089,21.92905420309095,21.893680521705157,21.843772534943675,21.7805257395586,21.70513315465918,21.618829934683987,21.52294502260567,21.418934487001202,21.308380462927936,21.19295694000145,21.07437644598264,20.95433415799713,20.834461203703547,20.716292485767102,20.60124937268734,20.490634356893946,20.38563284140175,20.287316623443253,20.196644626671343,20.11445870203338,20.041474958953156,19.978273065908752,19.925286670243082,19.882797567991688,19.850934999630987,19.829680065651317,19.81887420414511,19.818230161149042,19.827343908686885,19.84570638367032,19.872714525737678,19.907681670753625,19.949847744021902,19.998389816294228,20.052433457964746,20.11106504772279,20.17334488370738,20.23832071077523,20.305041172138505,20.372568719912948,20.43999163957008,20.506435001601936,20.571070495870906,20.633125193786924,20.6918893087062,20.74672299659479,20.79706218222831,20.84242333986558,20.882407124174048,20.916700748188056,20.945079038522557,20.967404152728122,20.98362400409429,20.993769491161252,20.99795066344283,20.996351968799257,20.989226724750942,20.976890942646676,20.959716617637156,20.938124584919613,20.91257703681851,20.88356979591444,
43,18.366666666666667,17.989898465781668,17.77087238960999,17.568199509222435,17.35634614747091,17.450741124766775,17.78892299471425,18.1441063567036,18.4102096676242,18.620486057101676,18.827069355478002,19.032277801037573,19.20802622420278,19.350004274264194,19.47535498948872,19.600809519219208,19.73195442895465,19.866553335815983,20.003422747272253,20.14472806732855,20.292669692102766,20.44738441175864,20.606889557658178,20.767861533529587,20.926391553469436,21.07833063543809,21.21955084757208,21.346311960699623,21.455607430791243,21.545414761346663,21.614786528716074,21.66373199879891,21.692942146809823,21.703477725863763,21.69652611685868,21.673265666023088,21.6348140566847,21.5822258768253,21.5165230866914,21.438750224590265,21.35003777726696,21.251649767741576,21.14499811775385,21.031622704594188,20.91314952097143,20.791242781227773,20.667562367565115,20.543731460531056,20.42131435074828,20.30180192004498,20.186601312002665,20.07702632236805,19.974285946674286,19.87947017849146,19.793534019181624,19.71728201034433,19.65135594535294,19.596227764176028,19.552198408267042,19.519402158576018,19.497815109283067,19.487266103293717,19.48744861990813,19.497932588336322,19.518175695863416,19.547534281038704,19.585274223577457,19.630582317829194,19.682578480957147,19.740328892076924,19.802859892451835,19.869172285158918,19.93825559690734,20.00910190022218,20.08071890349942,20.15214214890998,20.222446268701585,20.29075531170599,20.356252158428667,20.41818700837824,20.47588487128314,20.528751949474312,20.576280779867876,20.618054017395924,20.653746783167044,20.683127558325594,20.70605766418899,20.72248941856386,20.732463089991228,20.73610278494632,20.733611401509716,20.725264773298797,20.71140511627014,20.692433883376232,20.6688041301945,20.641012498024917,
44,18.366666666666667,17.939953061896418,17.630985050426148,17.531967876134146,17.475413641911786,17.604280640199885,17.888702005408234,18.179366673183846,18.394363557677796,18.562044494149177,18.731202783288328,18.907422549463455,19.067126877889322,19.201593062454506,19.323559702474952,19.44945294891393,19.584778610770556,19.72520812220814,19.866070798870364,20.007048761751182,20.150230401548583,20.29681417779579,20.445614171560454,20.59363826104017,20.73733730413327,20.87331340453409,20.9984643804236,21.109991862324854,21.205533606582925,21.283424370720844,21.34288892704798,21.383997600299246,21.407404942691684,21.414028094930195,21.404816556097913,21.38066493740871,21.342426657806318,21.29096498263077,21.227206724281515,21.152190546432347,21.067105038563497,20.97330474530324,20.87229379076714,20.765679339915923,20.65510996270726,20.542217438320314,20.428574508631048,20.315671666217767,20.204908942637385,20.09759577010685,19.994952322564334,19.89810766020504,19.808092461223016,19.72582659511492,19.65210381111961,19.587576895198566,19.53274652870509,19.487955944181916,19.453391871636697,19.429090832493493,19.414948993420392,19.41073364780218,19.416094802706873,19.430576045845342,19.453624578329674,19.484600820752846,19.5227882282037,19.56740388552782,19.617610183993257,19.67252753512441,19.731247782212275,19.792847806022564,19.856402809536362,19.92099887602849,19.985744564780624,20.0497814750013,20.112293823381684,20.172517123264406,20.22974602972667,20.283341350338084,20.332736148806852,20.377440816932705,20.41704697592771,20.451230093227277,20.479750755117156,20.50245460197214,20.51927099450686,20.53021052386791,20.53536150054261,20.534885558929233,20.52901250282947,20.518034500708566,20.502299725770072,20.482205529132784,20.458191235481728,20.43073065731051,
45,17.0,16.51095740184339,16.09424878156212,16.043244148923137,16.087042743395052,16.285835413480857,16.61483586993836,16.94962544952704,17.20544972441521,17.407754791919608,17.61809747421124,17.851685579252813,18.080648211655397,18.28614495649369,18.47576820212642,18.66735927375415,18.868324761915552,19.073164123341584,19.27470401436147,19.47160734867171,19.66683749520062,19.86266774235488,20.05774214390985,20.24769852459272,20.42729992072213,20.591844574620154,20.737489799440915,20.861148265562704,20.960517852602933,21.034321492810818,21.082472287932482,21.105926677155665,21.10626702862897,21.085241732453085,21.04447219301672,20.98538541397023,20.909295111056895,20.817522999429226,20.711497496661643,20.592816409066746,20.463276426081276,20.324867016666023,20.179725470181648,20.030061491955504,19.878072675917963,19.725874065243225,19.57545506683777,19.428663356708075,19.28720619808973,19.152657386349652,19.026460759993117,18.909925683189993,18.80421407857329,18.710321707109166,18.62905819261212,18.56103059819626,18.5066342331587,18.46605228534595,18.439263642663388,18.426056652414175,18.42604596416409,18.438689955209128,18.46330718521494,18.4990914214228,18.545125656012324,18.60039600213605,18.663806371118742,18.734194500672892,18.81034940230578,18.891029818308798,18.974982970462705,19.06096280562575,19.147747073519085,19.234152826294142,19.319050206052648,19.40137460078883,19.48013735524772,19.554435218040556,19.623458621237788,19.686498772108784,19.742953436479425,19.792331242240834,19.834254341109187,19.868459327495422,19.89479640256649,19.91322686276139,19.92381906349614,19.92674304900982,19.922264047798365,19.910735018091458,19.892588401803216,19.868327220437003,19.8385156308016,19.80376905503889,19.76474400636429,19.722127743897047,
46,18.1,17.59094501407334,17.309972533315715,17.29075566105133,17.29077801557687,17.494141618586127,17.838700530633226,18.163119011611567,18.404141818313377,18.59806335992719,18.79833645623608,19.00197854728681,19.178784048376777,19.323790550015964,19.456625186291433,19.596927987500287,19.748810738349707,19.904492202488527,20.056822325151767,20.204851113032472,20.351198481438033,20.4978701359881,20.644342544455306,20.788189715447206,20.926463414565585,21.05634946385121,21.175119770383155,21.279997046632058,21.368335573358177,21.43809107769615,21.488231843913248,21.51879948706727,21.530624084535813,21.524912740904625,21.502932772117635,21.465871669663645,21.41482818878013,21.350858928200775,21.27503966572606,21.18853124463682,21.092640100072927,20.988852434396975,20.87882337359998,20.7643210075012,20.647144857773263,20.529045474448022,20.411665297113505,20.296508189438548,20.184934068412094,20.078169262216157,19.97732217157175,19.883395696837695,19.797291281210768,19.719803326472608,19.65160625285291,19.593238716148175,19.545089947633617,19.507391984346075,19.480219420912306,19.463496142895707,19.457006993048193,19.46041176900126,19.47325926844687,19.494999968268367,19.52499695728463,19.56253559846046,19.606832863458973,19.657047307779447,19.712290329903684,19.771638861882295,19.834149163759566,19.898871081760028,19.964862038911352,20.031200134651712,20.096995960642097,20.16140299882616,20.223626673922936,20.28293223956944,20.338651679247697,20.390189727362824,20.437029007662687,20.478734191085767,20.51495502476462,20.54542808942449,20.569977195498264,20.588512407900932,20.601027770919636,20.607597867833338,20.60837338378053,20.60357584458348,20.59349168644887,20.578465783568255,20.55889453418406,20.535218588656782,20.507915298336172,20.477490969721654,
47,17.633333333333333,17.145272012564163,16.77880488176436,16.67579519241951,16.643830001659662,16.76312658547868,16.99590870571069,17.25716714819235,17.486825376202965,17.687285625787304,17.892277807959413,18.10829846499137,18.31983297904685,18.52098551845922,18.720668508034315,18.930631026300095,19.15360240241487,19.383599981587757,19.61392035536756,19.84154401264645,20.066021992997555,20.286801776561838,20.501920068019878,20.708464542006844,20.903448126934187,21.084104769831086,21.24775784973577,21.391740833540894,21.51359300944275,21.611427822650374,21.68421835008918,21.731839472344102,21.754891571771395,21.754438494586264,21.73178569025633,21.688349791380713,21.62560505314005,21.545075178370457,21.44835213317218,21.337132712800795,21.213258513267068,21.07873797780956,20.935733793659818,20.786514364920905,20.633383176106836,20.47860561960412,20.32434888885639,20.172642128056964,20.025356398252885,19.884199380629404,19.750717940074267,19.62630194353663,19.512184492779184,19.409436445685838,19.31895597314532,19.241456030506537,19.1774534171603,19.127262533046178,19.090995497972575,19.068568655214236,19.059714196854735,19.063995012075107,19.080820882999575,19.10946465816319,19.149077757030984,19.19870503895914,19.257299515393683,19.323737513428227,19.396834743620936,19.47536339783507,19.55807004498239,19.643693822550297,19.73098430399792,19.81871846000719,19.905716281633644,19.990854829389896,20.073080650103062,20.15142061938058,20.224991306837634,20.293006935816642,20.354785948330836,20.4097561230503,20.457458156120218,20.497547614649537,20.529795209350404,20.554085393495654,20.570413362633584,20.578880587186866,20.57968904774109,20.573134357575473,20.559597952564157,20.539538512830365,20.513482762172895,20.482015777149517,20.44577093120906,20.405419600179187,
48,16.7,16.153259072799266,15.810226977321172,15.634443953984483,15.48091564649231,15.421422780551516,15.49493988723936,15.685203837077554,15.920926695361986,16.181954266139897,16.4715564442075,16.779786642334976,17.08844316751311,17.388336492307886,17.681847880090665,17.975667357525154,18.271067618435794,18.56437163347283,18.85275127864366,19.1364706675433,19.416976021644217,19.694302992111385,19.96619710087995,20.228969568735153,20.47856193833726,20.710965039247107,20.92225154074398,21.108686364300542,21.26705863463196,21.395072755771196,21.49156517801935,21.556454864983007,21.590499643725394,21.59499821304441,21.571549210773583,21.52190659603446,21.447914778207974,21.35149305762097,21.234649495106705,21.099512405614483,20.948364715310195,20.783661903411364,20.60801885343054,20.424164163587704,20.234873351762932,20.042897567159812,19.85090142396296,19.661416713541563,19.47681240978227,19.299277487115216,19.130811538940232,18.97321833118467,18.828098706378025,18.696841205667813,18.5806108189691,18.480337780227007,18.396708887382324,18.33016343371242,18.2808948254214,18.24885780593403,18.233780310995023,18.235178547513932,18.252373928828543,18.284510873448852,18.33057498442828,18.389411582056418,18.459744833574945,18.540197765498128,18.62931329378675,18.7255761545751,18.827435366580087,18.933326686558267,19.041694469599175,19.15101241063708,19.259802783923394,19.366653961289167,19.470236130413454,19.56931522123883,19.662765075030975,19.74957786925757,19.828872767118845,19.899902719598273,19.962059329990154,20.014875704421115,20.058027253917803,20.091330473021454,20.114739782603042,20.128342577828075,20.132352658421738,20.127102235710897,20.113032712662225,20.090684425537034,20.06068552552381,20.02374017087765,19.980616197072216,19.932132433902012,
49,16.433333333333334,15.941615947565072,15.514474893465518,15.302303309035064,15.119178784831863,14.986435066164965,14.978994135044786,15.10874209152082,15.314114239050635,15.560719765177343,15.844715655521096,16.156848857767635,16.482273009079783,16.810655398181883,17.139459894216262,17.470890040189985,17.804863283589057,18.13781844700194,18.46647639986498,18.789704384339338,19.107298817230596,19.41815576436455,19.71964286976638,20.008236659273344,20.280307874742928,20.53236117812971,20.760964763958206,20.962796409559967,21.134915932477153,21.275107302707507,21.382093344363504,21.455547224176986,21.49595180831963,21.504401629861935,21.48241945943253,21.431816643771544,21.354596736116427,21.252895462298152,21.1289542239676,20.985123319165584,20.823882410820627,20.64785841817842,20.459823079338733,20.262663152901506,20.059328128952078,19.852766903484614,19.645864968632075,19.441390034768347,19.24194973495958,19.049961682188172,18.867633870053425,18.696952146462753,18.539671289896262,18.397307039401362,18.27112790866531,18.162147144094096,18.071116216477048,17.998521515649937,17.944585534902124,17.909273081584466,17.892302262917745,17.89315941617666,17.911116893194553,17.945252660727306,17.994470944918515,18.0575234952023,18.133031343127637,18.219507100885004,18.315377859151198,18.419008635518587,18.52872615732001,18.64284260522006,18.759678847926985,18.877586685772293,18.99496968420423,19.11030228922851,19.22214703936571,19.32916979123851,19.43015293994536,19.524006638249137,19.609778010804444,19.686658338711883,19.7539881732872,19.8112603384225,19.858120802715206,19.8943674424908,19.91994676667365,19.934948724253307,19.939599756435502,19.934254283606172,19.919384831256355,19.89557100167003,19.863487493948913,19.82389136841142,19.777608745890664,19.72552112937954,
