0,0,4.082907331639923,5.2515350544044,0,3.570311270998225,0,0,12.385619387165814,0.3602004664659759,0.8881115403444753,0,7.069234460672455,2.4187417453526265,0,1.4822437185678403,0,0,8.163869319106507,12.801748777231694,4.1168030926405805,0,5.748130619342618,8.952461292275181,0,4.838015445618424,0,0,9.979335170347884,8.743568874719937,2.4143730377365458,0,1.4608481115927532,3.961128810738032,0,2.6107570498039934,0,0,2.71336481847851,3.0560548172347524,4.680521156585705,0,8.203968413399132,0.2135177528522263,0,3.445829295933102,0,0,0.12937299768515942,9.939897616274237,3.082907331639923,0,6.148110960268404,2.6703112709982264,0,2.6660626887018566,0,0,0.4881115403444767,2.7697215460554574,6.969234460672453,0,0.2204825949022826,2.8822437185678424,0,1.676746300875589,0,0,0.6168030926405805,1.3986999479197308,0.24813061934261782,0,5.65150752486214,2.1619845543815757,0,4.099856876426472,0,0,0.9856269622634528,3.2568531468614452,1.6391518884072482,0,1.604206692988214,5.510757049803992,0,6.928050889888226,0,0,7.280521156585706,1.5499212953830082,11.10396841339913,0,4.426483802426816,0.6458292959330976,0,12.274065592621852,0
0,0,4.1333858842990665,8.3578672926946,0,5.514525448983626,0,0,5.920322453647039,10.440737362117432,4.646898666343915,0,12.427973894953901,6.939144232228109,0,7.125735033805761,0,0,3.8170293735492464,9.296584697224084,2.1057899112765455,0,2.5711529424206603,0.8364946229780514,0,6.647413113657567,0,0,6.465767689918977,6.599763649149473,1.9886839455243575,0,3.572729089552716,7.656911566922929,0,3.671161539065423,0,0,3.9898442790549993,4.162139617552818,1.358311577600638,0,6.635108721724009,1.1353687553760565,0,0.2635787282748723,0,0,9.343130863657905,4.384961953985034,2.733385884299068,0,10.902962722733612,4.414525448983625,0,4.250164945660394,0,0,5.246898666343917,6.082063100354745,12.8279738949539,0,2.8350885980345915,7.925735033805758,0,6.558322515528879,0,0,6.705789911276543,1.924867690791217,8.07115294242066,0,10.726905461211839,12.747413113657569,0,8.34140515408777,0,0,5.18868394552436,9.240717803033917,6.672729089552718,0,12.28128011598914,6.871161539065419,0,3.836824681133855,0,0,3.7583115776006366,7.754180896701385,9.535108721724008,0,12.40454741043773,2.336421271725129,0,10.649163216859154,0
0,0,4.697345622931216,0.022700306183367047,0,3.2844351154627134,0,0,8.238662926912184,7.393713328603113,1.4638999022722814,0,0.6768589161031002,0.11504567181352598,0,5.787321535591161,0,0,5.541709827906164,2.9169642746742603,5.632511955637508,0,4.572763734493684,5.6633880477163565,0,4.964936160125884,0,0,1.3505178494344676,0.7900115206789451,1.1154551108244561,0,2.7791757382830014,5.02062630669559,0,3.990768718883885,0,0,7.222890475966828,3.9632269091128265,2.250212406461536,0,3.630551900204182,6.159855092741239,0,5.4817440367080295,0,0,2.4794136069123596,2.5187005432308283,6.197345622931216,0,14.255068543382869,2.2844351154627134,0,3.5670882678605835,0,0,1.9638999022722814,6.640859671995564,0.4768589161031045,0,0.7092374307390159,3.8873215355911626,0,1.672340924830177,0,0,0.33251195563750713,0.2667892808209089,0.8272362655063148,0,4.9446127031786276,10.664936160125883,0,4.493220929730484,0,0,4.615455110824456,5.213854509498454,5.5791757382829985,0,8.784159541601138,7.190768718883881,0,6.040801219778963,0,0,0.4497875935384599,9.210019846519536,6.5305519002041805,0,2.614878799215056,8.381744036708028,0,4.670465487088897,0
0,0,4.680594239175825,7.005116396877195,0,0.7326302662213706,0,0,1.4281078813327568,3.1649439784600517,7.6375021529326474,0,1.5165454462862726,6.455155882605773,0,1.2097295752793222,0,0,3.4211315096411887,1.247525117401569,5.855005139373773,0,2.614692533022101,3.4656013974798228,0,1.6872803862956083,0,0,1.7177686013992854,4.219061955856716,6.304624824096653,0,6.652974333940207,4.349340406681023,0,0.3211612004300832,0,0,2.9149556699937946,7.23622034455088,8.648129874552666,0,3.009289680035039,0.6894743394879015,0,0.17973665126545058,0,0,4.081959572924383,2.373260793233733,2.880594239175828,0,3.0575516689192312,2.1326302662213763,0,1.9432403022344715,0,0,6.6375021529326474,11.416946395046544,0.7165454462862755,0,3.4300818377786584,1.4097295752793215,0,7.0231753787309685,0,0,12.955005139373775,7.114947963613652,8.914692533022098,0,4.511581195312587,6.687280386295608,0,4.858475328525117,0,0,9.404624824096654,11.99500667884497,9.052974333940206,0,9.534985738629253,3.4211612004300775,0,6.980642900552958,0,0,11.248129874552667,6.988923112433724,5.709289680035042,0,4.282125238531663,2.420263348734551,0,7.970067295905771,0
0,0,6.254317800551426,8.939754395184075,0,0.3058518793999667,0,0,2.921273999723631,4.202195798024512,0.7407919771332487,0,3.622460352403415,0.6805117636698057,0,3.293435581880871,0,0,4.80331765523254,10.772002155342708,1.2135136120641654,0,3.9752080107474868,3.1882549219095964,0,3.158784816648204,0,0,3.632746467609202,2.654798121854661,2.665793776212773,0,6.29514277370486,6.764723046483379,0,6.549056474121706,0,0,6.5546325733762245,1.7989962929263825,2.6339246701360466,0,4.909673397904413,2.6459234720531057,0,0.15126268843135904,0,0,2.0977054966553794,4.1105669313850655,8.354317800551428,0,0.6119850675738263,2.2058518793999653,0,3.224139635437254,0,0,0.7592080228667513,1.757201246913361,2.322460352403418,0,0.8297405016935926,2.093435581880872,0,7.470347129961141,0,0,4.486486387935834,5.834868176759066,2.8247919892525175,0,4.67963777857188,8.658784816648204,0,7.174392645011842,0,0,5.565793776212772,9.701349749218348,8.995142773704863,0,9.02511637466015,9.249056474121709,0,10.817666017741477,0,0,5.033924670136052,0.3412424740368536,7.70967339790441,0,5.587765497025224,3.151262688431359,0,12.164856400799316,0
0,0,0,5.775402298155072,0,2.6025923734810235,0,4.882521844322248,0,9.778684456861924,2.56093020020419,0,0,1.3105126372305378,0,0.5409511738747916,0,2.8248780850948556,0,0.037661829729728424,2.6320648868517615,0,0,5.729628675633421,0,5.257195128415248,0,11.298422623878231,0,9.624388389278245,7.753824723539861,0,0,8.431165767429391,0,4.8446036684788965,0,7.717529963699139,0,4.196838069841313,0.8037541833206987,0,0,0.8220409176424042,0,0.65926393641152,0,0.5372390180891173,0,8.221667375336004,2.7458700009572183,0,0,0.7025923734810178,0,2.9825218443222496,0,8.278684456861924,0,9.207818886672435,2.5326581540402415,0,0,2.2409511738747945,0,0.6248780850948528,0,6.262338170270272,0,2.148562072454027,8.58092069626571,0,0,0.9571951284152505,0,15.898422623878233,0,13.524388389278243,0,9.81784002945692,7.469425023063799,0,0,7.8446036684788965,0,11.017529963699143,0,6.596838069841311,0,3.1533335112313807,12.907285879801186,0,0,2.040736063588483,0,3.437239018089116,0
0,0,0,0.602505454517626,0,3.7125955258780365,0,5.304643888751201,0,6.563810632944126,13.320941514004744,0,0,1.6190318992656216,0,8.29296188569689,0,4.006792067318351,0,13.974231607433342,3.0974159280715554,0,0,4.910520703941035,0,2.256621059592888,0,2.867587235209214,0,11.882007066119066,3.1389465343170215,0,0,7.668928992533807,0,11.043205436250517,0,2.0139548945472967,0,0.6868041790200294,1.4050445514080323,0,0,3.412878975226583,0,0.0182249773418377,0,2.352991830170133,0,3.492559278027997,2.3269020798732782,0,0,2.112595525878035,0,6.804643888751201,0,5.463810632944124,0,2.1800178804499595,1.0093595214528932,0,0,8.392961885696891,0,3.906792067318353,0,12.674231607433342,0,2.462586319981078,2.5002054971766228,0,0,9.756621059592888,0,6.367587235209214,0,15.382007066119066,0,9.43531417731337,8.708015519630607,0,0,12.443205436250516,0,5.2139548945472995,0,2.8868041790200323,0,5.900028922369323,7.098436536627254,0,0,2.7182249773418334,0,5.2529918301701315,0
0,0,0,6.050003830859097,0,1.6391142680831123,0,0.6214220972762163,0,10.86166941104107,8.242410436320103,0,0,10.73678064717489,0,8.692755642884528,0,5.067028422763723,0,0.4363540470798313,8.715741572312542,0,0,7.637090296558036,0,1.7107795297515942,0,0.8076562324598839,0,3.4879761305723775,8.075435900956489,0,0,5.026264010321647,0,2.1698695115191455,0,6.1826105327249365,0,5.471803117557805,6.671261330209845,0,0,6.981005306766143,0,7.299558241842362,0,6.5081099767585755,0,4.860438868112574,7.109315493685038,0,0,3.9391142680831095,0,2.7214220972762178,0,8.961669411041072,0,2.7438360263072212,4.661843298029936,0,0,9.192755642884528,0,5.167028422763725,0,0.9363540470798313,0,6.188782851197679,2.7845359817569957,0,0,5.989220470248405,0,4.907656232459885,0,6.9879761305723775,0,8.235379032287483,11.985928727794036,0,0,4.46986951151915,0,9.282610532724938,0,7.771803117557809,0,8.757114299079738,15.81489546771656,0,0,9.999558241842365,0,3.5081099767585755,0
0,0,0,9.93325940157063,0,0.5911920722990303,0,5.496368219330719,0,5.371141964423707,12.091450461588515,0,0,0.8571158996492798,0,1.2789189626304633,0,4.753354708024137,0,2.441653344309824,3.8624459843755368,0,0,0.4921240864547407,0,7.338789966799894,0,1.7071808964844948,0,5.548288898722067,5.5728042631574795,0,0,5.501112802835841,0,7.792320699600751,0,5.607391812052107,0,7.327775057250555,1.4457905315351312,0,0,0.24836338946064984,0,3.8666844895575494,0,3.725177935202332,0,7.793562344959497,1.572000436521698,0,0,1.208807927700974,0,3.696368219330715,0,7.071141964423703,0,5.024610664189062,6.105705866476818,0,0,0.37891896263046476,0,3.7533547080241405,0,0.841653344309826,0,7.310065006492103,8.314817772450688,0,0,0.23878996679989228,0,2.692819103515511,0,10.048288898722067,0,13.027110387225761,15.357044986042787,0,0,10.692320699600756,0,8.80739181205211,0,9.727775057250554,0,0.689141953111374,4.0769355955379325,0,0,6.866684489557549,0,0.6251779352023306,0
0,0,0,11.395668587269988,0,19.536082440006226,0,1.5343990858701346,0,4.132262672350855,3.437186243037047,0,0,4.3919673614065715,0,2.2920757035090915,0,6.772235538253263,0,14.19713802535815,7.262645370632946,0,0,0.715888988653127,0,4.3188777184678315,0,5.200634432486417,0,2.9268420255488508,5.000174100125136,0,0,9.654973193168114,0,8.983419373552668,0,0.06713792736568536,0,2.5372569598217396,5.143144612888989,0,0,4.670504459340428,0,1.7152312594412464,0,4.660011882717704,0,3.677905437759307,12.23551157414606,0,0,19.536082440006226,0,1.4343990858701403,0,3.632262672350855,0,0.34779465794995446,0.6364051877982391,0,0,8.792075703509092,0,7.772235538253263,0,14.797138025358151,0,1.9134619966199935,6.965875545289112,0,0,8.118877718467836,0,8.800634432486419,0,6.326842025548849,0,12.333356359195147,16.748237114598183,0,0,11.083419373552669,0,1.6671379273656797,0,4.837256959821744,0,11.043422282546679,5.31747806297134,0,0,3.615231259441245,0,3.0600118827177027,0
0,0,0,0,10.716837798955588,0,3.7174014130334143,0,0,12.694905050319953,4.16761083795658,0,0,0,2.5849905143858436,0,0.21730698345703559,0,0,5.13341818858202,1.2943901052385343,0,0,0,1.9700577914386201,0,5.063165752345128,0,0,2.500519708010472,6.247634421931426,0,0,0,6.417048304610255,0,9.319978316914415,0,0,0.1531928478673592,5.0615919049748825,0,0,0,1.5989462356654442,0,3.798665346767038,0,0,1.7192147678607554,8.250548483602344,0,0,0,2.8174014130334157,0,2.8448027428837506,0,0,16.372822323644566,7.61619233558617,0,0,0,2.182693016542963,0,10.733708705578962,0,0,8.638801835880265,2.5331241693526962,0,0,0,9.16316575234513,0,5.196679566592337,0,0,7.724542148096759,4.854612748339136,0,0,0,11.019978316914418,0,5.059133813044767,0,0,2.080333962924364,15.708602757651157,0,0,0,6.698665346767044,0,16.00530239817337
0,0,0,0,8.838464658701653,0,3.2271128315868225,0,0,4.245063662494175,8.470078681735394,0,0,0,4.8776026264734895,0,3.85021369239783,0,0,1.8409907180307599,3.5530416786357364,0,0,0,2.009699869886127,0,12.188592915845959,0,0,3.5073135506754127,4.370326202761412,0,0,0,12.804788347843456,0,10.014258703201016,0,0,2.7554456637306686,7.584831347615285,0,0,0,1.2091484502423597,0,1.2158305195942418,0,0,5.266253174992265,6.546190780315484,0,0,0,3.627112831586821,0,15.427819095101313,0,0,3.4235172472571804,3.5644430833062373,0,0,0,5.150213692397827,0,11.233482273682228,0,0,13.518593101851486,10.536488878164484,0,0,0,15.488592915845956,0,14.89800351546657,0,0,9.40155917260062,8.21781417742703,0,0,0,10.714258703201018,0,8.068043874282438,0,0,19.457452546501738,7.100740061042075,0,0,0,4.015830519594239,0,8.034855375039967
0,0,0,0,6.685179949694678,0,3.7802947940649645,0,0,5.650950269359889,0.9856122812620711,0,0,0,3.9568517994497654,0,11.180816718792954,0,0,3.9814195156926893,5.089357109246091,0,0,0,1.243669214791332,0,10.363543126892061,0,0,4.712467075865767,4.038619761479936,0,0,0,8.814986190529922,0,1.5976873244628678,0,0,4.921642359003847,10.200037330213831,0,0,0,13.544399059876877,0,2.533926181363391,0,0,4.91708970506938,0.29884010290904683,0,0,0,3.680294794064963,0,7.982182248658212,0,0,5.652722506945977,3.818004167964993,0,0,0,12.580816718792953,0,0.6677442917689973,0,0,2.9574838547621667,4.515175196746384,0,0,0,15.563543126892064,0,5.937099647027452,0,0,1.887471698271817,2.6242702131507087,0,0,0,3.4976873244628663,0,1.1413875430015992,0,0,5.389738844918391,8.349668077750103,0,0,0,5.233926181363387,0,11.694764055618414
0,0,0,0,3.59549333018078,0,4.421940778394081,0,0,4.696293943560683,5.36438274480799,0,0,0,8.328147945227364,0,9.096742830812108,0,0,10.495252363447243,0.14140901171234788,0,0,0,0.5426247976612331,0,6.7079493535280506,0,0,0.21643418815359183,2.2108538821930566,0,0,0,15.500187269936319,0,14.190144991643393,0,0,5.436571921530643,2.617675759925241,0,0,0,3.1139917159964483,0,11.278028809080169,0,0,6.380634237237665,4.892585138530876,0,0,0,4.3219407783940795,0,4.8179138902465155,0,0,6.729961620166641,2.6616408643522576,0,0,0,10.896742830812112,0,4.654820483595913,0,0,4.24759946908452,6.669267755537831,0,0,0,0.6079493535280491,0,10.521639193071824,0,0,7.787149897128238,10.793188636321013,0,0,0,15.990144991643398,0,4.951599557056703,0,0,14.763906791751829,10.363341899330258,0,0,0,13.478028809080172,0,20.6474722383093
0,0,0,0,11.142127428194126,0,2.627581614480924,0,0,10.8070047539126,11.38117476188632,0,0,0,23.24675710693146,0,4.97807073267882,0,0,1.376048162865203,3.3468714155780255,0,0,0,1.5153678534942188,0,8.007566949037518,0,0,9.864893421093221,6.528136952295075,0,0,0,7.557972503870701,0,5.509649675465539,0,0,5.726696635761513,3.708104303664868,0,0,0,1.7443491357902872,0,5.081036401268882,0,0,2.695873702758824,1.2205305696290552,0,0,0,2.2275816144809184,0,6.0676813661853615,0,0,0.27141016302200427,5.199851992736072,0,0,0,5.97807073267882,0,2.0324153059258947,0,0,13.369702957555315,2.9397724715594933,0,0,0,13.407566949037516,0,1.9820119851409643,0,0,12.105499136520777,7.929244958933289,0,0,0,7.909649675465545,0,12.071354048973554,0,0,4.833291349722515,8.53862968707407,0,0,0,8.38103640126888,0,6.871201593744182
0,6.447838053993685,0,4.384892241596283,0,0,8.172567706955803,0,0,6.443051787063261,15.402952518139386,1.8443665351091028,0,13.562241554570974,0,0,0.7479003193585712,0,0,5.202488312025391,0.5563658834478353,4.217195396561834,0,4.245382126691705,0,0,9.064883699776416,0,0,3.1908937962803243,5.172078769038308,0.05090082862848533,0,4.312969203540153,0,0,5.374155976998161,0,0,2.269086523481377,4.798808032089305,2.728811316082826,0,3.5570923959199305,0,0,3.5663045561855853,0,0,5.347838053993691,3.356495618162697,5.084892241596286,0,11.548011146301505,0,0,3.2525770165513066,0,0,1.2443665351091013,1.78005023873326,12.162241554570976,0,13.966837218430467,0,0,1.8961753269454817,0,0,0.4171953965618336,2.907555719605284,2.654617873308297,0,6.833243766636706,0,0,6.612110139744615,0,0,4.250900828628488,8.333887742972802,7.61296920354015,0,7.306941978854908,0,0,2.84603690869384,0,0,0.02881131608282317,4.774523364399329,6.757092395919933,0,1.7418550062473912,0,0,4.796600842017249
0,1.7678674035735114,0,7.808214762669444,0,0,7.617782340079003,0,0,1.7041915387987885,4.572968311930829,9.61941079755993,0,0.502302658322229,0,0,8.557606103468604,0,0,2.7181433437134856,12.213762690140967,5.5213489440720736,0,7.662983765725045,0,0,2.417797579634467,0,0,10.113251189054413,9.408463575372245,12.721671973832645,0,15.930689933575344,0,0,4.7210034409079,0,0,8.609835549805933,4.259376255073356,3.7844197471990526,0,0.7703670865408156,0,0,5.309568105465168,0,0,0.6678674035735099,8.10642444302401,8.708214762669442,0,8.533242692232918,0,0,19.667458065322506,0,0,10.11941079755993,1.2889133662234329,2.497697341677771,0,15.556018751939831,0,0,9.805132372059397,0,0,9.921348944072076,13.931501629044586,15.36298376572504,0,14.755034844542987,0,0,15.80894080947235,0,0,16.42167197383264,17.30122069395136,18.430689933575344,0,17.4760344050704,0,0,3.764663130669568,0,0,6.884419747199054,7.407900069629562,4.470367086540811,0,9.410691353911282,0,0,7.758123561808141
0,15.238655295467474,0,0.5698216212884475,0,0,1.0263191932670637,0,0,8.112617662035248,9.94491282507807,6.076040384438514,0,5.4171291353397955,0,0,7.63415720560036,0,0,6.58565992905767,8.206748999294557,12.370057875511456,0,9.853352212498386,0,0,6.211736663211877,0,0,5.61402652148222,5.925415595990632,4.953432271760491,0,8.17174009336506,0,0,4.612226770478152,0,0,7.070341361583889,1.9688066402310866,6.593336104683047,0,4.661228633252403,0,0,5.592323935552056,0,0,14.838655295467476,6.8057330360808095,0.5698216212884475,0,7.360797550332094,0,0,12.567093369472854,0,0,6.576040384438514,13.54133343698841,6.617129135339795,0,6.983243423177157,0,0,3.8695596531448118,0,0,7.670057875511457,6.592901637466536,0.7466477875016153,0,2.145530085216233,0,0,14.042155005540963,0,0,8.35343227176049,12.571330187618738,10.371740093365055,0,6.692817568519185,0,0,8.992734584434718,0,0,9.29333610468305,14.777426811883274,8.061228633252401,0,6.273439393753499,0,0,10.47317974006691
0,1.239073790543607,0,6.81703382454679,0,0,1.4771083972401016,0,0,11.573254919333923,4.102741498775956,14.405849760966191,0,9.33334536611899,0,0,5.327316359558576,0,0,2.875140246209618,4.720105404033951,5.700833835898237,0,12.506082646226325,0,0,6.343085140842497,0,0,13.233177443580907,6.686451822745074,0.6202820331245782,0,8.381734329982667,0,0,1.712858599316128,0,0,2.125017292666122,14.79351086142809,9.464124359813557,0,13.529647925982935,0,0,0.968940533945144,0,0,2.1390737905436055,3.0683337767895367,6.31703382454679,0,4.971860445242861,0,0,6.194613628287144,0,0,15.505849760966193,2.972074880346419,7.233345366118989,0,9.83507905253191,0,0,0.8329198589328186,0,0,0.2991661641017629,0.7590053632392788,1.4060826462263272,0,5.203256934549891,0,0,10.122922467962873,0,0,4.120282033124578,12.076471676468682,10.781734329982665,0,11.287102979325496,0,0,2.3456286963772612,0,0,13.164124359813552,10.865780096376255,17.72964792598294,0,6.315131057115025,0,0,4.743973916110214
0,0.34935725370472426,0,2.4834435891436897,0,0,1.1629183401810224,0,0,5.54651073674917,8.83071611974751,4.149679756307101,0,8.377939350337364,0,0,4.015549869589108,0,0,7.130808581530552,10.325821203008811,0.4007225559592449,0,0.9242749773903434,0,0,10.43695353049657,0,0,0.32752617893241265,10.290327474813843,9.652580617399384,0,4.31171933949263,0,0,1.5107860689710222,0,0,1.7824675948793853,1.253194841022868,5.283670384589232,0,2.1104975565978776,0,0,0.25162043047601657,0,0,0.14935725370472852,5.593341980534255,2.6834435891436854,0,9.808888434278451,0,0,10.562418586293727,0,0,4.749679756307103,8.82021052125252,9.077939350337367,0,3.2058837259834867,0,0,8.507225106338417,0,0,4.200722555959246,12.164301386905304,9.224274977390344,0,5.7761216503022474,0,0,4.623659785148202,0,0,13.352580617399386,9.024874313052287,7.0117193394926325,0,10.482248267515931,0,0,7.802776831566412,0,0,8.583670384589237,12.984445647577289,6.010497556597876,0,2.8150368755731563,0,0,1.2188317952016732
0,3.7795661331687356,0,0,0.011411009807090977,0,5.027627699513246,11.758969797113394,0,0,11.303879925676995,7.679542604598943,0,0,8.768371227501426,0,9.433954244162067,2.1351627491699823,0,0,10.79806203454752,1.5660133173581237,0,0,9.766068673630745,0,5.332238502765783,0.0705382997676054,0,0,7.662775111420167,5.740748702812759,0,0,8.78229712037962,0,5.278956185053012,0.9414134645401191,0,0,9.001065736334553,4.894981871554521,0,0,3.127970876953526,0,9.05204926234492,4.774040872148255,0,0,4.573401480341474,7.48810394000531,0,0,4.027627699513246,0,6.128758207832533,9.519190733885672,0,0,0.034417154697287344,12.106432326508092,0,0,9.533954244162064,0,0.5581657430690967,0.6904269710679962,0,0,7.41761550573073,3.3741660867912273,0,0,2.567761497234219,0,8.712383513919306,10.92480380885275,0,0,9.868340200335329,6.390360741919874,0,0,2.3789561850530134,0,3.1133699645029935,4.4928390810210885,0,0,6.583364832435258,14.31857962133456,0,0,13.952049262344918,0,6.548702980356872
0,2.5372936581743772,0,0,10.549710134324194,0,3.5520246668559707,3.6314077365912425,0,0,1.6389613073905878,2.8171856972886147,0,0,22.775411570367083,0,10.645125086232557,2.2181006424507217,0,0,13.375408750922748,14.541617951080966,0,0,19.71375983107031,0,13.281504771968567,8.16016529958674,0,0,3.887821252192648,0.9905418134826327,0,0,1.8225313424328853,0,0.7761575389631474,4.254591488284262,0,0,0.5405486499986907,2.3863155843842776,0,0,11.686465388852788,0,5.100372582718904,2.9507330965958403,0,0,3.668384916180976,14.371879104750903,0,0,2.652024666855972,0,11.660544717335952,13.407059951685149,0,0,6.156416514900933,2.7589686100194726,0,0,10.945125086232558,0,14.443035614614779,1.7766902668525617,0,0,9.304757234842544,4.878958085280868,0,0,5.181504771968566,0,6.349178801225925,2.0030788042058596,0,0,1.6218973410571422,4.175361658605706,0,0,3.976157538963143,0,0.3814068927369405,5.585537562055691,0,0,15.827638311683863,5.015308314905802,0,0,1.00037258271891,0,4.833465963050152
0,8.78792066634663,0,0,9.490820809675256,0,5.07471144878928,0.24702067020253082,0,0,1.638427809376843,4.326717316125283,0,0,11.608589271408956,0,11.715883151524796,6.85824726569744,0,0,3.5124661646570168,11.338241517215359,0,0,10.821791005954012,0,3.856370114657153,5.174140793282984,0,0,7.514107512455766,8.169308411851642,0,0,11.014177597789022,0,3.640849769285147,9.866600332253999,0,0,0.4058441125689285,8.77116227389378,0,0,0.558781008090314,0,2.289732402731346,2.4444438788635097,0,0,0.6888004225705799,10.657155898698505,0,0,4.174711448789282,0,6.163561646300536,21.469181419451004,0,0,15.114224916512534,6.8102984795871215,0,0,11.715883151524796,0,14.896669775151953,3.000855232127435,0,0,4.214162857933445,12.198671288112202,0,0,3.2436298853428482,0,0.7104940694131301,5.744768457135308,0,0,8.11641160620103,4.144818771726101,0,0,0.0408497692851455,0,12.390453080772001,6.886926500656813,0,0,1.3753107106067404,7.490661547126223,0,0,7.089732402731343,0,12.921179303768277
0,4.8862212571346575,0,0,21.816244564316044,0,6.541999470328427,9.610781396528488,0,0,6.762493592341755,3.162794715656176,0,0,8.042952160754034,0,0.4184559547941511,10.967852492233021,0,0,10.647952201932728,4.227528364777452,0,0,9.602669480582989,0,1.4122236199820009,0.36941563994681914,0,0,2.626592676380376,7.234876419016732,0,0,5.067326221493104,0,4.888973140239656,2.192871177641159,0,0,1.134493085591913,3.194245382109152,0,0,0.6347391318459046,0,1.0371852183170986,9.674187139726143,0,0,4.980321933159139,0.4758887281676607,0,0,7.441999470328426,0,8.197824329613674,3.88831221929496,0,0,5.9117255311940795,0.957574285870578,0,0,0.38154404520584606,0,16.02899673492585,10.791594528860337,0,0,5.0512233250147425,13.103202489177942,0,0,6.287776380017998,0,0.9503261878052207,4.230075391424229,0,0,0.8773544009065404,7.617032212368553,0,0,1.5889731402396592,0,3.6679662968775517,5.045597388126097,0,0,2.211300925974875,2.996003311110883,0,0,6.337185218317096,0,9.24050751400101
0,10.00999626485941,0,0,3.035920857988579,0,7.776277920661265,2.9926718250825246,0,0,12.289045958047343,20.04806567630488,0,0,3.6267199024005237,0,0.583843275928345,1.52295140086553,0,0,23.26540176131782,4.242978137981172,0,0,0.7941256172363218,0,6.906852844350144,5.767951195484589,0,0,2.5415210647085544,5.062291964513413,0,0,6.6635841731123655,0,8.870359539302694,6.475562778865196,0,0,1.4130087063298902,5.860702308666596,0,0,6.649304227732543,0,1.8410264131264356,4.60551874678832,0,0,4.266324099645281,6.908851899080204,0,0,8.776277920661265,0,13.326119262963253,3.3069593676801503,0,0,5.7721294484507055,6.552851144912424,0,0,0.28384327592834424,0,2.098996470547693,4.930530312996602,0,0,3.324447421349767,6.96974530950558,0,0,0.10685284435014353,0,3.550973429795821,6.785247899765849,0,0,7.4660552918875425,12.472138239144307,0,0,12.57035953930269,0,13.821813456223744,10.424251440420875,0,0,10.467036159259315,9.707187937597162,0,0,7.341026413126436,0,7.624501054067046
0,6.391485821491251,0,0,2.2203986390039887,6.784365461918021,0,4.51351723567155,0,0,1.0107326751728891,3.723216140641391,0,0,0.7984740889695274,7.1834235950511705,0,3.6394291823678664,0,0,0.7381283477627427,7.23203349676179,0,0,1.1085960511535013,15.302058542462618,0,2.650255412638572,0,0,4.4383043574509955,3.2981151670896693,0,0,4.659819739711825,3.1909342269918035,0,5.998875223777759,0,0,0.5057075261390409,2.3953561299241244,0,0,8.183469488529695,0.21639826259125527,0,2.182584831657394,0,0,7.06659078759224,2.75218988073528,0,0,5.846729035320138,5.313517235671554,0,11.394828201563094,0,0,4.00444294597704,5.668315285672374,0,0,5.7758071475123,4.339429182367866,0,4.968657489895524,0,0,3.0871496740059037,1.797710129174824,0,0,1.3669150898248894,3.449744587361426,0,4.548439484304506,0,0,2.3477277067149416,0.29936008387618074,0,0,4.019050531475877,2.5988752237777604,0,1.118138224409492,0,0,8.512593380130518,3.8118632164777253,0,0,4.176160867541263,3.9174151683426004,0
0,8.990036556369859,0,0,9.159032527934862,6.051106438642378,0,10.31120934792137,0,0,4.088156129386434,1.8354832456937658,0,0,1.8446804157193277,3.878675124934162,0,6.196076389325238,0,0,14.093344523593764,0.7103585568497337,0,0,11.34278399725395,5.107781132970789,0,0.7246119704893488,0,0,2.4510471348244707,2.622004211084217,0,0,1.4551518132829528,0.8634517496116132,0,4.228435187188282,0,0,5.039394306558506,3.8344396851927414,0,0,3.703323942612819,3.1585128245404306,0,10.970988924682125,0,0,4.59731110694851,5.008427292834469,0,0,1.3180625940398087,9.911209347921371,0,1.0836772027244592,0,0,6.497979706163697,1.3531582289252384,0,0,16.823627277209667,5.296076389325236,0,4.739181303177329,0,0,0.811553686636536,13.147712299268587,0,0,0.3429268049875276,6.624611970489347,0,7.474757654444016,0,0,2.501265042441375,8.464570735732384,0,0,2.2891413418561797,8.12843518718828,0,11.288853206806241,0,0,6.610847877269535,4.584779851251874,0,0,3.6036378872625363,17.17098892468212,0
0,10.46251514257063,0,0,1.7706813962403558,6.265403695881865,0,3.6522446200599745,0,0,6.347380688175491,2.2197925536073555,0,0,1.6678599520998674,7.03143678317981,0,2.5998446095405576,0,0,9.29443678312077,12.715377354273322,0,0,5.397612301551597,7.315636606451481,0,2.126195792088925,0,0,1.8182863138142409,0.998964601383129,0,0,8.620952538380696,8.571691145729837,0,4.50533426928974,0,0,11.421440352930858,7.626295685469209,0,0,4.797698556589218,11.724176036215482,0,7.582871752371151,0,0,2.2272800795538785,13.068802420560242,0,0,6.0539036757436335,3.052244620059973,0,7.395572550279198,0,0,2.857023781705557,0.4952540558748879,0,0,10.473979952372808,2.0998446095405576,0,0.7417715915278968,0,0,6.105543485169768,0.656464711850731,0,0,5.891080625689725,3.6738042079110755,0,5.968605361687182,0,0,12.152982758447564,12.192636121999957,0,0,9.774643245790717,7.705334269289736,0,1.0798500119686878,0,0,10.83256290946305,3.9561034666786057,0,0,5.802761611193667,12.282871752371154,0
0,2.7138428969202053,0,0,1.7158728043579998,4.129319940913085,0,0.28671178666157004,0,0,1.9462100620361227,9.515456016217776,0,0,6.431962524040415,5.166972937622884,0,2.123811831761305,0,0,4.971469858154105,5.123145194018726,0,0,10.618492780461292,14.507220857292449,0,10.30727879276143,0,0,1.7451388750858499,0.09693107054756922,0,0,6.0567204278973,3.2706139380308343,0,2.7108117437162917,0,0,2.5036648473683556,4.5785617174795235,0,0,10.892523313295506,0.1364422983179665,0,12.273575647690603,0,0,2.125413536596291,4.059685425361785,0,0,5.382803668384959,1.28671178666157,0,7.6234154514317325,0,0,0.505794141141223,14.75899863455978,0,0,17.852021745365125,1.7238118317613065,0,10.898116111202018,0,0,2.2195580783504987,0.988139534448738,0,0,3.7161560046687363,3.80727879276143,0,0.7132664147811916,0,0,7.709072193963237,4.073760883405342,0,0,10.716278373234374,6.510811743716296,0,13.664165603190835,0,0,2.8119511369114534,11.13203958164609,0,0,14.286905324691894,16.273575647690603,0
0,9.528940905226378,0,0,1.4785358346205015,5.2778579064240745,0,1.5067334005997637,0,0,5.595286406411468,2.020851518816876,0,0,6.261373113352732,2.197499238679864,0,4.663668078395968,0,0,10.555686927029033,10.945794514369801,0,0,14.679111212879011,11.07276215672573,0,10.770184735231073,0,0,21.961112229037806,3.607665844856001,0,0,1.4229128562172662,2.6344564965953268,0,3.5708606330591337,0,0,2.6181141675141717,2.9098168430393514,0,0,1.5339145952028943,1.5805235340660104,0,0.2707096704017431,0,0,4.440643314918923,1.1266227755973404,0,0,2.611047377609985,1.3067334005997608,0,2.4924448241850286,0,0,5.055183686526455,7.086649651000549,0,0,5.097186690819068,5.663668078395968,0,5.995230335939368,0,0,9.168823879701378,1.8883108977706264,0,0,11.547213486640754,5.770184735231073,0,7.280754625307296,0,0,1.1482285845967226,0.0780098551897126,0,0,4.375705692407834,6.770860633059129,0,0.749868756151983,0,0,3.8884227617084477,5.411754850312384,0,0,2.168031164738075,3.6292903295982626,0
0,6.393418956314356,1.2376422181565303,0,0,2.460439279454981,0,0,5.113148187846448,0,3.8167287318222236,6.677193155402264,3.694576152629594,0,0,1.6943684276169257,0,0,1.958342079871528,0,2.6481833612864207,12.340123061572527,10.88446785003951,0,0,4.913903683248371,0,0,3.647734046888644,0,0.02726042745437951,0.6578768725100588,3.978845097706987,0,0,6.350211145988595,0,0,5.2867559828842445,0,6.079298564408916,4.915727444481114,0.0372255587444954,0,0,0.6770390376541826,0,0,0.585275937337741,0,0.3376422181565317,6.278954290836779,2.954622703627429,0,0,12.02038137526992,0,0,3.8167287318222236,0,3.994576152629598,0.49670542906142856,0.012595406493524308,0,0,5.802094639489006,0,0,1.7518166387135778,0,3.284467850039512,10.435578570563777,0.8979448013078013,0,0,3.7632824971300636,0,0,3.0272604274543795,0,6.67884509770699,5.259196773127179,9.031891154178538,0,0,1.2151563811337738,0,0,3.17929856440891,0,3.362774441255503,7.593210984591622,9.689714924631083,0,0,2.7198183000348877,0
0,7.408118437343809,0.26254873190430317,0,0,4.434028767878317,0,0,19.929462009203284,0,3.279291867390704,3.2169102958343103,8.173599296998653,0,0,6.718151704760295,0,0,4.157619739430849,0,3.1511963806855476,11.122640989346671,6.832823599494169,0,0,6.764150077743594,0,0,14.424470749361404,0,8.586736366159442,5.54851519704679,0.4571873179776489,0,0,1.780331355620305,0,0,5.957707746122281,0,5.108062427146052,8.100012977663425,10.338103457093244,0,0,1.0631997541052627,0,0,11.250994710386507,0,0.1374512680956954,6.04093387813365,2.956253233620018,0,0,7.297855014611649,0,0,3.079291867390701,0,8.573599296998651,5.524179334054214,9.96884453812729,0,0,3.7906693734100116,0,0,0.9488036193144467,0,0.06717640050582929,1.8230817343119412,7.259201815346678,0,0,2.7091631816542687,0,0,6.486736366159441,0,1.5428126820223511,6.00742116788193,6.656596379927095,0,0,2.3518315959722287,0,0,2.608062427146052,0,13.538103457093246,0.24701356386806594,1.5045401390261972,0,0,8.609742404953288,0
0,1.8140043844773928,2.459513576226122,0,0,1.7074136861271754,0,0,4.374125415454245,0,1.5367913503879649,1.9112833581275979,5.804973755176562,0,0,0.9884376158249566,0,0,9.475556684908124,0,7.42358764454773,6.657796938572311,1.4753435917515851,0,0,4.648422550077129,0,0,1.9656543528622592,0,0.14887934014934956,1.6736259171418055,0.6498210071231654,0,0,2.249242199609867,0,0,0.7255791262618558,0,2.158302483809692,6.951870028386146,0.2670763940332179,0,0,1.20115228047937,0,0,5.634346574346104,0,2.7595135762261194,0.09463764562401877,2.4713518269782497,0,0,14.972120990413778,0,0,1.336791350387962,0,6.004973755176557,7.6950219223303264,11.931983189514582,0,0,11.225776529852467,0,0,2.9235876445477302,0,9.375343591751584,3.8218667427704602,9.532061347286117,0,0,4.469671499494261,0,0,1.9511206598506448,0,1.950178992876829,4.6796342401480615,4.810806065293491,0,0,6.62527359195942,0,0,5.0583024838096975,0,3.567076394033215,7.54939515985415,10.99607842141733,0,0,10.090307121539944,0
0,7.627131639567985,14.911167741200408,0,0,2.1313685605877595,0,0,10.407137159479262,0,14.699022985420285,3.6380548923680323,4.024842396058048,0,0,5.148196073479429,0,0,2.2082540200782574,0,1.407794850681114,15.01761421309699,0.18298491769695602,0,0,4.195467430176233,0,0,6.962023348359544,0,6.720238951159708,4.636974628142163,8.760254965517646,0,0,4.168031569735618,0,0,11.279360272780874,0,4.549306754697682,9.296629658966268,10.542966685211901,0,0,3.2745522997323206,0,0,0.09830296979043851,0,15.01116774120041,1.5171654772362473,3.3261279301283793,0,0,4.295782708481042,0,0,15.49902298542029,0,5.024842396058048,4.138795379773654,8.913837192535855,0,0,1.0749147592726658,0,0,7.607794850681117,0,6.517015082303047,0.28342846788830656,4.023903178820731,0,0,3.7130793929986297,0,0,4.420238951159703,0,11.060254965517643,13.199973860677556,3.9837499579266975,0,0,7.5223664754721185,0,0,7.149306754697683,0,13.642966685211903,14.874633293803157,12.297402540720775,0,0,10.098496291739835,0
0,5.08702731789446,0.4647758405159408,0,0,4.826291762270685,0,0,10.14442508904488,0,1.9969501955803466,3.286283199591608,5.3409097267395325,0,0,12.775092081951914,0,0,2.8383303360364174,0,13.211375227160136,5.233880704249842,12.842188811832909,0,0,8.358163214612908,0,0,3.0740979700095252,0,6.45127399926605,1.6893937139296682,3.292838418025088,0,0,2.8865891684929537,0,0,5.3130537978811745,0,0.30016772093474486,0.9096532198663922,0.3186533161120195,0,0,1.0682952273306867,0,0,0.6434712397219329,0,0.26477584051593794,1.0649882697217947,9.574530943751206,0,0,2.720806326121817,0,0,2.596950195580348,0,4.540909726739535,6.7998487553319436,4.276098335944951,0,0,2.849321109702423,0,0,7.411375227160136,0,3.6421888118329093,0.9085477298347158,10.021589474696722,0,0,4.942459311068049,0,0,4.051273999266051,0,5.592838418025085,0.40429216619641295,8.840470810773645,0,0,4.988445038250333,0,0,3.100167720934742,0,3.081346683887986,0.4779466427168515,1.3875911674648833,0,0,2.2135176798528846,0
0,5.174316937397911,3.602601794962183,0,0,5.124262379465122,0,11.184699908164681,0,0,0,0.8927230967674333,2.7026866084210113,0,0,0.4939169192745787,0,4.129196026612789,0,0,0,0.8307934304100755,2.531304794479219,0,0,2.344541771016562,0,2.067281979372627,0,0,0,8.720229450448564,1.9478898936914675,0,0,1.6951249275079334,0,9.58153162639556,0,0,0,1.5980325660596364,9.276406783873345,0,0,4.221396542699878,0,9.142667225137316,0,0,0,6.335827980776152,2.4855709320063966,0,0,10.284699908164683,0,0.55071222843047,0,0,0,0.9791046776961494,9.128860189056041,0,0,11.129196026612789,0,2.92544223556537,0,0,0,10.736058138924086,9.406480566044113,0,0,5.167281979372628,0,4.58650726199641,0,0,0,2.4878121016839785,14.551140621717213,0,0,6.681531626395561,0,7.489700658598387,0,0,0,0.11412985389095098,3.847104438643008,0,0,12.342667225137319,0
0,11.291254829817085,8.987656662277075,0,0,5.088790762901411,0,1.7520727396731104,0,0,0,12.731073813366265,4.448356936555953,0,0,6.149486322441014,0,7.247784076924312,0,0,0,1.5882651362735416,1.0626511005118786,0,0,2.721557467343839,0,6.56500802780808,0,0,0,11.634910960536718,7.746989253156457,0,0,9.959917628254267,0,0.5695829323218433,0,0,0,13.19253680037233,0.9250014915746405,0,0,0.11718643082636504,0,5.29123478588609,0,0,0,4.430795561536712,1.641342550575061,0,0,1.0520727396731147,0,0.44871168597835975,0,0,0,1.7355649092037666,4.851714104289631,0,0,6.052215923075686,0,7.33808359900139,0,0,0,8.40038727310635,10.09498781837361,0,0,9.865008027808084,0,7.620404861141832,0,0,0,10.069038930262625,6.46971910751342,0,0,3.0695829323218433,0,1.2962413709274117,0,0,0,0.5236063756613873,10.892964731785,0,0,1.8912347858860912,0
0,9.025820088612601,6.935943248541562,0,0,3.6670028293759955,0,2.276071837772953,0,0,0,1.641428558640655,14.408717240448517,0,0,7.7436268673618756,0,2.9512536693145393,0,0,0,3.708520057593592,5.65145634689538,0,0,0.7503778516968396,0,5.886981923972485,0,0,0,3.0505319761950567,2.2584355281894375,0,0,4.736401093753514,0,12.485330168732634,0,0,0,11.774278060111811,4.984826286368602,0,0,3.616431873313992,0,0.5714520202073103,0,0,0,7.174708096876223,9.250422838297837,0,0,0.976071837772956,0,6.719847199329948,0,0,0,1.0994022716453387,7.7039101064730175,0,0,13.851253669314538,0,4.684216429555523,0,0,0,8.167183521928376,7.566103208787144,0,0,3.2869819239724833,0,2.235270827732606,0,0,0,6.858005642579926,4.849702610136838,0,0,14.585330168732636,0,3.83656369345713,0,0,0,2.763613673884784,4.672062593889642,0,0,4.271452020207313,0
0,10.31037812682331,1.1068169337330644,0,0,11.759519897975622,0,14.40969849803098,0,0,0,0.799916284201089,3.17027219291451,0,0,3.9777706286273293,0,13.97530690504335,0,0,0,6.8242140542021446,0.23309006508110386,0,0,1.8895427425389961,0,1.7712837514573394,0,0,0,1.6652774169561582,4.235324252748395,0,0,0.216497485275724,0,19.593728683826384,0,0,0,5.267775252508038,12.395669350324994,0,0,4.950269349689087,0,6.662692495797671,0,0,0,7.780040830192711,3.78185639000845,0,0,12.809698498030986,0,2.576205744365282,0,0,0,4.210721783821086,3.636768531884801,0,0,1.0753069050433481,0,6.717806568171941,0,0,0,8.660857395539793,7.271720398677786,0,0,1.2287162485426606,0,2.5699571242731096,0,0,0,2.4224983384770837,5.784810088939061,0,0,21.89372868382639,0,5.916166729890662,0,0,0,7.170818445183528,12.343400826442657,0,0,10.562692495797677,0
0,5.012540889171028,3.297402652936995,0,0,1.6314567011678704,0,11.068999721236182,0,0,0,6.243000825633608,3.1050216023881703,0,0,13.247068695914454,0,6.347571516239434,0,0,0,6.245108202237688,4.1485115140663,0,0,2.9653257436931284,0,11.307740709925426,0,0,0,3.834297999232362,3.494960892686997,0,0,6.185908572651378,0,4.343790896642972,0,0,0,0.417403251484032,7.252008467071541,0,0,8.470844604845198,0,1.6125777648534836,0,0,0,11.984954269300765,0.46147184948237907,0,0,13.368999721236179,0,7.659006545954689,0,0,0,14.120234987795609,4.502879844452959,0,0,3.452428483760567,0,0.020921951981947018,0,0,0,1.4214332575978688,2.902757483345283,0,0,8.007740709925429,0,13.153121159983662,0,0,0,19.126633390605157,4.641205349289727,0,0,5.943790896642973,0,4.756459431241318,0,0,0,6.584741694388633,3.3094180691184505,0,0,5.112577764853484,0
0,1.8160888961395258,5.347143515233135,0,10.03711903856545,0,8.111225701814412,0,11.80229309538607,0,0,19.99688642301101,4.818378821446153,0,5.595845032896474,0,2.4030809179028694,0,5.179263273498847,0,0,0.4026006037011385,3.3583605969018144,0,1.7484473075919382,0,3.819931459266055,0,2.9236612045072974,0,0,9.128911192723344,0.17371221511703538,0,5.708891388539541,0,0.6081956408808082,0,5.14948910555367,0,0,11.345457726350489,3.7694961192128034,0,7.625247918872333,0,1.4430078791853376,0,6.200395864842527,0,0,5.707215310714787,9.03711903856545,0,9.111225701814412,0,10.40229309538607,0,4.544536624630204,0,0,3.117365970507983,3.795845032896473,0,3.3969190820971313,0,8.479263273498844,0,11.757251136093721,0,0,9.493351738240158,6.948447307591934,0,7.319931459266055,0,1.323661204507296,0,1.077334353003991,0,0,0.30359262396114417,2.7088913885395414,0,1.6081956408808082,0,3.949489105553667,0,8.417183458874199,0,0,5.006899879154865,4.825247918872336,0,4.343007879185336,0,2.8003958648425282
0,1.6866552292541854,18.925992975460442,0,1.1636989672453595,0,7.761468337053586,0,0.1535934776275738,0,0,4.89886794627796,8.875449022713177,0,24.324825013982945,0,9.314012935384465,0,3.6115979139993115,0,0,0.5372967264402888,1.1424835998068303,0,3.675309435651009,0,2.144961975575505,0,2.557967239006288,0,0,2.567999175413327,1.337287640589068,0,2.759080209947477,0,10.12581893542805,0,7.202951684643224,0,0,3.1971516891161613,5.320527130594279,0,8.636604500980592,0,11.616625481780844,0,6.4017096749766225,0,0,0.5790692955209806,0.7363010327546391,0,6.061468337053583,0,2.2535934776275752,0,2.7547793010657884,0,0,7.396257575846583,26.224825013982944,0,5.414012935384463,0,1.5884020860006913,0,1.033085388789381,0,0,7.689235456234389,9.575309435651008,0,1.655038024424499,0,5.6579672390062825,0,3.4569119536771353,0,0,2.1831007779326654,5.159080209947476,0,8.525818935428049,0,8.302951684643226,0,0.9975216099811917,0,0,7.036076179069852,11.136604500980592,0,14.216625481780845,0,3.101709674976618
0,1.530167468898128,1.1665604465202435,0,0.6367199814041697,0,15.457985859916931,0,11.44310677370504,0,0,1.3811006989904087,9.536602049890043,0,13.150918258323895,0,3.9819029104545365,0,1.4970393075053856,0,0,0.8976924281693499,1.1573555988412139,0,0.9578203545987733,0,4.879414061568276,0,3.3527497711037313,0,0,9.542493106544875,18.96118628241915,0,0.007315122217363523,0,13.657506096755547,0,14.339206978603158,0,0,3.4526825654329514,1.6398351248119596,0,6.15196841350415,0,3.256574412868247,0,1.4741346695425932,0,0,13.071464727502189,1.936719981404174,0,14.257985859916928,0,13.043106773705034,0,8.314709162678362,0,0,8.091378288911997,14.850918258323894,0,0.11809708954546494,0,6.497039307505386,0,5.217459487326657,0,0,6.507284490273939,6.657820354598769,0,8.079414061568272,0,6.6527497711037284,0,8.420454556395207,0,0,7.2231870475362925,2.9926848777826365,0,11.357506096755543,0,16.139206978603156,0,11.33201073906033,0,0,6.575828757799215,8.351968413504153,0,5.656574412868245,0,4.174134669542596
0,2.2580448000256723,1.6593364546948948,0,4.848534767570257,0,0.17898931378054783,0,8.840674919302558,0,0,1.130432168547486,1.4628519237607023,0,13.082874813513541,0,21.283904539621062,0,2.7013490007251804,0,0,3.076316667068866,0.08181227929788548,0,2.3354355523036787,0,3.323280194316368,0,3.0560515031443245,0,0,21.20094728379876,7.762754099476396,0,10.898719413128902,0,0.782337687601192,0,4.692528017797663,0,0,6.349620642280193,4.694330133124581,0,2.823157409763482,0,13.868832556062536,0,8.04237920059542,0,0,1.9200416615993774,3.0485347675702528,0,1.521010686219455,0,6.8406749193025576,0,10.117774768191893,0,0,3.9771401842674905,11.182874813513543,0,14.68390453962106,0,6.801349000725175,0,5.146481010957345,0,0,7.705958869572257,4.56456444769632,0,1.176719805683632,0,5.956051503144323,0,12.671225582969985,0,0,5.306561689640098,10.198719413128906,0,2.017662312398812,0,6.49252801779766,0,6.075952562333896,0,0,5.349093170295696,0.32315740976348195,0,16.368832556062536,0,10.942379200595418
0,6.8802364703614245,7.011943426998101,0,12.521415917851591,0,15.828996320754317,0,8.162434162626283,0,0,13.71684421214568,18.00759235949846,0,13.389113623233726,0,13.698830028081389,0,6.424378887544705,0,0,3.609661056060858,0.9143192610015092,0,4.123863553597879,0,1.722257078193266,0,11.307191446634505,0,0,10.427069969002872,13.818722594420109,0,9.242390846554112,0,10.885131631097842,0,0.7900973395394928,0,0,2.3412016918696494,5.285328544539695,0,4.9668597182761545,0,0.32756898293574466,0,11.461313011059993,0,0,5.914161004640896,14.42141591785159,0,14.128996320754322,0,6.162434162626283,0,1.3900607050363192,0,0,1.9942379003298214,15.589113623233725,0,8.598830028081387,0,2.124378887544708,0,11.343889795362635,0,0,9.80961946635896,1.5761364464021241,0,6.122257078193265,0,14.507191446634508,0,0.2514141977372262,0,0,9.611685163718306,11.142390846554111,0,13.885131631097842,0,1.0099026604605115,0,5.052907306663855,0,0,3.682057755824218,2.866859718276153,0,2.3275689829357447,0,9.26131301105999
0,15.189865539208387,8.974885526005309,8.413241954206313,0,0,4.302916954936499,0,3.11271474989028,19.659955163158816,0,16.37751756307189,2.3714054335588983,9.796526227324389,0,0,20.530729792698207,0,3.611649420523591,1.9169246405566511,0,2.9857350046351456,6.469295788756369,3.7180977481881428,0,0,1.1567182024186522,0,10.686180002448836,0.537370179821103,0,0.32877964279338556,2.4111407609051696,1.198080132812251,0,0,0.5528937754856784,0,10.993363592703858,9.929266707172495,0,2.435815640635461,9.248757139564773,4.26856416307519,0,0,19.33457900229088,0,1.5096284506602942,11.489865539208392,0,11.21324195420631,2.8903784751453045,9.362363710147015,0,0,0.8127147498902829,0,1.3960003231180877,12.77751756307189,0,7.39652622732439,9.472849950761237,17.98441190169356,0,0,8.811649420523594,0,11.233202782978662,5.185735004635141,0,7.4180977481881385,0.37116270567341303,5.798358613185393,0,0,7.7861800024488375,0,10.681862151217455,2.5287796427933813,0,0.49808013281225527,15.644275756377528,3.0238054646376753,0,0,12.293363592703855,0,10.681934530637164,3.135815640635464,0,5.76856416307519,10.725734066372041,6.488851886713192,0,0,0.19037154933970868
0,3.035888908828575,5.738025439008808,4.41144440551048,0,0,4.273208731283454,0,3.7217079021455888,4.955285680609023,0,3.8458088764820744,8.789422596456014,6.793685259065882,0,0,20.770423619737223,0,15.0224458787443,0.2223091121549743,0,0.3588485927311922,8.603194453375622,4.290209818989098,0,0,5.714712081191784,0,1.386435258094565,5.139853305615411,0,8.43515269560281,5.6042565650459295,0.37104197038149067,0,0,9.178279231685313,0,8.575841170951708,0.07038148087569596,0,1.3781790080902496,4.55812431772987,13.148733603512724,0,0,1.7909233533787514,0,4.663535757712161,0.1358889088285693,0,1.6114444055104755,2.490818678122288,6.081834423740133,0,0,6.221707902145589,0,4.076851075165408,6.845808876482074,0,8.893685259065883,4.894061359936881,23.995392935678424,0,0,19.9224458787443,0,3.098904017941784,3.8411514072688036,0,0.9097901810108979,7.361354230076394,12.5318541904476,0,0,3.886435258094565,0,3.828372198004203,10.93515269560281,0,3.0710419703814864,11.986491102378345,21.658448405884666,0,0,10.075841170951708,0,1.5681459244199374,0.5781790080902454,0,14.448733603512729,15.191119324520383,18.473966879256473,0,0,5.963535757712165
0,4.13746397856508,0.17009301208980787,4.355515760771965,0,0,4.799280116656632,0,9.694420802517932,2.7743087370587247,0,3.1327248143621347,9.156969329300829,14.835913431298145,0,0,7.326590032880016,0,9.685004918261157,8.937050311262155,0,1.9728536615938737,5.471915815608483,4.857292642888609,0,0,3.9592472569355976,0,10.917729484818082,1.3625179571113364,0,9.885006347229233,7.426230702998893,8.509860171110809,0,0,10.21944221891766,0,1.8571232296715863,4.110585645872234,0,10.436356897627263,0.017427266492859417,1.125030839767092,0,0,11.11608007045389,0,2.368301623798388,0.7625360214349186,0,0.04448423922803357,4.826277018615606,15.039726817727754,0,0,5.894420802517928,0,13.639409603808648,1.567275185637861,0,11.135913431298142,2.746945591327986,10.547996775052013,0,0,7.2850049182611585,0,3.417532204172929,3.1271463384061278,0,3.142707357111391,2.7796779325704364,2.9262609088153297,0,0,13.617729484818078,0,0.8404825522307675,12.68500634722923,0,11.10986017111081,5.11991309262072,9.099168333749375,0,0,3.057123229671589,0,2.3483073620994475,10.736356897627267,0,2.2250308397670935,1.4731778895711756,1.0806014679027456,0,0,1.168301623798392
0,5.757291598962048,12.640019415693224,5.461878803153127,0,0,4.815855304902428,0,5.232219282001829,0.9055986914185539,0,5.552682629891088,23.224414304987416,7.2354475343576325,0,0,6.703392025873786,0,2.2794750441304927,3.8041468054512286,0,0.2702639087834271,2.2660604713862043,1.4644728847767254,0,0,5.738712381867757,0,5.252247946687902,7.058439415223532,0,7.968016210012763,9.038950889665735,7.669124231767924,0,0,5.9314756210075,0,9.037928232051392,2.207800691847865,0,8.53552665343772,7.019023985776343,3.564318868469911,0,0,7.607465755657479,0,8.599340764670842,2.7572915989620483,0,8.861878803153125,7.742148448467006,14.147005654110046,0,0,7.632219282001834,0,7.772037479204606,2.352682629891092,0,8.835447534357634,12.072233248285798,15.0828193448563,0,0,4.179475044130491,0,13.328262756296589,6.729736091216573,0,10.164472884776725,3.7428166269423144,0.15592501594716168,0,0,7.952247946687898,0,10.296178657412447,9.368016210012762,0,9.86912423176792,10.839874190028517,5.374552714833506,0,0,7.237928232051395,0,5.508550406854496,7.9355266534377265,0,3.6643188684699126,9.916328977090927,0.5869740968903727,0,0,8.49934076467084
0,0,0,0,0,0,0,0,0,0,0,0,0,0,0,0,0,0,0,0,0,0,0,0,0,0,0,0,0,0,0,0,0,0,0,0,0,0,0,0,0,0,0,0,0,0,0,0,0,0,0,0,0,0,0,0,0,0,0,0,0,0,0,0,0,0,0,0,0,0,0,0,0,0,0,0,0,0,0,0,0,0,0,0,0,0,0,0,0,0,0,0,0,0,0,0,0
