0,8.439897616274237,4.082907331639923,5.2515350544044,5.048110960268403,3.570311270998225,0.5641723147473456,3.3660626887018523,12.385619387165814,0.3602004664659759,0.8881115403444753,3.0697215460554546,7.069234460672455,2.4187417453526265,0.3204825949022805,1.4822437185678403,6.760940000136571,0.823253699124411,8.163869319106507,12.801748777231694,4.1168030926405805,3.4013000520802663,5.748130619342618,8.952461292275181,2.9484924751378614,4.838015445618424,13.45016441561491,0.9001431235735282,9.979335170347884,8.743568874719937,2.4143730377365458,0,0,3.961128810738032,1.0957933070117818,0,2.2074033073287325,3.5280508898882275,2.71336481847851,3.0560548172347524,4.680521156585705,4.249921295383011,8.203968413399132,0.2135177528522263,1.3264838024268144,3.445829295933102,0.1896630452645951,9.17406559262185,0.12937299768515942,9.939897616274237,3.082907331639923,4.351535054404394,6.148110960268404,2.6703112709982264,1.3641723147473428,2.6660626887018566,12.985619387165809,0.8602004664659759,0.4881115403444767,2.7697215460554574,6.969234460672453,2.218741745352631,0.2204825949022826,2.8822437185678424,7.560940000136572,1.676746300875589,3.16386931910651,8.201748777231693,0.6168030926405805,1.3986999479197308,0.24813061934261782,1.2524612922751786,5.65150752486214,2.1619845543815757,7.950164415614907,4.099856876426472,5.579335170347882,4.543568874719938,0.9856269622634528,0,0,6.461128810738032,1.604206692988214,0,5.507403307328737,6.928050889888226,5.613364818478509,5.456054817234751,7.280521156585706,1.5499212953830082,11.10396841339913,3.3135177528522277,4.426483802426816,0.6458292959330976,2.9103369547354063,12.274065592621852,3.3706270023148406
0,6.184961953985031,4.1333858842990665,8.3578672926946,12.102962722733615,5.514525448983626,0.9057142666854148,3.2501649456603943,5.920322453647039,10.440737362117432,4.646898666343915,6.382063100354749,12.427973894953901,6.939144232228109,3.1350885980345886,7.125735033805761,10.956200472447257,4.15832251552888,3.8170293735492464,9.296584697224084,2.1057899112765455,3.075132309208783,0,0,0,6.647413113657567,0,0,0,0,1.9886839455243575,5.94071780303392,3.572729089552716,7.656911566922929,9.481280115989144,0,2.2707749894677107,0.13682468113385937,3.9898442790549993,4.162139617552818,1.358311577600638,5.254180896701385,6.635108721724009,1.1353687553760565,9.704547410437726,0.2635787282748723,1.9259984528750138,7.649163216859154,9.343130863657905,4.384961953985034,2.733385884299068,7.257867292694598,10.902962722733612,4.414525448983625,2.005714266685416,4.250164945660394,5.120322453647034,9.740737362117429,5.246898666343917,6.082063100354745,12.8279738949539,6.439144232228109,2.8350885980345915,7.925735033805758,11.256200472447254,6.558322515528879,8.317029373549246,14.49658469722408,6.705789911276543,1.924867690791217,0,0,0,12.747413113657569,0,0,0,0,5.18868394552436,9.240717803033917,6.672729089552718,10.456911566922926,12.28128011598914,0,5.170774989467716,3.836824681133855,1.0898442790550007,6.362139617552813,3.7583115776006366,7.754180896701385,9.535108721724008,4.1353687553760565,12.40454741043773,2.336421271725129,4.725998452875018,10.649163216859154,12.443130863657906
0,4.218700543230831,4.697345622931216,0.022700306183367047,13.055068543382866,3.2844351154627134,3.341957006772489,2.7670882678605793,8.238662926912184,7.393713328603113,1.4638999022722814,6.840859671995567,0.6768589161031002,0.11504567181352598,0.5092374307390166,5.787321535591161,11.48783014972145,4.172340924830177,5.541709827906164,2.9169642746742603,0,0,4.572763734493684,0,0,4.964936160125884,1.3695168396844295,0.3932209297304823,1.3505178494344676,0.7900115206789451,1.1154551108244561,2.4138545094984494,2.7791757382830014,5.02062630669559,5.584159541601135,3.990768718883885,2.201712208978627,2.740801219778959,7.222890475966828,3.9632269091128265,2.250212406461536,6.5100198465195405,3.630551900204182,6.159855092741239,0.28512120078494263,5.4817440367080295,2.7661197581264076,1.2704654870888987,2.4794136069123596,2.5187005432308283,6.197345622931216,1.3227003061833713,14.255068543382869,2.2844351154627134,4.241957006772495,3.5670882678605835,7.638662926912183,6.893713328603113,1.9638999022722814,6.640859671995564,0.4768589161031045,0.41504567181353025,0.7092374307390159,3.8873215355911626,10.98783014972145,1.672340924830177,10.641709827906162,3.483035725325742,0,0,0.8272362655063148,0,0,10.664936160125883,5.669516839684427,4.493220929730484,5.550517849434463,4.990011520678941,4.615455110824456,5.213854509498454,5.5791757382829985,7.620626306695591,8.784159541601138,7.190768718883881,0.8982877910213745,6.040801219778963,10.122890475966827,6.4632269091128265,0.4497875935384599,9.210019846519536,6.5305519002041805,8.959855092741236,2.614878799215056,8.381744036708028,0.4338802418735952,4.670465487088897,1.2205863930876433
0,0.27326079323373875,4.680594239175825,7.005116396877195,4.557551668919231,0.7326302662213706,7.465253581843406,3.1432403022344744,1.4281078813327568,3.1649439784600517,7.6375021529326474,10.516946395046546,1.5165454462862726,6.455155882605773,3.0300818377786563,1.2097295752793222,2.3799847131002245,3.2231753787309643,3.4211315096411887,1.247525117401569,5.855005139373773,0.5149479636136505,0,0,0,1.6872803862956083,0,0,0,0,0,9.695006678844972,6.652974333940207,4.349340406681023,6.534985738629253,0,4.745752781495781,3.5806429005529594,2.9149556699937946,7.23622034455088,8.648129874552666,4.388923112433723,3.009289680035039,0.6894743394879015,1.5821252385316598,0.17973665126545058,5.329142785486447,5.270067295905768,4.081959572924383,2.373260793233733,2.880594239175828,8.605116396877197,3.0575516689192312,2.1326302662213763,8.76525358184341,1.9432403022344715,0.32810788133275537,2.0649439784600574,6.6375021529326474,11.416946395046544,0.7165454462862755,6.855155882605779,3.4300818377786584,1.4097295752793215,1.8799847131002245,7.0231753787309685,9.82113150964119,9.247525117401569,12.955005139373775,7.114947963613652,0,0,0,6.687280386295608,0,0,0,0,0,11.99500667884497,9.052974333940206,7.649340406681027,9.534985738629253,0,7.845752781495783,6.980642900552958,5.914955669993795,4.836220344550881,11.248129874552667,6.988923112433724,5.709289680035042,3.4894743394879058,4.282125238531663,2.420263348734551,8.02914278548645,7.970067295905771,7.181959572924384
0,6.6105669313850655,6.254317800551426,8.939754395184075,2.511985067573825,0.3058518793999667,9.646438710211669,5.124139635437253,2.921273999723631,4.202195798024512,0.7407919771332487,0.3572012469133625,3.622460352403415,0.6805117636698057,1.3297405016935926,3.293435581880871,7.600115021800846,8.97034712996114,4.80331765523254,10.772002155342708,1.2135136120641654,0,3.9752080107474868,3.1882549219095964,2.020362221428119,0,0.6250701265515275,3.074392645011841,3.632746467609202,2.654798121854661,2.665793776212773,7.401349749218351,6.29514277370486,6.764723046483379,6.525116374660151,6.549056474121706,0,7.717666017741482,6.5546325733762245,1.7989962929263825,2.6339246701360466,2.941242474036848,4.909673397904413,2.6459234720531057,2.5877654970252237,0.15126268843135904,3.4047020658017146,8.964856400799313,2.0977054966553794,4.1105669313850655,8.354317800551428,10.83975439518408,0.6119850675738263,2.2058518793999653,7.74643871021167,3.224139635437254,1.2212739997236284,2.702195798024512,0.7592080228667513,1.757201246913361,2.322460352403418,1.48051176366981,0.8297405016935926,2.093435581880872,7.3001150218008455,7.470347129961141,1.80331765523254,15.072002155342709,4.486486387935834,0,2.8247919892525175,3.711745078090402,4.67963777857188,0,3.974929873448467,7.174392645011842,7.432746467609199,6.55479812185466,5.565793776212772,9.701349749218348,8.995142773704863,9.464723046483375,9.02511637466015,9.249056474121709,0,10.817666017741477,9.354632573376222,0.6010037070736161,5.033924670136052,0.3412424740368536,7.70967339790441,0.25407652794689284,5.587765497025224,3.151262688431359,0.3047020658017132,12.164856400799316,1.3022945033446192
0,11.021667375336001,5.145870000957217,5.775402298155072,4.403912102050683,2.6025923734810235,4.212633311567657,4.882521844322248,0.7094394649535545,9.778684456861924,2.56093020020419,10.507818886672439,3.93265815404024,1.3105126372305378,3.2165017579363706,0.5409511738747916,6.259478296837479,2.8248780850948556,2.3818420751044656,0.037661829729728424,2.6320648868517615,5.15143792754597,0,0,0,5.257195128415248,0,0,0,0,0,7.517840029456924,4.969425023063799,8.431165767429391,5.30844874343078,0,2.066613174680974,7.717529963699139,1.971963850771587,4.196838069841313,0.8037541833206987,0.7533335112313821,10.307285879801185,0.8220409176424042,1.0304546619683421,0.65926393641152,8.84605704248795,0.5372390180891173,1.707978591066471,8.221667375336004,2.7458700009572183,3.575402298155069,2.4039121020506826,0.7025923734810178,2.2126333115676573,2.9825218443222496,2.40943946495355,8.278684456861924,1.06093020020419,9.207818886672435,2.5326581540402415,3.310512637230538,3.316501757936372,2.2409511738747945,5.759478296837479,0.6248780850948528,2.018157924895533,6.262338170270272,4.367935113148242,2.148562072454027,0,0,0,0.9571951284152505,0,0,0,0,0,9.81784002945692,7.469425023063799,11.731165767429388,8.608448743430785,0,5.166613174680975,11.017529963699143,4.771963850771591,6.596838069841311,3.2037541833206973,3.1533335112313807,12.907285879801186,3.522040917642407,1.6695453380316607,2.040736063588483,11.646057042487953,3.437239018089116,4.8079785910664725
0,0.7925592780280013,4.526902079873274,0.602505454517626,2.253082970143808,3.7125955258780365,0.9010927529859529,5.304643888751201,0.6061084331835289,6.563810632944126,13.320941514004744,2.9800178804499637,1.709359521452896,1.6190318992656216,1.0894010345094607,8.29296188569689,3.0361301664565694,4.006792067318351,0.6066572340687593,13.974231607433342,3.0974159280715554,5.437413680018921,0,0,0,2.256621059592888,0,0,0,11.882007066119066,0,7.135314177313365,6.508015519630604,7.668928992533807,7.857268581546343,0,0,2.0139548945472967,7.852623820918389,0.6868041790200294,1.4050445514080323,3.70002892236932,4.698436536627256,3.412878975226583,0.6615777265234684,0.0182249773418377,1.9475642056606475,2.352991830170133,6.97789649043839,3.492559278027997,2.3269020798732782,1.197494545482371,4.053082970143805,2.112595525878035,2.5010927529859543,6.804643888751201,1.9061084331835332,5.463810632944124,12.320941514004744,2.1800178804499595,1.0093595214528932,3.719031899265616,0.4894010345094628,8.392961885696891,2.636130166456571,3.906792067318353,1.3066572340687586,12.674231607433342,2.1025840719284474,2.462586319981078,0,0,0,9.756621059592888,0,0,0,15.382007066119066,0,9.43531417731337,8.708015519630607,9.768928992533809,9.457268581546344,0,0,5.2139548945472995,10.352623820918389,2.8868041790200323,3.5050445514080337,5.900028922369323,7.098436536627254,0.8128789752265817,2.0384222734765274,2.7182249773418334,4.647564205660643,5.2529918301701315,10.077896490438384
0,7.9604388681125755,9.70931549368504,6.050003830859097,6.483830290305534,1.6391142680831123,2.016057392008861,0.6214220972762163,1.7809916771045664,10.86166941104107,8.242410436320103,4.343836026307223,3.161843298029936,10.73678064717489,1.4811212054748673,8.692755642884528,8.628376355576904,5.067028422763723,2.436546781881191,0.4363540470798313,8.715741572312542,2.0112171488023236,0,0,0,1.7107795297515942,0,0,0,0,0,0,0,5.026264010321647,6.2981586306266095,0,0,6.1826105327249365,1.402628989154266,5.471803117557805,6.671261330209845,6.457114299079734,13.31489546771656,6.981005306766143,0.8233194692676591,7.299558241842362,4.432062196609074,6.5081099767585755,5.560888432366646,4.860438868112574,7.109315493685038,3.5500038308590973,4.083830290305535,3.9391142680831095,4.316057392008858,2.7214220972762178,0.2190083228954336,8.961669411041072,9.842410436320105,2.7438360263072212,4.661843298029936,9.23678064717489,1.3811212054748658,9.192755642884528,9.428376355576905,5.167028422763725,2.5365467818811887,0.9363540470798313,3.415741572312541,6.188782851197679,0,0,0,5.989220470248405,0,0,0,0,0,0,0,8.626264010321641,9.398158630626611,0,0,9.282610532724938,4.0026289891542675,7.771803117557809,8.871261330209848,8.757114299079738,15.81489546771656,9.581005306766144,3.6233194692676562,9.999558241842365,7.5320621966090755,3.5081099767585755,8.760888432366649
0,5.293562344959497,0.42799956347830204,9.93325940157063,9.792995430651196,0.5911920722990303,7.683686836095987,5.496368219330719,9.62300267118389,5.371141964423707,12.091450461588515,3.224610664189065,7.905705866476815,0.8571158996492798,9.164219287239334,1.2789189626304633,8.471601331101013,4.753354708024137,5.122614157624199,2.441653344309824,3.8624459843755368,0.6899349935079009,0.7851822275493099,0.4921240864547407,2.372563581328137,7.338789966799894,3.0575189199185573,1.7071808964844948,5.976177659692034,5.548288898722067,5.5728042631574795,9.327110387225758,11.557044986042783,0,0,0,3.558842231401904,5.607391812052107,3.2270875351858734,7.327775057250555,1.4457905315351312,3.2891419531113755,1.2769355955379282,0.24836338946064984,5.189247584813749,3.8666844895575494,1.6736980821361982,3.725177935202332,6.14315377922177,7.793562344959497,1.572000436521698,8.033259401570632,11.692995430651195,1.208807927700974,9.38368683609599,3.696368219330715,7.823002671183893,7.071141964423703,10.191450461588516,5.024610664189062,6.105705866476818,0.2428841003507216,8.964219287239331,0.37891896263046476,8.371601331101012,3.7533547080241405,6.422614157624196,0.841653344309826,9.562445984375536,7.310065006492103,8.314817772450688,9.00787591354526,6.627436418671863,0.23878996679989228,7.657518919918559,2.692819103515511,10.276177659692031,10.048288898722067,9.972804263157485,13.027110387225761,15.357044986042787,0,0,0,6.658842231401906,8.80739181205211,5.927087535185876,9.727775057250554,3.8457905315351297,0.689141953111374,4.0769355955379325,3.048363389460654,8.18924758481375,6.866684489557549,4.7736980821361925,0.6251779352023306,9.443153779221774
0,4.077905437759306,11.83551157414606,11.395668587269988,5.741536230393407,19.536082440006226,0.9907036315525133,1.5343990858701346,10.162961081252597,4.132262672350855,3.437186243037047,1.1477946579499516,0.2635948122017595,0,1.7715902363982323,2.2920757035090915,5.361860872150878,6.772235538253263,5.305392652206322,14.19713802535815,7.262645370632946,0.11346199661998924,4.765875545289109,0.715888988653127,2.654618066557461,4.3188777184678315,6.224019696191682,5.200634432486417,17.994008557082875,2.9268420255488508,5.000174100125136,10.53335635919515,15.148237114598182,9.654973193168114,9.056017673317491,0,0.2928385873526409,0.06713792736568536,3.8915792637440276,2.5372569598217396,5.143144612888989,8.743422282546675,2.617478062971337,4.670504459340428,2.92566910724198,1.7152312594412464,0.5001069231338064,0,0,3.677905437759307,12.23551157414606,11.695668587269985,5.841536230393402,19.536082440006226,1.2907036315525175,1.4343990858701403,10.262961081252598,3.632262672350855,3.8371862430370456,0.34779465794995446,0.6364051877982391,0,4.928409763601763,8.792075703509092,6.461860872150872,7.772235538253263,5.405392652206324,14.797138025358151,9.762645370632946,1.9134619966199935,6.965875545289112,2.784111011346873,0.845381933442539,8.118877718467836,10.12401969619168,8.800634432486419,21.694008557082878,6.326842025548849,7.400174100125135,12.333356359195147,16.748237114598183,11.654973193168114,11.556017673317491,0,1.207161412647359,1.6671379273656797,0.8915792637440276,4.837256959821744,7.143144612888989,11.043422282546679,5.31747806297134,8.27050445934043,6.225669107241977,3.615231259441245,1.599893076866195,0,0
0,3.819214767860757,5.750548483602344,6.968777866952635,10.716837798955588,16.381220068026053,3.7174014130334143,2.617148052163593,1.3448027428837506,12.694905050319953,4.16761083795658,18.872822323644566,5.016192335586169,6.773986019953497,2.5849905143858436,4.609820774797345,0.21730698345703559,7.873922313080509,12.233708705578962,5.13341818858202,1.2943901052385343,8.838801835880268,2.1331241693526977,7.018339013510161,1.9700577914386201,2.137522719957218,0,1.3493542915862946,1.39667956659234,2.500519708010472,6.247634421931426,6.224542148096759,3.4546127483391373,7.200845800811642,6.417048304610255,0,9.319978316914415,9.641517045649337,2.7591338130447625,0.1531928478673592,5.0615919049748825,0.019666037075637632,12.908602757651153,2.907778239561793,1.5989462356654442,0.4635185223909062,3.798665346767038,2.8271608902978898,12.605302398173372,1.7192147678607554,8.250548483602344,9.468777866952635,13.116837798955586,14.68122006802605,2.8174014130334157,1.7171480521635942,2.8448027428837506,11.194905050319953,5.567610837956579,16.372822323644566,7.61619233558617,7.273986019953497,4.815009485614155,12.40982077479735,2.182693016542963,8.37392231308051,10.733708705578962,5.233418188582014,0.5056098947614629,8.638801835880265,2.5331241693526962,9.818339013510165,4.770057791438617,0.7624772800427806,0,2.550645708413711,5.196679566592337,5.600519708010474,8.647634421931432,7.724542148096759,4.854612748339136,9.10084580081164,9.017048304610249,0,11.019978316914418,11.041517045649336,5.059133813044767,2.353192847867362,7.0615919049748825,2.080333962924364,15.708602757651157,6.207778239561797,4.79894623566544,2.4364814776090924,6.698665346767044,0.32716089029788975,16.00530239817337
0,5.366253174992266,7.046190780315484,6.362282941390092,8.838464658701653,3.578062995257085,3.2271128315868225,3.5490671624838512,14.727819095101317,4.245063662494175,8.470078681735394,4.623517247257183,4.76444308330624,5.591668436973599,4.8776026264734895,7.107489439198687,3.85021369239783,9.19615240654251,13.733482273682228,1.8409907180307599,3.5530416786357364,14.018593101851486,10.036488878164484,10.053964459413496,2.009699869886127,7.740652229410898,12.188592915845959,3.629322015708219,11.798003515466569,3.5073135506754127,4.370326202761412,6.701559172600625,5.417814177427026,10.584549177454317,12.804788347843456,2.350418452762554,10.014258703201016,3.833027451426908,6.168043874282439,2.7554456637306686,7.584831347615285,17.15745254650174,4.500740061042073,5.459062776726647,1.2091484502423597,6.83213981269882,1.2158305195942418,8.981467761571196,5.134855375039969,5.266253174992265,6.546190780315484,5.762282941390097,8.238464658701659,2.878062995257089,3.627112831586821,3.1490671624838527,15.427819095101313,3.445063662494178,7.67007868173539,3.4235172472571804,3.5644430833062373,6.791668436973602,9.077602626473485,12.507489439198693,5.150213692397827,9.19615240654251,11.233482273682228,0.4409907180307613,3.7530416786357392,13.518593101851486,10.536488878164484,13.153964459413498,5.1096998698861285,10.540652229410895,15.488592915845956,0.029322015708217464,14.89800351546657,6.707313550675416,8.470326202761413,9.40155917260062,8.21781417742703,13.284549177454313,15.004788347843451,4.350418452762554,10.714258703201018,4.333027451426908,8.068043874282438,5.055445663730666,9.784831347615281,19.457452546501738,7.100740061042075,8.459062776726647,4.4091484502423555,9.532139812698823,4.015830519594239,11.681467761571191,8.034855375039967
0,0,0,10.292698934029492,6.685179949694678,8.099367433998275,3.7802947940649645,1.129154805480006,7.882182248658211,5.650950269359889,0.9856122812620711,6.152722506945977,3.318004167964993,3.196487544441972,3.9568517994497654,2.440810432191334,11.180816718792954,3.469052371854538,0.8322557082310027,3.9814195156926893,5.089357109246091,0.34251614523783047,0.11517519674638521,1.2033692164649032,1.243669214791332,0.25414623901531996,10.363543126892061,0.36874544911295715,10.537099647027453,4.712467075865767,4.038619761479936,1.5125283017281816,0.12427021315070874,4.608815760698775,8.814986190529922,8.730484347605188,1.5976873244628678,1.4328873244278029,0.658612456998398,4.921642359003847,10.200037330213831,3.689738844918388,6.249668077750101,1.6144973425211546,0,2.4910745247690826,0,0,0,0,0,9.892698934029493,6.985179949694675,8.199367433998276,3.680294794064963,1.2291548054800074,7.982182248658212,5.850950269359892,1.1856122812620669,5.652722506945977,3.818004167964993,5.59648754444197,8.856851799449764,6.340810432191333,12.580816718792953,4.769052371854535,0.6677442917689973,6.381419515692695,7.789357109246087,2.9574838547621667,4.515175196746384,6.703369216464903,4.556330785208672,5.75414623901532,15.563543126892064,4.831254550887046,5.937099647027452,0.4124670758657629,0.13861976147993715,1.887471698271817,2.6242702131507087,7.108815760698775,11.114986190529919,11.030484347605192,3.4976873244628663,0.5671126755721971,1.1413875430015992,6.821642359003853,11.700037330213831,5.389738844918391,8.349668077750103,4.01449734252116,0,5.1910745247690855,0,0,0
0,7.480634237237659,6.592585138530872,10.533195575402736,3.59549333018078,0.02300827304069486,4.421940778394081,5.58810021309003,4.417913890246517,4.696293943560683,5.36438274480799,7.629961620166647,3.3616408643522604,0.6118986764300374,8.328147945227364,22.237481692021646,9.096742830812108,7.8123382864303075,2.554820483595911,10.495252363447243,0.14140901171234788,0,1.8692677555378339,4.435410901345449,0.5426247976612331,1.6169316938645295,6.7079493535280506,4.123827283914391,4.821639193071828,0.21643418815359183,2.2108538821930566,4.987149897128241,8.293188636321013,4.524306314589204,15.500187269936319,14.816271098569374,14.190144991643393,2.956247258951933,3.5515995570567043,5.436571921530643,2.617675759925241,13.563906791751826,8.063341899330254,8.276348180776381,3.1139917159964483,7.816402718204898,11.278028809080169,11.25147078771895,17.847472238309297,6.380634237237665,4.892585138530876,9.033195575402736,2.2954933301807827,0.5230082730406949,4.3219407783940795,5.188100213090024,4.8179138902465155,4.296293943560684,5.6643827448079875,6.729961620166641,2.6616408643522576,4.288101323569968,10.728147945227363,24.43748169202165,10.896742830812112,9.612338286430312,4.654820483595913,13.195252363447239,3.1585909882876564,0,6.669267755537831,10.735410901345446,7.1426247976612345,4.8830683061354705,0.6079493535280491,10.123827283914391,10.521639193071824,4.916434188153588,6.310853882193058,7.787149897128238,10.793188636321013,6.824306314589201,17.60018726993632,17.016271098569376,15.990144991643398,4.856247258951932,4.951599557056703,7.036571921530644,3.5176757599252397,14.763906791751829,10.363341899330258,10.776348180776381,5.013991715996447,10.316402718204898,13.478028809080172,13.551470787718948,20.6474722383093
0,3.4958737027588285,0.8205305696290566,2.12679951314999,11.142127428194126,15.703623427880984,2.627581614480924,2.2700957014486534,5.767681366185364,10.8070047539126,11.38117476188632,0.07141016302200143,5.399851992736075,10.335772167952282,23.24675710693146,13.130144449375674,4.97807073267882,7.344168785885184,0.06758469407410672,1.376048162865203,3.3468714155780255,10.66970295755532,6.639772471559489,1.9964048486719221,1.5153678534942188,12.172694191774042,8.007566949037518,5.28974071285187,3.0179880148590357,9.864893421093221,6.528136952295075,8.805499136520773,5.629244958933285,17.013500328883644,7.557972503870701,0.4153176005041104,5.509649675465539,11.860813637042451,9.971354048973552,5.726696635761513,3.708104303664868,2.4332913497225164,5.7386296870740665,2.5275721113028027,1.7443491357902872,5.09269016409236,5.081036401268882,10.508760329522719,2.871201593744182,2.695873702758824,1.2205305696290552,2.4267995131499873,11.442127428194123,15.303623427880986,2.2275816144809184,1.9700957014486562,6.0676813661853615,10.607004753912598,11.681174761886325,0.27141016302200427,5.199851992736072,13.635772167952279,25.946757106931464,14.630144449375674,5.97807073267882,8.844168785885184,2.0324153059258947,1.2239518371347913,5.746871415578024,13.369702957555315,2.9397724715594933,7.996404848671922,8.315367853494223,18.07269419177404,13.407566949037516,11.189740712851869,1.9820119851409643,14.264893421093227,10.628136952295076,12.105499136520777,7.929244958933289,19.31350032888364,9.757972503870704,2.7153176005041146,7.909649675465545,14.460813637042452,12.071354048973554,7.926696635761509,5.808104303664869,4.833291349722515,8.53862968707407,5.527572111302803,4.94434913579029,8.292690164092363,8.38103640126888,14.008760329522719,6.871201593744182
0,6.447838053993685,4.0564956181626926,4.384892241596283,0.7990680503933731,12.1480111463015,8.172567706955803,3.2732796595744347,2.552577016551311,6.443051787063261,15.402952518139386,1.8443665351091028,2.28005023873326,13.562241554570974,4.1031995822324205,12.966837218430467,0.7479003193585712,1.537765619153319,3.496175326945483,5.202488312025391,0.5563658834478353,4.217195396561834,0,0,7.093175717235958,0.2332437666367042,9.064883699776416,5.703956986817634,11.912110139744613,3.1908937962803243,5.172078769038308,0.05090082862848533,4.933887742972804,4.312969203540153,10.790501503339328,4.206941978854907,5.374155976998161,2.854619483085223,0.14603690869384423,2.269086523481377,4.798808032089305,2.728811316082826,7.774523364399329,3.5570923959199305,0.8542442685145986,5.14185500624739,3.5663045561855853,4.078169838623005,0.5966008420172528,5.347838053993691,3.356495618162697,5.084892241596286,0.19906805039337172,11.548011146301505,8.9725677069558,2.4732796595744304,3.2525770165513066,5.743051787063266,14.802952518139385,1.2443665351091013,1.78005023873326,12.162241554570976,3.3031995822324234,13.966837218430467,1.447900319358574,2.737765619153322,1.8961753269454817,3.4024883120253904,1.8436341165521632,0.4171953965618336,0,0,0.20682428276403897,6.833243766636706,3.464883699776415,0.1960430131823685,6.612110139744615,1.8091062037196721,0.4720787690383119,4.250900828628488,8.333887742972802,7.61296920354015,13.790501503339328,7.306941978854908,2.674155976998165,5.654619483085227,2.84603690869384,0.33091347651862435,7.198808032089303,0.02881131608282317,4.774523364399329,6.757092395919933,4.254244268514597,1.7418550062473912,6.966304556185591,0.2781698386230076,4.796600842017249
0,1.7678674035735114,8.906424443024008,7.808214762669444,3.018523952417624,7.433242692232916,7.617782340079003,11.588533772786459,20.567458065322505,1.7041915387987885,4.572968311930829,9.61941079755993,1.6889133662234315,0.502302658322229,13.847201237964,15.156018751939826,8.557606103468604,3.473855061723416,0,2.7181433437134856,0,5.5213489440720736,8.131501629044585,7.662983765725045,4.504717374782768,7.25503484454299,0,0,0,0,0,0,0,15.930689933575344,11.83683366202898,15.276034405070398,4.7210034409079,11.121370715021094,1.1646631306695667,8.609835549805933,4.259376255073356,3.7844197471990526,3.7079000696295594,0.7703670865408156,4.84643815041094,5.610691353911278,5.309568105465168,4.189681379930626,3.058123561808138,0.6678674035735099,8.10642444302401,8.708214762669442,4.118523952417618,8.533242692232918,8.717782340079005,12.588533772786459,19.667458065322506,2.80419153879879,3.9729683119308277,10.11941079755993,1.2889133662234329,2.497697341677771,14.447201237964002,15.556018751939831,8.857606103468605,4.673855061723415,0,4.918143343713485,0,9.921348944072076,13.931501629044586,15.36298376572504,12.204717374782767,14.755034844542987,0,0,0,0,0,0,0,18.430689933575344,14.036833662028982,17.4760344050704,7.2210034409079,14.121370715021094,3.764663130669568,11.309835549805936,6.259376255073356,6.884419747199054,7.407900069629562,4.470367086540811,8.84643815041094,9.410691353911282,9.40956810546517,8.389681379930629,7.758123561808141
0,15.238655295467474,6.905733036080811,0.5698216212884475,0.521043419125121,8.060797550332097,1.0263191932670637,9.176970261029645,11.767093369472857,8.112617662035248,9.94491282507807,6.076040384438514,14.141333436988404,5.4171291353397955,1.7728259998796787,6.983243423177157,7.63415720560036,0,0,0,8.206748999294557,12.370057875511456,1.2070983625334648,9.853352212498386,8.056150476861927,12.145530085216233,0,0,0,0,0,0,0,8.17174009336506,0,0,4.612226770478152,0.45824060011392476,6.692734584434721,7.070341361583889,1.9688066402310866,6.593336104683047,11.377426811883275,4.661228633252403,7.032526800052672,2.773439393753499,5.592323935552056,9.857678938062492,6.3731797400669095,14.838655295467476,6.8057330360808095,0.5698216212884475,0.22104341912512382,7.360797550332094,0.2263191932670594,8.376970261029648,12.567093369472854,7.312617662035244,9.344912825078069,6.576040384438514,13.54133343698841,6.617129135339795,1.5728259998796759,6.983243423177157,7.334157205600359,0,0,0,6.506748999294558,7.670057875511457,6.592901637466536,0.7466477875016153,2.9438495231380735,2.145530085216233,0,0,0,0,0,0,0,10.371740093365055,0,0,2.112226770478152,2.1417593998860767,8.992734584434718,9.470341361583888,0.3311933597689176,9.29333610468305,14.777426811883274,8.061228633252401,10.532526800052672,6.273439393753499,9.292323935552059,13.75767893806249,10.47317974006691
0,1.239073790543607,3.668333776789538,6.81703382454679,10.748611028709675,3.771860445242858,1.4771083972401016,3.8741173980725776,5.194613628287144,11.573254919333923,4.102741498775956,14.405849760966191,4.07207488034642,9.33334536611899,2.2300739912823104,9.63507905253191,5.327316359558576,5.19422250308137,0.2670801410671828,2.875140246209618,4.720105404033951,5.700833835898237,7.840994636760723,12.506082646226325,8.822231351143355,4.996743065450108,6.343085140842497,1.4565404396728852,0,0,0,0,0,8.381734329982667,0,0,1.712858599316128,0.3774091126161707,0.6543713036227388,2.125017292666122,14.79351086142809,9.464124359813557,6.665780096376253,13.529647925982935,6.988482503697956,1.8151310571150248,0.968940533945144,0.5928405674971771,0.6560260838897847,2.1390737905436055,3.0683337767895367,6.31703382454679,10.048611028709672,4.971860445242861,2.6771083972400973,2.774117398072576,6.194613628287144,12.673254919333917,3.002741498775954,15.505849760966193,2.972074880346419,7.233345366118989,2.130073991282309,9.83507905253191,5.927316359558578,4.3942225030813695,0.8329198589328186,1.7751402462096202,2.020105404033952,0.2991661641017629,0.7590053632392788,1.4060826462263272,2.477768648856646,5.203256934549891,3.4569148591575036,9.656540439672888,0,0,0,0,0,10.781734329982665,0,0,4.212858599316128,2.6225908873838293,2.3456286963772612,5.025017292666121,17.89351086142809,13.164124359813552,10.865780096376255,17.72964792598294,11.588482503697957,6.315131057115025,5.66894053394514,4.507159432502824,4.743973916110214
0,0.34935725370472426,5.393341980534252,2.4834435891436897,8.404420781734288,10.608888434278448,1.1629183401810224,7.047524110878882,9.76241858629373,5.54651073674917,8.83071611974751,0,0,8.377939350337364,1.1118602640147834,4.105883725983489,4.015549869589108,3.3845253325734,0,0,0,0.4007225559592449,6.164301386905304,0.9242749773903434,1.9462458957014697,2.2238783496977526,10.43695353049657,9.082387549332552,0.3763402148517976,0,0,0,0,4.31171933949263,9.55701957866388,7.88224826751593,1.5107860689710222,2.2189362319048556,4.902776831566406,1.7824675948793853,1.253194841022868,5.283670384589232,9.184445647577284,2.1104975565978776,4.344755636001878,1.4849631244268409,0.25162043047601657,1.1890334875375714,3.781168204798327,0.14935725370472852,5.593341980534255,2.6834435891436854,8.204420781734285,9.808888434278451,2.062918340181021,6.1475241108788765,10.562418586293727,4.746510736749173,9.530716119747506,0,0,9.077939350337367,0.511860264014782,3.2058837259834867,3.415549869589107,3.784525332573402,0,0,0,4.200722555959246,12.164301386905304,9.224274977390344,7.05375410429853,5.7761216503022474,2.6369535304965694,2.282387549332551,4.623659785148202,0,0,0,0,7.0117193394926325,12.157019578663881,10.482248267515931,4.510786068971022,0.8810637680951459,7.802776831566412,4.482467594879381,4.253194841022868,8.583670384589237,12.984445647577289,6.010497556597876,8.544755636001874,2.8150368755731563,4.148379569523982,5.989033487537576,1.2188317952016732
0,3.7795661331687356,4.873401480341471,7.588103940005304,0.011411009807090977,12.838489626930688,5.027627699513246,11.758969797113394,7.028758207832539,10.519190733885672,11.303879925676995,7.679542604598943,0.9344171546972859,3.8064323265080944,8.768371227501426,7.019952011632302,9.433954244162067,2.1351627491699823,0,0,10.79806203454752,1.5660133173581237,1.882384494269271,8.425833913208773,9.766068673630745,1.4559527530360228,5.332238502765783,0.0705382997676054,0,0,0,5.740748702812759,0,0,0,0,5.278956185053012,0.9414134645401191,0.28663003549700505,1.2928390810210928,9.001065736334553,4.894981871554521,2.1833648324352595,9.718579621334559,3.127970876953526,4.212816517034057,9.05204926234492,4.774040872148255,0.5487029803568717,3.879566133168737,4.573401480341474,7.48810394000531,0.21141100980709382,13.738489626930686,4.027627699513246,10.758969797113394,6.128758207832533,9.519190733885672,10.303879925676995,6.879542604598939,0.034417154697287344,12.106432326508092,8.968371227501425,6.419952011632301,9.533954244162064,3.2351627491699837,0,0,6.598062034547521,5.433986682641876,7.41761550573073,3.3741660867912273,1.9339313263692546,10.955952753036023,2.567761497234219,6.570538299767605,0,0,0,9.540748702812756,0,0,0,0,2.3789561850530134,4.241413464540116,3.1133699645029935,4.4928390810210885,12.501065736334553,8.79498187155452,6.583364832435258,14.31857962133456,1.7720291230464724,0.48718348296594627,13.952049262344918,10.274040872148255,6.548702980356872
0,2.5372936581743772,2.5683849161809746,14.971879104750904,10.549710134324194,7.322078722901892,3.5520246668559707,3.6314077365912425,12.56054471733595,0,0,0,0,0,0,0,0,0,0,0,0,0,18.004757234842543,6.021041914719131,19.71375983107031,3.951558359740467,13.281504771968567,8.16016529958674,1.9491788012259263,6.703078804205859,3.887821252192648,0.9905418134826327,0.9781026589428556,0,0,7.219251865032774,0.7761575389631474,4.254591488284262,3.3185931072630552,2.0855375620556913,0.5405486499986907,2.3863155843842776,12.027638311683866,8.815308314905806,11.686465388852788,0.5697558318498608,5.100372582718904,2.9507330965958403,0.26653403694984235,1.737293658174373,3.668384916180976,14.371879104750903,9.9497101343242,8.022078722901895,2.652024666855972,2.6314077365912425,11.660544717335952,0,0,0,0,0,0,0,0,0,0,0,0,0,9.304757234842544,4.878958085280868,8.01375983107031,5.948441640259535,5.181504771968566,2.0601652995867425,6.349178801225925,2.0030788042058596,0.2878212521926464,2.70945818651737,1.6218973410571422,0,0,10.019251865032771,3.976157538963143,0.8545914882842638,0.3814068927369405,5.585537562055691,4.340548649998695,6.286315584384276,15.827638311683863,5.015308314905802,15.586465388852787,4.569755831849861,1.00037258271891,1.649266903404154,4.833465963050152
0,8.78792066634663,0.5111995774294158,11.557155898698504,9.490820809675256,2.92985415543707,5.07471144878928,0.24702067020253082,0,0,0,0,0,0,11.608589271408956,0,0,0,0,0,0,0,13.814162857933447,0.5986712881122038,0,0,3.856370114657153,5.174140793282984,2.8895059305868678,1.9447684571353072,7.514107512455766,8.169308411851642,5.316411606201033,0,0,5.641472166674241,3.640849769285147,9.866600332253999,8.590453080772004,3.3869265006568128,0.4058441125689285,8.77116227389378,3.024689289393258,3.29066154712622,0.558781008090314,0.17381899562666092,2.289732402731346,2.4444438788635097,7.221179303768274,9.987920666346625,0.6888004225705799,10.657155898698505,8.490820809675256,3.729854155437067,4.174711448789282,0.5529793297974734,0,0,0,0,0,0,11.108589271408956,0,0,0,0,0,0,0,4.214162857933445,12.198671288112202,0,0,3.2436298853428482,0.5741407932829858,0.7104940694131301,5.744768457135308,4.4141075124557645,11.269308411851643,8.11641160620103,0,0,8.841472166674244,0.0408497692851455,13.666600332253996,12.390453080772001,6.886926500656813,3.2941558874310743,13.071162273893783,1.3753107106067404,7.490661547126223,4.0412189919096875,4.326181004373339,7.089732402731343,2.755556121136493,12.921179303768277
0,0,0,0,0,0,0,0,0,0,0,0,0,0,0,0,0,0,0,0,0,0,0,0,0,0,1.4122236199820009,0.36941563994681914,5.350326187805219,8.830075391424227,2.626592676380376,0,0,0,0,2.6726686989020507,4.888973140239656,2.192871177641159,0.06796629687755029,1.8455973881261016,1.134493085591913,3.194245382109152,6.911300925974871,2.1039966888891186,0.6347391318459046,2.8597108360957435,1.0371852183170986,9.674187139726143,2.340507514001011,0,0,0,0,0,0,0,0,0,0,0,0,0,0,0,0,0,0,0,0,0,0,0,0,0,6.287776380017998,5.430584360053182,0.9503261878052207,4.230075391424229,6.426592676380373,0,0,0,0,0.3273313010979493,1.5889731402396592,5.79287117764116,3.6679662968775517,5.045597388126097,2.2655069144080926,0.7057546178908467,2.211300925974875,2.996003311110883,4.6652608681541,7.759710836095742,6.337185218317096,3.4741871397261406,9.24050751400101
0,10.00999626485941,3.0663240996452856,5.908851899080204,3.035920857988579,7.022133052213803,7.776277920661265,2.9926718250825246,14.326119262963253,2.4069593676801446,12.289045958047343,20.04806567630488,5.472129448450708,5.952851144912422,3.6267199024005237,10.934152805057224,0.583843275928345,0,0,0,0,0,6.475552578650234,5.03025469049442,0.7941256172363218,5.932749322885943,6.906852844350144,5.767951195484589,0.8490265702041775,2.0852478997658466,2.5415210647085544,0,4.066055291887544,0,0,4.1921225904604285,8.870359539302694,6.475562778865196,9.921813456223738,6.924251440420875,1.4130087063298902,5.860702308666596,5.467036159259315,4.6071879375971605,6.649304227732543,1.4338800264618712,1.8410264131264356,4.60551874678832,0.8245010540670492,8.909996264859409,4.266324099645281,6.908851899080204,4.035920857988579,6.022133052213803,8.776277920661265,4.092671825082526,13.326119262963253,3.3069593676801503,12.989045958047345,20.54806567630488,5.7721294484507055,6.552851144912424,2.8267199024005265,10.234152805057224,0.28384327592834424,0,0,0,0,0,3.324447421349767,6.96974530950558,13.394125617236323,4.367250677114058,0.10685284435014353,0.46795119548458786,3.550973429795821,6.785247899765849,6.141521064708552,0,7.4660552918875425,0,0,7.492122590460426,12.57035953930269,10.2755627788652,13.821813456223744,10.424251440420875,5.113008706329893,1.2607023086666018,10.467036159259315,9.707187937597162,12.149304227732543,6.533880026461873,7.341026413126436,1.5944812532116757,7.624501054067046
0,6.391485821491251,7.666590787592241,3.3521898807352812,2.2203986390039887,6.784365461918021,6.746729035320136,4.51351723567155,9.144713794445625,11.894828201563094,1.0107326751728891,3.723216140641391,3.9044429459770384,5.168315285672374,0,0,0,0,0,0,0,0,0,0,0,0,6.433084910175111,2.650255412638572,10.958748822440825,9.048439484304506,4.4383043574509955,3.2981151670896693,1.152272293285062,0,0,3.1909342269918035,7.419050531475882,5.998875223777759,7.217167804755043,1.881861775590508,0.5057075261390409,2.3953561299241244,3.9125933801305237,1.0881367835222804,8.183469488529695,0.21639826259125527,1.3238391324587369,2.182584831657394,9.71216496003462,5.29148582149125,7.06659078759224,2.75218988073528,1.7203986390039887,5.984365461918024,5.846729035320138,5.313517235671554,9.844713794445621,11.394828201563094,0.5107326751728891,3.4232161406413937,4.00444294597704,5.668315285672374,0,0,0,0,0,0,0,0,0,0,0,0,1.3669150898248894,3.449744587361426,6.458748822440825,4.548439484304506,8.238304357450996,7.298115167089669,2.3477277067149416,0,0,6.090934226991802,4.019050531475877,2.5988752237777604,3.917167804755046,1.118138224409492,2.8942924738609648,1.5046438700758742,8.512593380130518,3.8118632164777253,2.78346948852969,4.783601737408745,4.176160867541263,3.9174151683426004,3.612164960034619
0,8.990036556369859,5.797311106948513,3.508427292834469,9.159032527934862,6.051106438642378,0.6180625940398059,10.31120934792137,4.368552492185302,1.0836772027244592,4.088156129386434,1.8354832456937658,6.797979706163694,2.0531582289252412,1.8446804157193277,0,0,0,0,0,0,0,0,1.3477122992685864,11.34278399725395,5.107781132970789,7.54292680498753,0.7246119704893488,5.739342913013839,3.074757654444017,2.4510471348244707,0,0,0,0,0.8634517496116132,1.4108586581438232,4.228435187188282,4.4240371326964265,7.788853206806241,5.039394306558506,3.8344396851927414,1.610847877269535,0.6152201487481221,3.703323942612819,3.1585128245404306,2.0963621127374665,10.970988924682125,5.328989296797438,7.690036556369861,4.59731110694851,5.008427292834469,8.159032527934862,6.951106438642377,1.3180625940398087,9.911209347921371,4.5685524921853045,1.0836772027244592,4.188156129386435,2.2354832456937643,6.497979706163697,1.3531582289252384,2.3446804157193277,0,0,0,0,0,0,0,0,13.147712299268587,0.0572160027460491,4.392218867029211,0.3429268049875276,6.624611970489347,1.6393429130138415,7.474757654444016,6.251047134824468,0,0,0,0,3.863451749611613,2.2891413418561797,8.12843518718828,8.124037132696422,11.288853206806241,1.439394306558512,8.034439685192744,6.610847877269535,4.584779851251874,1.9966760573871767,8.55851282454043,3.6036378872625363,17.17098892468212,11.328989296797438
0,10.46251514257063,1.2272800795538785,12.068802420560242,1.7706813962403558,6.265403695881865,6.753903675743636,3.6522446200599745,4.728990969057463,7.595572550279201,6.347380688175491,2.2197925536073555,3.057023781705553,0.004745944125112089,0,0,0,0,0,0,0,0,0,0,5.397612301551597,0,1.7089193743102769,2.126195792088925,1.9302660533376113,1.6686053616871774,1.8182863138142409,0.998964601383129,8.752982758447558,0,0,0,6.674643245790715,4.50533426928974,1.961485321949553,1.8201499880313108,11.421440352930858,7.626295685469209,6.432562909463051,0.4438965333213929,4.797698556589218,11.724176036215482,1.3027616111936666,7.582871752371151,9.001214272335307,8.86251514257063,2.2272800795538785,13.068802420560242,2.6706813962403544,5.465403695881861,6.0539036757436335,3.052244620059973,4.428990969057459,7.395572550279198,6.24738068817549,2.319792553607357,2.857023781705557,0.4952540558748879,0,0,0,0,0,0,0,0,0,0,5.402387698448404,0,5.891080625689725,3.6738042079110755,6.33026605333761,5.968605361687182,5.518286313814237,4.898964601383131,12.152982758447564,0,0,0,9.774643245790717,7.705334269289736,1.1385146780504485,1.0798500119686878,14.421440352930858,3.9262956854692064,10.83256290946305,3.9561034666786057,0.19769855658921642,16.024176036215486,5.802761611193667,12.282871752371154,13.501214272335307
0,2.7138428969202053,0.12541353659629095,2.559685425361785,1.7158728043579998,4.129319940913085,4.2828036683849575,0.28671178666157004,3.8838630895539694,7.023415451431731,1.9462100620361227,9.515456016217776,0.20579414114122585,15.458998634559784,6.431962524040415,0,0,0,0,0,0,0,0,10.711860465551261,10.618492780461292,14.507220857292449,4.083843995331264,10.30727879276143,2.5793796307202896,3.7867335852188084,1.7451388750858499,0.09693107054756922,4.809072193963239,0,6.0567204278973,3.2706139380308343,7.216278373234374,2.7108117437162917,2.5884992442826444,10.364165603190838,2.5036648473683556,4.5785617174795235,1.788048863088548,6.9320395816460945,10.892523313295506,0.1364422983179665,10.486905324691897,12.273575647690603,13.934442029827188,0.11384289692020388,2.125413536596291,4.059685425361785,0.1158728043579984,2.829319940913088,5.382803668384959,1.28671178666157,4.683863089553974,7.6234154514317325,1.4462100620361227,9.315456016217773,0.505794141141223,14.75899863455978,6.531962524040413,0,0,0,0,0,0,0,0,0.988139534448738,1.2815072195387103,4.8072208572924495,3.7161560046687363,3.80727879276143,7.07937963072029,0.7132664147811916,1.6548611249141523,3.703068929452428,7.709072193963237,0,8.5567204278973,6.370613938030836,10.716278373234374,6.510811743716296,6.388499244282649,13.664165603190835,6.10366484736835,8.978561717479522,2.8119511369114534,11.13203958164609,15.092523313295501,3.9364422983179708,14.286905324691894,16.273575647690603,18.13444202982719
0,9.528940905226378,4.940643314918923,0.7266227755973418,1.4785358346205015,5.2778579064240745,2.311047377609981,1.5067334005997637,1.532298868281849,2.6924448241850243,5.595286406411468,2.020851518816876,4.455183686526453,6.486649651000548,0,2.197499238679864,3.7971866908190677,4.663668078395968,10.490477766944117,6.395230335939367,0,0,0,0,0,0,7.447213486640756,0,0,11.180754625307298,21.961112229037806,3.607665844856001,2.1517714154032817,1.821990144810293,1.4229128562172662,2.6344564965953268,1.6757056924078384,3.5708606330591337,1.6190699603321619,1.750131243848017,2.6181141675141717,2.9098168430393514,0.4884227617084491,1.9117548503123842,1.5339145952028943,1.5805235340660104,1.4319688352619195,0.2707096704017431,14.166733200392212,8.528940905226378,4.440643314918923,1.1266227755973404,1.8785358346205001,5.577857906424079,2.611047377609985,1.3067334005997608,1.532298868281849,2.4924448241850286,5.995286406411466,2.520851518816876,5.055183686526455,7.086649651000549,0,1.197499238679864,5.097186690819068,5.663668078395968,10.190477766944117,5.995230335939368,0,0,0,0,0,0,11.547213486640754,0,0,7.280754625307296,18.761112229037806,0.5076658448559996,1.1482285845967226,0.0780098551897126,0.877087143782731,0.23445649659532108,4.375705692407834,6.770860633059129,4.319069960332158,0.749868756151983,5.218114167514166,0.10981684303934713,3.8884227617084477,5.411754850312384,1.9660854047971057,1.7194764659339938,2.168031164738075,3.6292903295982626,18.06673320039221
0,6.393418956314356,1.2376422181565303,5.478954290836775,3.6546227036274317,2.460439279454981,4.088463942505548,12.420381375269926,5.113148187846448,9.939986935294506,3.8167287318222236,6.677193155402264,3.694576152629594,1.1967054290614243,0.5125954064935243,1.6943684276169257,1.914610061975928,4.102094639489003,1.958342079871528,5.2059873023514385,2.6481833612864207,12.340123061572527,10.88446785003951,19.835578570563776,8.9020551986922,0,8.404338887573488,8.063282497130064,3.647734046888644,0.6905723927240714,0.02726042745437951,0.6578768725100588,3.978845097706987,2.959196773127182,6.731891154178541,6.350211145988595,5.154205259509979,4.815156381133775,5.2867559828842445,0.3741398240482354,6.079298564408916,4.915727444481114,0.0372255587444954,4.193210984591623,6.189714924631083,0.6770390376541826,5.238431476013574,6.419818300034883,0.585275937337741,4.893418956314356,0.3376422181565317,6.278954290836779,2.954622703627429,3.0604392794549824,3.5884639425055482,12.02038137526992,4.913148187846446,9.939986935294506,3.8167287318222236,6.9771931554022615,3.994576152629598,0.49670542906142856,0.012595406493524308,5.605631572383075,3.7146100619759324,5.802094639489006,0.14165792012846623,2.405987302351434,1.7518166387135778,5.840123061572527,3.284467850039512,10.435578570563777,0.8979448013078013,0,2.504338887573489,3.7632824971300636,7.247734046888645,3.1094276072759257,3.0272604274543795,3.957876872510056,6.67884509770699,5.259196773127179,9.031891154178538,9.45021114598859,8.554205259509985,1.2151563811337738,7.886755982884246,2.4258601759517617,3.17929856440891,8.015727444481115,3.362774441255503,7.593210984591622,9.689714924631083,2.6229609623458146,8.838431476013575,2.7198183000348877,4.4852759373377395
0,7.408118437343809,0.26254873190430317,5.840933878133647,2.6562532336200135,4.434028767878317,5.90790220805858,7.397855014611643,19.929462009203284,6.3185857509766805,3.279291867390704,3.2169102958343103,8.173599296998653,5.524179334054214,9.56884453812729,6.718151704760295,7.610473930581964,4.090669373410009,4.157619739430849,0.6996707280649304,3.1511963806855476,11.122640989346671,6.832823599494169,0,0,0,1.5373105094453052,0.4908368183457341,14.424470749361404,7.740106233714016,8.586736366159442,5.54851519704679,0.4571873179776489,4.00742116788193,5.0565963799271,1.780331355620305,3.8345562344802246,0.7481684040277656,5.957707746122281,1.7405537007608274,5.108062427146052,8.100012977663425,10.338103457093244,3.447013563868069,4.604540139026199,1.0631997541052627,5.795201632629528,5.409742404953292,11.250994710386507,6.508118437343811,0.1374512680956954,6.04093387813365,2.956253233620018,4.234028767878314,5.707902208058584,7.297855014611649,20.029462009203286,6.118585750976678,3.079291867390701,3.616910295834309,8.573599296998651,5.524179334054214,9.96884453812729,0.41815170476029095,7.210473930581966,3.7906693734100116,1.6576197394308494,3.6996707280649304,0.9488036193144467,5.222640989346665,0.06717640050582929,0,0,0,5.737310509445301,2.7091631816542687,11.524470749361399,4.740106233714016,6.486736366159441,8.148515197046784,1.5428126820223511,6.00742116788193,6.656596379927095,3.480331355620301,0.7345562344802232,2.3518315959722287,3.157707746122277,0.7594462992391726,2.608062427146052,10.900012977663422,13.538103457093246,0.24701356386806594,1.5045401390261972,3.86319975410526,8.89520163262953,8.609742404953288,14.850994710386509
0,1.8140043844773928,2.459513576226122,0.3053623543759798,2.8713518269782483,1.7074136861271754,0.2546790028898229,15.072120990413772,4.374125415454245,5.611798383414111,1.5367913503879649,1.9112833581275979,5.804973755176562,8.195021922330326,11.431983189514582,0.9884376158249566,4.810450326079813,9.42577652985247,9.475556684908124,0.12899446949696625,7.42358764454773,6.657796938572311,1.4753435917515851,5.3781332572295355,17.132061347286115,4.648422550077129,4.187317446138451,6.269671499494265,1.9656543528622592,7.6149549883626975,0.14887934014934956,1.6736259171418055,0.6498210071231654,2.3796342401480572,2.010806065293494,2.249242199609867,8.424955458491816,3.2252735919594215,0.7255791262618558,7.798865838889647,2.158302483809692,6.951870028386146,0.2670763940332179,4.249395159854153,7.796078421417334,1.20115228047937,2.066307327381118,6.590307121539944,5.634346574346104,1.11400438447739,2.7595135762261194,0.09463764562401877,2.4713518269782497,1.4074136861271782,0.5546790028898201,14.972120990413778,4.174125415454242,5.51179838341411,1.336791350387962,1.5112833581275993,6.004973755176557,7.6950219223303264,11.931983189514582,5.811562384175041,6.910450326079815,11.225776529852467,11.775556684908128,2.828994469496962,2.9235876445477302,0.14220306142769346,9.375343591751584,3.8218667427704602,9.532061347286117,1.051577449922867,0.7873174461384522,4.469671499494261,0.13434564713774222,4.714954988362699,1.9511206598506448,1.1263740828581987,1.950178992876829,4.6796342401480615,4.810806065293491,0.9507578003901358,11.824955458491814,6.62527359195942,3.8255791262618573,10.698865838889645,5.0583024838096975,10.051870028386148,3.567076394033215,7.54939515985415,10.99607842141733,1.8988477195206315,1.3336926726188807,10.090307121539944,9.534346574346102
0,7.627131639567985,14.911167741200408,1.4171654772362459,3.226127930128378,2.1313685605877595,1.7205553553512516,3.8957827084810432,10.407137159479262,3.3621044006586445,14.699022985420285,3.6380548923680323,4.024842396058048,4.33879537977365,8.313837192535857,0,0,0,0,0.026906024969157727,0,0,0.18298491769695602,7.683428467888305,2.4760968211792687,4.195467430176233,2.1259871515716,0.6130793929986282,6.962023348359544,4.173769813946755,6.720238951159708,4.636974628142163,8.760254965517646,10.499973860677553,1.083749957926699,4.168031569735618,0,0,0,0,0,9.296629658966268,10.542966685211901,11.874633293803157,9.197402540720773,3.2745522997323206,1.2470807442227994,6.9984962917398335,0.09830296979043851,8.32713163956798,15.01116774120041,1.5171654772362473,3.3261279301283793,2.3313685605877623,1.9205553553512544,4.295782708481042,11.207137159479267,2.762104400658643,15.49902298542029,2.538054892368031,5.024842396058048,4.138795379773654,8.913837192535855,0,0,0,0,5.326906024969155,0,0,6.517015082303047,0.28342846788830656,4.023903178820731,9.295467430176235,6.525987151571599,3.7130793929986297,3.962023348359544,1.073769813946754,4.420238951159703,6.8369746281421655,11.060254965517643,13.199973860677556,3.9837499579266975,7.168031569735618,0,0,0,0,0,12.096629658966265,13.642966685211903,14.874633293803157,12.297402540720775,0.37455229973232207,1.852919255777202,10.098496291739835,3.2016970302095658
0,5.08702731789446,0.4647758405159408,1.2649882697217976,9.574530943751206,4.826291762270685,5.792187003912247,2.3208063261218115,10.14442508904488,11.655424504343657,1.9969501955803466,3.286283199591608,5.3409097267395325,5.699848755331942,3.776098335944951,12.775092081951914,14.194197575406822,11.44932110970242,2.8383303360364174,0.8105886556065443,13.211375227160136,5.233880704249842,12.842188811832909,12.108547729834719,0.22158947469672086,8.358163214612908,3.8135763079248406,7.74245931106805,3.0740979700095252,4.929988830311096,6.45127399926605,1.6893937139296682,3.292838418025088,3.404292166196413,4.940470810773647,2.8865891684929537,1.3268378444238422,0,0,3.3438401295055726,0.30016772093474486,0,0,0,1.8124088325351195,0,0.0061810096530123815,5.713517679852885,0.6434712397219329,4.387027317894457,0.26477584051593794,1.0649882697217947,9.574530943751206,4.726291762270684,5.892187003912248,2.720806326121817,9.444425089044877,11.155424504343657,2.596950195580348,2.1862831995916068,4.540909726739535,6.7998487553319436,4.276098335944951,13.975092081951914,11.894197575406821,2.849321109702423,1.9616696639635833,3.689411344393452,7.411375227160136,2.966119295750161,3.6421888118329093,0.9085477298347158,10.021589474696722,1.2581632146129067,0.1864236920751594,4.942459311068049,0.17409797000952665,1.6299888303110919,4.051273999266051,0.7106062860703304,5.592838418025085,0.40429216619641295,8.840470810773645,0.9134108315070506,4.126837844423839,0,0,6.14384012950557,3.100167720934742,0,0,0,1.3875911674648833,0,3.5061810096530124,2.2135176798528846,3.1565287602780643
0,5.174316937397911,3.602601794962183,0,0,0,0,0,0,1.55071222843047,0.10338273620649119,0.8927230967674333,2.7026866084210113,0.5791046776961437,0,0,0,0,7.053567139303983,0.025442235565371618,2.4113444982425207,0.8307934304100755,2.531304794479219,2.236058138924083,1.3064805660441117,2.344541771016562,0,2.067281979372627,4.160049147997107,0,3.460934187967659,0,0,0.0878121016839799,11.451140621717219,1.6951249275079334,0,0,0,0,0,0,0,0,0,0,0,9.142667225137316,1.216619292972105,4.974316937397916,3.0026017949621817,0,0,0,0,0,0,0.55071222843047,0.9966172637935102,0.5072769032325652,4.002686608421008,0.9791046776961494,0,0,0,0,10.753567139303978,2.92544223556537,6.911344498242521,5.569206569589923,4.468695205520781,10.736058138924086,9.406480566044113,8.74454177101656,0,5.167281979372628,7.160049147997107,0,5.660934187967655,0,0,2.4878121016839785,14.551140621717213,4.795124927507935,0,0,0,0,0,0,0,0,0,0,0,12.342667225137319,2.283380707027895
0,0,0,0,0,0,0,0,0,0,0,12.731073813366265,0,1.0355649092037709,2.6517141042896277,0,0,7.247784076924312,4.814401824643841,4.238083599001392,4.336605838560132,1.5882651362735416,1.0626511005118786,0,0,0,0,0,3.634022144271043,4.420404861141829,0,11.634910960536718,0,0,0,9.959917628254267,0,0,0,0,0,0,0,0,0,0,0,0,0,0,0,0,0,0,0,0,0,0,0,13.931073813366261,0,1.7355649092037666,4.851714104289631,0,0,6.052215923075686,10.614401824643846,7.33808359900139,9.23660583856013,8.888265136273546,8.66265110051188,0,0,0,0,0,6.834022144271039,7.620404861141832,0,13.934910960536723,0,0,0,13.659917628254263,0,0,0,0,0,0,0,0,0,0,0,0,0
0,0,0,0,0,0,0,0,0,0,0,0,0,0,0,0,0,2.9512536693145393,0,1.48421642955552,7.57868323852589,3.708520057593592,0,2.3328164780716243,2.2338967912128567,0.7503778516968396,0,5.886981923972485,2.0302427764711695,0,0,3.0505319761950567,2.2584355281894375,3.758005642579924,1.3497026101368377,4.736401093753514,0,0,0,0,0,0,0,0,0,0,0,0,0,0,0,0,0,0,0,0,0,0,0,0,0,0,0,0,0,13.851253669314538,0,4.684216429555523,1.3786832385258947,5.5914799424064086,0,8.167183521928376,7.566103208787144,6.149622148303159,0,3.2869819239724833,0.6697572235288334,0,0,6.050531976195057,5.2584355281894375,6.858005642579926,4.849702610136838,7.63640109375352,0,0,0,0,0,0,0,0,0,0,0,0,0
0,0,0,0,0,0,0,0,0,0,0,0,3.17027219291451,0,0,0,0,13.97530690504335,5.192089449156139,3.7178065681719374,3.2103776743560566,6.8242140542021446,0,0,0,1.8895427425389961,0.25068253947799235,1.7712837514573394,0.529384702456511,0,0,0,0,0.07750166152291627,0,0.216497485275724,5.073723080460333,0,0,0,0,0,0,0,0,0,0,0,0,0,0,0,0,0,0,0,0,0,0,0,1.470272192914507,0,0,0,0,1.0753069050433481,0.6079105508438616,6.717806568171941,3.0896223256439406,2.4757859457978597,0,0,0,7.289542742538998,3.0506825394779895,1.2287162485426606,2.470615297543489,0,0,0,0,2.4224983384770837,0,2.1164974852757226,7.073723080460333,0,0,0,0,0,0,0,0,0,0,0,0
0,0,0,0,0,0,0,0,0,0,0,0,0,0,6.30287984445296,13.247068695914454,2.6104861536980373,6.347571516239434,4.628792342831865,0,0,0,4.1485115140663,6.2785667424021305,4.597242516654717,2.9653257436931284,0.1662904769208211,11.307740709925426,6.198356461762856,10.153121159983662,5.617059419027154,0,3.494960892686997,15.82663339060516,1.0412053492897257,0,0,0,0,0,0,0,0,0,0,0,0,0,0,0,0,0,0,0,0,0,0,0,0,0,0,0,4.502879844452959,13.947068695914453,2.6104861536980373,3.452428483760567,1.471207657168133,0,0,0,3.051488485933703,1.4214332575978688,2.902757483345283,2.634674256306873,3.733709523079181,8.007740709925429,8.798356461762857,13.153121159983662,7.517059419027152,0,6.694960892687,19.126633390605157,4.641205349289727,0,0,0,0,0,0,0,0,0,0,0,0,0,0
0,0,0,0,0,0,0,0,0,0,0,0,0,0,0,0,2.4030809179028694,2.32496923585947,5.179263273498847,2.154341296158968,7.857251136093723,0,3.3583605969018144,3.9933517382401575,1.7484473075919382,6.179473734423727,0,2.7083531281384197,2.9236612045072974,3.8620574266907823,1.577334353003991,9.128911192723344,0.17371221511703538,0,5.708891388539541,0.7283515154130171,0,0,0,0,0,0,0,0,0,0,0,0,0,0,0,0,0,0,0,0,0,0,0,0,0,0,0,0,3.3969190820971313,9.37503076414053,8.479263273498844,5.054341296158974,11.757251136093721,0,7.958360596901816,9.493351738240158,6.948447307591934,10.579473734423726,0,0.19164687186157892,1.323661204507296,1.262057426690781,1.077334353003991,8.028911192723342,0.42628778488296604,0,2.7088913885395414,0.6283515154130228,0,0,0,0,0,0,0,0,0,0,0,0,0
0,0,0,0,0,0,0,0,0,0,0,0,0,0,0,0,0,2.733276781310991,3.6115979139993115,2.3297223867044927,3.5669146112106205,0.5372967264402888,1.1424835998068303,1.9892354562343932,3.675309435651009,3.487193560866615,2.144961975575505,0,2.557967239006288,3.279375299616838,1.656911953677131,2.567999175413327,1.337287640589068,0,2.759080209947477,5.754803567674571,0,0,0,0,0,0,0,0,0,0,0,0,0,0,0,0,0,0,0,0,0,0,0,0,0,0,0,0,0,16.43327678131099,1.5884020860006913,4.429722386704494,1.033085388789381,6.062703273559713,7.042483599806829,7.689235456234389,9.575309435651008,8.08719356086661,1.655038024424499,0,5.6579672390062825,5.979375299616834,3.4569119536771353,0.16799917541332832,3.5372876405890636,0,5.159080209947476,8.054803567674568,0,0,0,0,0,0,0,0,0,0,0,0,0
0,0,0,0,0,0,0,0,0,0,0,0,0,0,13.150918258323895,17.25119823488364,0,8.998399676396229,1.4970393075053856,0.7486697947115672,0,0.8976924281693499,1.1573555988412139,0.8072844902739433,0.9578203545987733,0,4.879414061568276,0,0,0,0,0,18.96118628241915,4.623187047536291,0.007315122217363523,7.277189439811792,0,0,0,0,0,0,0,0,0,0,0,0,0,0,0,0,0,0,0,0,0,0,0,0,0,0,14.850918258323894,18.75119823488364,0,4.901600323603773,6.497039307505386,3.0486697947115644,0,7.197692428169354,4.542644401158789,6.507284490273939,6.657820354598769,0,8.079414061568272,0,0,0,0,0,21.56118628241915,7.2231870475362925,2.9926848777826365,10.67718943981179,0,0,0,0,0,0,0,0,0,0,0,0,0
0,0,0,0,0,0,0,0,0,0,0,0,1.4628519237607023,0,0,19.14583854483365,21.283904539621062,0,2.7013490007251804,0,0.04648101095734347,3.076316667068866,0.08181227929788548,0.6059588695722553,2.3354355523036787,11.968302012106491,3.323280194316368,0,0,0,0,0,0,4.006561689640094,10.898719413128902,16.662679526121167,0,0,0,0,0,0,0,0,0,0,0,0,0,0,0,0,0,0,0,0,0,0,0,0,0.7371480762392935,0,0,20.64583854483365,14.68390453962106,0,6.801349000725175,0,5.146481010957345,9.37631666706887,6.481812279297884,7.705958869572257,4.56456444769632,17.36830201210649,1.176719805683632,0,0,0,0,0,0,5.306561689640098,10.198719413128906,17.46267952612117,0,0,0,0,0,0,0,0,0,0,0,0,0
0,0,0,0,0,0,0,0,0,0,0,0,0,0,0,24.99619621354532,13.698830028081389,18.054610792385184,6.424378887544705,0,5.743889795362634,3.609661056060858,0,0,0,0,0,0,0,0,0,0,0,0,0,0,0,0,0,0,0,0,0,0,0,0,0,0,0,0,0,0,0,0,0,0,0,0,0,0,0,0,0,26.99619621354532,8.598830028081387,4.754610792385186,2.124378887544708,0,11.343889795362635,1.8903389439391418,0,0,0,0,0,0,0,0,0,0,0,0,0,0,0,0,0,0,0,0,0,0,0,0,0,0,0
0,0,0,0,0,0,0,0,0,0,0,0,0,9.796526227324389,0,19.684411901693558,20.530729792698207,4.15272083100999,3.611649420523591,0,7.833202782978663,2.9857350046351456,6.469295788756369,3.7180977481881428,0,0,1.1567182024186522,5.450608224044657,10.686180002448836,0.537370179821103,9.181862151217455,0.32877964279338556,2.4111407609051696,1.198080132812251,15.144275756377528,2.223805464637671,0,0,10.993363592703858,0,0,0,0,0,0,0,0,0,0,0,0,0,0,0,0,0,0,0,0,0,0,7.39652622732439,0,17.98441190169356,13.130729792698205,11.84727916899001,8.811649420523594,0,11.233202782978662,5.185735004635141,3.2692957887563665,7.4180977481881385,0,0,3.5432817975813506,9.15060822404466,7.7861800024488375,3.1373701798211044,10.681862151217455,2.5287796427933813,1.1111407609051653,0.49808013281225527,15.644275756377528,3.0238054646376753,0,0,12.293363592703855,0,0,0,0,0,0,0,0,0,0
0,0,0,0,0,0,0,0,0,0,0,0,0,0,0,20.495392935678424,20.770423619737223,0,15.0224458787443,0.2223091121549743,7.498904017941783,0.3588485927311922,8.603194453375622,4.290209818989098,2.361354230076394,0,5.714712081191784,12.17511074133727,1.386435258094565,5.139853305615411,1.028372198004206,8.43515269560281,5.6042565650459295,0.37104197038149067,8.686491102378348,17.458448405884663,0,0,0,0,0,0,0,0,0,0,0,0,0,0,0,0,0,0,0,0,0,0,0,0,0,0,0,23.995392935678424,14.970423619737222,0,19.9224458787443,4.177690887845024,3.098904017941784,3.8411514072688036,13.703194453375623,0.9097901810108979,7.361354230076394,0,1.61471208119179,15.57511074133727,3.886435258094565,8.239853305615412,3.828372198004203,10.93515269560281,7.904256565045927,3.0710419703814864,11.986491102378345,21.658448405884666,0,0,0,0,0,0,0,0,0,0,0,0,0
0,0,0,0,0,0,0,0,0,0,0,0,0,0,0,0,0,0,9.685004918261157,8.937050311262155,6.717532204172926,1.9728536615938737,5.471915815608483,4.857292642888609,3.9203220674295665,0,0,0,0,1.3625179571113364,2.1595174477692325,9.885006347229233,7.426230702998893,8.509860171110809,2.819913092620723,6.999168333749374,10.21944221891766,0,0,0,0,0,0,0,0,0,0,0,0,0,0,0,0,0,0,0,0,0,0,0,0,0,0,0,0,0,7.2850049182611585,10.53705031126215,3.417532204172929,3.1271463384061278,1.1280841843915184,3.142707357111391,2.7796779325704364,0,0,0,0,4.362517957111336,0.8404825522307675,12.68500634722923,10.026230702998895,11.10986017111081,5.11991309262072,9.099168333749375,13.319442218917661,0,0,0,0,0,0,0,0,0,0,0,0
0,0,0,0,0,0,0,0,5.232219282001829,0.9055986914185539,10.772037479204606,5.552682629891088,0,0,10.1722332482858,13.582819344856297,6.703392025873786,0,0,3.8041468054512286,17.628262756296593,0.2702639087834271,2.2660604713862043,1.4644728847767254,4.957183373057681,0,0,0,0,7.058439415223532,8.696178657412446,7.968016210012763,0,0,0,3.7745527148335043,5.9314756210075,9.655517878824554,0,0,0,0,0,0,0,0,0,0,0,0,0,0,0,0,0,0,7.632219282001834,3.505598691418548,7.772037479204606,2.352682629891092,0,0,12.072233248285798,15.0828193448563,5.403392025873785,0,0,5.604146805451233,13.328262756296589,6.729736091216573,5.333939528613797,10.164472884776725,3.7428166269423144,0,0,0,0,9.158439415223533,10.296178657412447,9.368016210012762,0,0,0,5.374552714833506,4.9314756210075,5.055517878824553,0,0,0,0,0,0,0,0,0,0,0
0,0,0,0,0,0,0,0,0,0,0,0,0,0,0,0,0,0,0,0,0,0,0,0,0,0,0,0,0,0,0,0,0,0,0,0,0,0,0,0,0,0,0,0,0,0,0,0,0,0,0,0,0,0,0,0,0,0,0,0,0,0,0,0,0,0,0,0,0,0,0,0,0,0,0,0,0,0,0,0,0,0,0,0,0,0,0,0,0,0,0,0,0,0,0,0,0
