0,0,4.082907331639923,5.2515350544044,5.048110960268403,3.570311270998225,0,3.3660626887018523,12.385619387165814,0.3602004664659759,0.8881115403444753,0,7.069234460672455,2.4187417453526265,0.3204825949022805,1.4822437185678403,0,0.823253699124411,8.163869319106507,12.801748777231694,4.1168030926405805,0,5.748130619342618,8.952461292275181,2.9484924751378614,4.838015445618424,0,0.9001431235735282,9.979335170347884,8.743568874719937,2.4143730377365458,0,1.4608481115927532,3.961128810738032,1.0957933070117818,2.6107570498039934,0,3.5280508898882275,2.71336481847851,3.0560548172347524,4.680521156585705,0,8.203968413399132,0.2135177528522263,1.3264838024268144,3.445829295933102,0,9.17406559262185,0.12937299768515942,9.939897616274237,3.082907331639923,0,6.148110960268404,2.6703112709982264,1.3641723147473428,2.6660626887018566,0,0.8602004664659759,0.4881115403444767,2.7697215460554574,6.969234460672453,0,0.2204825949022826,2.8822437185678424,7.560940000136572,1.676746300875589,0,8.201748777231693,0.6168030926405805,1.3986999479197308,0.24813061934261782,0,5.65150752486214,2.1619845543815757,7.950164415614907,4.099856876426472,0,4.543568874719938,0.9856269622634528,3.2568531468614452,1.6391518884072482,0,1.604206692988214,5.510757049803992,5.507403307328737,6.928050889888226,0,5.456054817234751,7.280521156585706,1.5499212953830082,11.10396841339913,0,4.426483802426816,0.6458292959330976,2.9103369547354063,12.274065592621852,0
0,0,4.1333858842990665,8.3578672926946,12.102962722733615,5.514525448983626,0,3.2501649456603943,5.920322453647039,10.440737362117432,4.646898666343915,0,12.427973894953901,6.939144232228109,3.1350885980345886,7.125735033805761,0,4.15832251552888,3.8170293735492464,9.296584697224084,2.1057899112765455,0,2.5711529424206603,0.8364946229780514,3.5269054612118396,6.647413113657567,0,3.141405154087767,6.465767689918977,6.599763649149473,1.9886839455243575,0,3.572729089552716,7.656911566922929,9.481280115989144,3.671161539065423,0,0.13682468113385937,3.9898442790549993,4.162139617552818,1.358311577600638,0,6.635108721724009,1.1353687553760565,9.704547410437726,0.2635787282748723,0,7.649163216859154,9.343130863657905,4.384961953985034,2.733385884299068,0,10.902962722733612,4.414525448983625,2.005714266685416,4.250164945660394,0,9.740737362117429,5.246898666343917,6.082063100354745,12.8279738949539,0,2.8350885980345915,7.925735033805758,11.256200472447254,6.558322515528879,0,14.49658469722408,6.705789911276543,1.924867690791217,8.07115294242066,0,10.726905461211839,12.747413113657569,7.717566859470747,8.34140515408777,0,10.299763649149469,5.18868394552436,9.240717803033917,6.672729089552718,0,12.28128011598914,6.871161539065419,5.170774989467716,3.836824681133855,0,6.362139617552813,3.7583115776006366,7.754180896701385,9.535108721724008,0,12.40454741043773,2.336421271725129,4.725998452875018,10.649163216859154,0
0,0,4.697345622931216,0.022700306183367047,13.055068543382866,3.2844351154627134,0,2.7670882678605793,8.238662926912184,7.393713328603113,1.4638999022722814,0,0.6768589161031002,0.11504567181352598,0.5092374307390166,5.787321535591161,0,4.172340924830177,5.541709827906164,2.9169642746742603,5.632511955637508,0,4.572763734493684,5.6633880477163565,1.9553872968213746,4.964936160125884,0,0.3932209297304823,1.3505178494344676,0.7900115206789451,1.1154551108244561,0,2.7791757382830014,5.02062630669559,5.584159541601135,3.990768718883885,0,2.740801219778959,7.222890475966828,3.9632269091128265,2.250212406461536,0,3.630551900204182,6.159855092741239,0.28512120078494263,5.4817440367080295,0,1.2704654870888987,2.4794136069123596,2.5187005432308283,6.197345622931216,0,14.255068543382869,2.2844351154627134,4.241957006772495,3.5670882678605835,0,6.893713328603113,1.9638999022722814,6.640859671995564,0.4768589161031045,0,0.7092374307390159,3.8873215355911626,10.98783014972145,1.672340924830177,0,3.483035725325742,0.33251195563750713,0.2667892808209089,0.8272362655063148,0,4.9446127031786276,10.664936160125883,5.669516839684427,4.493220929730484,0,4.990011520678941,4.615455110824456,5.213854509498454,5.5791757382829985,0,8.784159541601138,7.190768718883881,0.8982877910213745,6.040801219778963,0,6.4632269091128265,0.4497875935384599,9.210019846519536,6.5305519002041805,0,2.614878799215056,8.381744036708028,0.4338802418735952,4.670465487088897,0
0,0,4.680594239175825,7.005116396877195,4.557551668919231,0.7326302662213706,0,3.1432403022344744,1.4281078813327568,3.1649439784600517,7.6375021529326474,0,1.5165454462862726,6.455155882605773,3.0300818377786563,1.2097295752793222,0,3.2231753787309643,3.4211315096411887,1.247525117401569,5.855005139373773,0,2.614692533022101,3.4656013974798228,1.28841880468741,1.6872803862956083,0,0.4584753285251182,1.7177686013992854,4.219061955856716,6.304624824096653,0,6.652974333940207,4.349340406681023,6.534985738629253,0.3211612004300832,0,3.5806429005529594,2.9149556699937946,7.23622034455088,8.648129874552666,0,3.009289680035039,0.6894743394879015,1.5821252385316598,0.17973665126545058,0,5.270067295905768,4.081959572924383,2.373260793233733,2.880594239175828,0,3.0575516689192312,2.1326302662213763,8.76525358184341,1.9432403022344715,0,2.0649439784600574,6.6375021529326474,11.416946395046544,0.7165454462862755,0,3.4300818377786584,1.4097295752793215,1.8799847131002245,7.0231753787309685,0,9.247525117401569,12.955005139373775,7.114947963613652,8.914692533022098,0,4.511581195312587,6.687280386295608,6.9103288675030115,4.858475328525117,0,7.919061955856712,9.404624824096654,11.99500667884497,9.052974333940206,0,9.534985738629253,3.4211612004300775,7.845752781495783,6.980642900552958,0,4.836220344550881,11.248129874552667,6.988923112433724,5.709289680035042,0,4.282125238531663,2.420263348734551,8.02914278548645,7.970067295905771,0
0,0,6.254317800551426,8.939754395184075,2.511985067573825,0.3058518793999667,0,5.124139635437253,2.921273999723631,4.202195798024512,0.7407919771332487,0,3.622460352403415,0.6805117636698057,1.3297405016935926,3.293435581880871,0,8.97034712996114,4.80331765523254,10.772002155342708,1.2135136120641654,0,3.9752080107474868,3.1882549219095964,2.020362221428119,3.158784816648204,0,3.074392645011841,3.632746467609202,2.654798121854661,2.665793776212773,0,6.29514277370486,6.764723046483379,6.525116374660151,6.549056474121706,0,7.717666017741482,6.5546325733762245,1.7989962929263825,2.6339246701360466,0,4.909673397904413,2.6459234720531057,2.5877654970252237,0.15126268843135904,0,8.964856400799313,2.0977054966553794,4.1105669313850655,8.354317800551428,0,0.6119850675738263,2.2058518793999653,7.74643871021167,3.224139635437254,0,2.702195798024512,0.7592080228667513,1.757201246913361,2.322460352403418,0,0.8297405016935926,2.093435581880872,7.3001150218008455,7.470347129961141,0,15.072002155342709,4.486486387935834,5.834868176759066,2.8247919892525175,0,4.67963777857188,8.658784816648204,3.974929873448467,7.174392645011842,0,6.55479812185466,5.565793776212772,9.701349749218348,8.995142773704863,0,9.02511637466015,9.249056474121709,8.02918639341165,10.817666017741477,0,0.6010037070736161,5.033924670136052,0.3412424740368536,7.70967339790441,0,5.587765497025224,3.151262688431359,0.3047020658017132,12.164856400799316,0
0,0,0,5.775402298155072,4.403912102050683,2.6025923734810235,0,4.882521844322248,0.7094394649535545,9.778684456861924,2.56093020020419,0,0,1.3105126372305378,3.2165017579363706,0.5409511738747916,0,2.8248780850948556,2.3818420751044656,0.037661829729728424,2.6320648868517615,0,0,5.729628675633421,1.0467610630212647,5.257195128415248,0,11.298422623878231,5.415159784774211,9.624388389278245,7.753824723539861,0,0,8.431165767429391,5.30844874343078,4.8446036684788965,0,7.717529963699139,1.971963850771587,4.196838069841313,0.8037541833206987,0,0,0.8220409176424042,1.0304546619683421,0.65926393641152,0,0.5372390180891173,1.707978591066471,8.221667375336004,2.7458700009572183,0,0,0.7025923734810178,2.2126333115676573,2.9825218443222496,0,8.278684456861924,1.06093020020419,9.207818886672435,2.5326581540402415,0,0,2.2409511738747945,5.759478296837479,0.6248780850948528,0,6.262338170270272,4.367935113148242,2.148562072454027,8.58092069626571,0,0,0.9571951284152505,9.185406013113855,15.898422623878233,0,13.524388389278243,11.15382472353986,9.81784002945692,7.469425023063799,0,0,7.8446036684788965,5.166613174680975,11.017529963699143,0,6.596838069841311,3.2037541833206973,3.1533335112313807,12.907285879801186,0,0,2.040736063588483,11.646057042487953,3.437239018089116,0
0,0,0,0.602505454517626,2.253082970143808,3.7125955258780365,0,5.304643888751201,0.6061084331835289,6.563810632944126,13.320941514004744,0,0,1.6190318992656216,1.0894010345094607,8.29296188569689,0,4.006792067318351,0.6066572340687593,13.974231607433342,3.0974159280715554,0,0,4.910520703941035,8.021960389764352,2.256621059592888,0,2.867587235209214,1.4071244723813834,11.882007066119066,3.1389465343170215,0,0,7.668928992533807,7.857268581546343,11.043205436250517,0,2.0139548945472967,7.852623820918389,0.6868041790200294,1.4050445514080323,0,0,3.412878975226583,0.6615777265234684,0.0182249773418377,0,2.352991830170133,6.97789649043839,3.492559278027997,2.3269020798732782,0,0,2.112595525878035,2.5010927529859543,6.804643888751201,0,5.463810632944124,12.320941514004744,2.1800178804499595,1.0093595214528932,0,0,8.392961885696891,2.636130166456571,3.906792067318353,0,12.674231607433342,2.1025840719284474,2.462586319981078,2.5002054971766228,0,0,9.756621059592888,5.964723483481542,6.367587235209214,0,15.382007066119066,6.1389465343170215,9.43531417731337,8.708015519630607,0,0,12.443205436250516,6.778625866655311,5.2139548945472995,0,2.8868041790200323,3.5050445514080337,5.900028922369323,7.098436536627254,0,0,2.7182249773418334,4.647564205660643,5.2529918301701315,0
0,0,0,6.050003830859097,6.483830290305534,1.6391142680831123,0,0.6214220972762163,1.7809916771045664,10.86166941104107,8.242410436320103,0,0,10.73678064717489,1.4811212054748673,8.692755642884528,0,5.067028422763723,2.436546781881191,0.4363540470798313,8.715741572312542,0,0,7.637090296558036,9.242791829824412,1.7107795297515942,0,0.8076562324598839,4.522572244205893,3.4879761305723775,8.075435900956489,0,0,5.026264010321647,6.2981586306266095,2.1698695115191455,0,6.1826105327249365,1.402628989154266,5.471803117557805,6.671261330209845,0,0,6.981005306766143,0.8233194692676591,7.299558241842362,0,6.5081099767585755,5.560888432366646,4.860438868112574,7.109315493685038,0,0,3.9391142680831095,4.316057392008858,2.7214220972762178,0,8.961669411041072,9.842410436320105,2.7438360263072212,4.661843298029936,0,0,9.192755642884528,9.428376355576905,5.167028422763725,0,0.9363540470798313,3.415741572312541,6.188782851197679,2.7845359817569957,0,0,5.989220470248405,8.497684987158664,4.907656232459885,0,6.9879761305723775,11.275435900956492,8.235379032287483,11.985928727794036,0,0,4.46986951151915,10.659047695322606,9.282610532724938,0,7.771803117557809,8.871261330209848,8.757114299079738,15.81489546771656,0,0,9.999558241842365,7.5320621966090755,3.5081099767585755,0
0,0,0,9.93325940157063,9.792995430651196,0.5911920722990303,0,5.496368219330719,9.62300267118389,5.371141964423707,12.091450461588515,0,0,0.8571158996492798,9.164219287239334,1.2789189626304633,0,4.753354708024137,5.122614157624199,2.441653344309824,3.8624459843755368,0,0,0.4921240864547407,2.372563581328137,7.338789966799894,0,1.7071808964844948,5.976177659692034,5.548288898722067,5.5728042631574795,0,0,5.501112802835841,8.17364925465554,7.792320699600751,0,5.607391812052107,3.2270875351858734,7.327775057250555,1.4457905315351312,0,0,0.24836338946064984,5.189247584813749,3.8666844895575494,0,3.725177935202332,6.14315377922177,7.793562344959497,1.572000436521698,0,0,1.208807927700974,9.38368683609599,3.696368219330715,0,7.071141964423703,10.191450461588516,5.024610664189062,6.105705866476818,0,0,0.37891896263046476,8.371601331101012,3.7533547080241405,0,0.841653344309826,9.562445984375536,7.310065006492103,8.314817772450688,0,0,0.23878996679989228,7.657518919918559,2.692819103515511,0,10.048288898722067,9.972804263157485,13.027110387225761,15.357044986042787,0,0,10.692320699600756,6.658842231401906,8.80739181205211,0,9.727775057250554,3.8457905315351297,0.689141953111374,4.0769355955379325,0,0,6.866684489557549,4.7736980821361925,0.6251779352023306,0
0,0,0,11.395668587269988,5.741536230393407,19.536082440006226,0,1.5343990858701346,10.162961081252597,4.132262672350855,3.437186243037047,0,0,4.3919673614065715,1.7715902363982323,2.2920757035090915,0,6.772235538253263,5.305392652206322,14.19713802535815,7.262645370632946,0,0,0.715888988653127,2.654618066557461,4.3188777184678315,0,5.200634432486417,17.994008557082875,2.9268420255488508,5.000174100125136,0,0,9.654973193168114,9.056017673317491,8.983419373552668,0,0.06713792736568536,3.8915792637440276,2.5372569598217396,5.143144612888989,0,0,4.670504459340428,2.92566910724198,1.7152312594412464,0,4.660011882717704,3.779843449005341,3.677905437759307,12.23551157414606,0,0,19.536082440006226,1.2907036315525175,1.4343990858701403,0,3.632262672350855,3.8371862430370456,0.34779465794995446,0.6364051877982391,0,0,8.792075703509092,6.461860872150872,7.772235538253263,0,14.797138025358151,9.762645370632946,1.9134619966199935,6.965875545289112,0,0,8.118877718467836,10.12401969619168,8.800634432486419,0,6.326842025548849,7.400174100125135,12.333356359195147,16.748237114598183,0,0,11.083419373552669,1.207161412647359,1.6671379273656797,0,4.837256959821744,7.143144612888989,11.043422282546679,5.31747806297134,0,0,3.615231259441245,1.599893076866195,3.0600118827177027,0
0,3.819214767860757,0,0,10.716837798955588,16.381220068026053,3.7174014130334143,0,1.3448027428837506,12.694905050319953,4.16761083795658,18.872822323644566,0,0,2.5849905143858436,4.609820774797345,0.21730698345703559,0,12.233708705578962,5.13341818858202,1.2943901052385343,8.838801835880268,0,0,1.9700577914386201,2.137522719957218,5.063165752345128,0,1.39667956659234,2.500519708010472,6.247634421931426,6.224542148096759,0,0,6.417048304610255,9.338290523495694,9.319978316914415,0,2.7591338130447625,0.1531928478673592,5.0615919049748825,0.019666037075637632,0,0,1.5989462356654442,0.4635185223909062,3.798665346767038,0,12.605302398173372,1.7192147678607554,8.250548483602344,9.468777866952635,0,0,2.8174014130334157,1.7171480521635942,2.8448027428837506,0,5.567610837956579,16.372822323644566,7.61619233558617,7.273986019953497,0,0,2.182693016542963,8.37392231308051,10.733708705578962,0,0.5056098947614629,8.638801835880265,2.5331241693526962,9.818339013510165,0,0,9.16316575234513,2.550645708413711,5.196679566592337,0,8.647634421931432,7.724542148096759,4.854612748339136,9.10084580081164,0,0,11.019978316914418,11.041517045649336,5.059133813044767,0,7.0615919049748825,2.080333962924364,15.708602757651157,6.207778239561797,0,0,6.698665346767044,0.32716089029788975,16.00530239817337
0,5.366253174992266,0,0,8.838464658701653,3.578062995257085,3.2271128315868225,0,14.727819095101317,4.245063662494175,8.470078681735394,4.623517247257183,0,0,4.8776026264734895,7.107489439198687,3.85021369239783,0,13.733482273682228,1.8409907180307599,3.5530416786357364,14.018593101851486,0,0,2.009699869886127,7.740652229410898,12.188592915845959,0,11.798003515466569,3.5073135506754127,4.370326202761412,6.701559172600625,0,0,12.804788347843456,2.350418452762554,10.014258703201016,0,6.168043874282439,2.7554456637306686,7.584831347615285,17.15745254650174,0,0,1.2091484502423597,6.83213981269882,1.2158305195942418,0,5.134855375039969,5.266253174992265,6.546190780315484,5.762282941390097,0,0,3.627112831586821,3.1490671624838527,15.427819095101313,0,7.67007868173539,3.4235172472571804,3.5644430833062373,6.791668436973602,0,0,5.150213692397827,9.19615240654251,11.233482273682228,0,3.7530416786357392,13.518593101851486,10.536488878164484,13.153964459413498,0,0,15.488592915845956,0.029322015708217464,14.89800351546657,0,8.470326202761413,9.40155917260062,8.21781417742703,13.284549177454313,0,0,10.714258703201018,4.333027451426908,8.068043874282438,0,9.784831347615281,19.457452546501738,7.100740061042075,8.459062776726647,0,0,4.015830519594239,11.681467761571191,8.034855375039967
0,4.617089705069382,0,0,6.685179949694678,8.099367433998275,3.7802947940649645,0,7.882182248658211,5.650950269359889,0.9856122812620711,6.152722506945977,0,0,3.9568517994497654,2.440810432191334,11.180816718792954,0,0.8322557082310027,3.9814195156926893,5.089357109246091,0.34251614523783047,0,0,1.243669214791332,0.25414623901531996,10.363543126892061,0,10.537099647027453,4.712467075865767,4.038619761479936,1.5125283017281816,0,0,8.814986190529922,8.730484347605188,1.5976873244628678,0,0.658612456998398,4.921642359003847,10.200037330213831,3.689738844918388,0,0,13.544399059876877,2.4910745247690826,2.533926181363391,0,8.694764055618414,4.91708970506938,0.29884010290904683,9.892698934029493,0,0,3.680294794064963,1.2291548054800074,7.982182248658212,0,1.1856122812620669,5.652722506945977,3.818004167964993,5.59648754444197,0,0,12.580816718792953,4.769052371854535,0.6677442917689973,0,7.789357109246087,2.9574838547621667,4.515175196746384,6.703369216464903,0,0,15.563543126892064,4.831254550887046,5.937099647027452,0,0.13861976147993715,1.887471698271817,2.6242702131507087,7.108815760698775,0,0,3.4976873244628663,0.5671126755721971,1.1413875430015992,0,11.700037330213831,5.389738844918391,8.349668077750103,4.01449734252116,0,0,5.233926181363387,5.65419205112299,11.694764055618414
0,7.480634237237659,0,0,3.59549333018078,0.02300827304069486,4.421940778394081,0,4.417913890246517,4.696293943560683,5.36438274480799,7.629961620166647,0,0,8.328147945227364,22.237481692021646,9.096742830812108,0,2.554820483595911,10.495252363447243,0.14140901171234788,0.5475994690845241,0,0,0.5426247976612331,1.6169316938645295,6.7079493535280506,0,4.821639193071828,0.21643418815359183,2.2108538821930566,4.987149897128241,0,0,15.500187269936319,14.816271098569374,14.190144991643393,0,3.5515995570567043,5.436571921530643,2.617675759925241,13.563906791751826,0,0,3.1139917159964483,7.816402718204898,11.278028809080169,0,17.847472238309297,6.380634237237665,4.892585138530876,9.033195575402736,0,0,4.3219407783940795,5.188100213090024,4.8179138902465155,0,5.6643827448079875,6.729961620166641,2.6616408643522576,4.288101323569968,0,0,10.896742830812112,9.612338286430312,4.654820483595913,0,3.1585909882876564,4.24759946908452,6.669267755537831,10.735410901345446,0,0,0.6079493535280491,10.123827283914391,10.521639193071824,0,6.310853882193058,7.787149897128238,10.793188636321013,6.824306314589201,0,0,15.990144991643398,4.856247258951932,4.951599557056703,0,3.5176757599252397,14.763906791751829,10.363341899330258,10.776348180776381,0,0,13.478028809080172,13.551470787718948,20.6474722383093
0,3.4958737027588285,0,0,11.142127428194126,15.703623427880984,2.627581614480924,0,5.767681366185364,10.8070047539126,11.38117476188632,0.07141016302200143,0,0,23.24675710693146,13.130144449375674,4.97807073267882,0,0.06758469407410672,1.376048162865203,3.3468714155780255,10.66970295755532,0,0,1.5153678534942188,12.172694191774042,8.007566949037518,0,3.0179880148590357,9.864893421093221,6.528136952295075,8.805499136520773,0,0,7.557972503870701,0.4153176005041104,5.509649675465539,0,9.971354048973552,5.726696635761513,3.708104303664868,2.4332913497225164,0,0,1.7443491357902872,5.09269016409236,5.081036401268882,0,2.871201593744182,2.695873702758824,1.2205305696290552,2.4267995131499873,0,0,2.2275816144809184,1.9700957014486562,6.0676813661853615,0,11.681174761886325,0.27141016302200427,5.199851992736072,13.635772167952279,0,0,5.97807073267882,8.844168785885184,2.0324153059258947,0,5.746871415578024,13.369702957555315,2.9397724715594933,7.996404848671922,0,0,13.407566949037516,11.189740712851869,1.9820119851409643,0,10.628136952295076,12.105499136520777,7.929244958933289,19.31350032888364,0,0,7.909649675465545,14.460813637042452,12.071354048973554,0,5.808104303664869,4.833291349722515,8.53862968707407,5.527572111302803,0,0,8.38103640126888,14.008760329522719,6.871201593744182
0,6.447838053993685,0,4.384892241596283,0,12.1480111463015,8.172567706955803,0,2.552577016551311,6.443051787063261,15.402952518139386,1.8443665351091028,0,13.562241554570974,0,12.966837218430467,0.7479003193585712,0,3.496175326945483,5.202488312025391,0.5563658834478353,4.217195396561834,0,4.245382126691705,0,0.2332437666367042,9.064883699776416,0,11.912110139744613,3.1908937962803243,5.172078769038308,0.05090082862848533,0,4.312969203540153,0,4.206941978854907,5.374155976998161,0,0.14603690869384423,2.269086523481377,4.798808032089305,2.728811316082826,0,3.5570923959199305,0,5.14185500624739,3.5663045561855853,0,0.5966008420172528,5.347838053993691,3.356495618162697,5.084892241596286,0,11.548011146301505,0,2.4732796595744304,3.2525770165513066,0,14.802952518139385,1.2443665351091013,1.78005023873326,12.162241554570976,0,13.966837218430467,0,2.737765619153322,1.8961753269454817,0,1.8436341165521632,0.4171953965618336,2.907555719605284,2.654617873308297,0,6.833243766636706,0,0.1960430131823685,6.612110139744615,0,0.4720787690383119,4.250900828628488,8.333887742972802,7.61296920354015,0,7.306941978854908,0,5.654619483085227,2.84603690869384,0,7.198808032089303,0.02881131608282317,4.774523364399329,6.757092395919933,0,1.7418550062473912,0,0.2781698386230076,4.796600842017249
0,1.7678674035735114,0,7.808214762669444,0,7.433242692232916,7.617782340079003,0,20.567458065322505,1.7041915387987885,4.572968311930829,9.61941079755993,0,0.502302658322229,0,15.156018751939826,8.557606103468604,0,7.605132372059394,2.7181433437134856,12.213762690140967,5.5213489440720736,0,7.662983765725045,0,7.25503484454299,2.417797579634467,0,10.308940809472354,10.113251189054413,9.408463575372245,12.721671973832645,0,15.930689933575344,0,15.276034405070398,4.7210034409079,0,1.1646631306695667,8.609835549805933,4.259376255073356,3.7844197471990526,0,0.7703670865408156,0,5.610691353911278,5.309568105465168,0,3.058123561808138,0.6678674035735099,8.10642444302401,8.708214762669442,0,8.533242692232918,0,12.588533772786459,19.667458065322506,0,3.9729683119308277,10.11941079755993,1.2889133662234329,2.497697341677771,0,15.556018751939831,0,4.673855061723415,9.805132372059397,0,14.813762690140969,9.921348944072076,13.931501629044586,15.36298376572504,0,14.755034844542987,0,12.601079529633285,15.80894080947235,0,13.508463575372247,16.42167197383264,17.30122069395136,18.430689933575344,0,17.4760344050704,0,14.121370715021094,3.764663130669568,0,6.259376255073356,6.884419747199054,7.407900069629562,4.470367086540811,0,9.410691353911282,0,8.389681379930629,7.758123561808141
0,15.238655295467474,0,0.5698216212884475,0,8.060797550332097,1.0263191932670637,0,11.767093369472857,8.112617662035248,9.94491282507807,6.076040384438514,0,5.4171291353397955,0,6.983243423177157,7.63415720560036,0,3.1695596531448125,6.58565992905767,8.206748999294557,12.370057875511456,0,9.853352212498386,0,12.145530085216233,6.211736663211877,0,8.442155005540961,5.61402652148222,5.925415595990632,4.953432271760491,0,8.17174009336506,0,4.292817568519187,4.612226770478152,0,6.692734584434721,7.070341361583889,1.9688066402310866,6.593336104683047,0,4.661228633252403,0,2.773439393753499,5.592323935552056,0,6.3731797400669095,14.838655295467476,6.8057330360808095,0.5698216212884475,0,7.360797550332094,0,8.376970261029648,12.567093369472854,0,9.344912825078069,6.576040384438514,13.54133343698841,6.617129135339795,0,6.983243423177157,0,0.6343859881573799,3.8695596531448118,0,6.506748999294558,7.670057875511457,6.592901637466536,0.7466477875016153,0,2.145530085216233,0,9.760519639334088,14.042155005540963,0,10.125415595990628,8.35343227176049,12.571330187618738,10.371740093365055,0,6.692817568519185,0,2.1417593998860767,8.992734584434718,0,0.3311933597689176,9.29333610468305,14.777426811883274,8.061228633252401,0,6.273439393753499,0,13.75767893806249,10.47317974006691
0,1.239073790543607,0,6.81703382454679,0,3.771860445242858,1.4771083972401016,0,5.194613628287144,11.573254919333923,4.102741498775956,14.405849760966191,0,9.33334536611899,0,9.63507905253191,5.327316359558576,0,0.2670801410671828,2.875140246209618,4.720105404033951,5.700833835898237,0,12.506082646226325,0,4.996743065450108,6.343085140842497,0,4.722922467962871,13.233177443580907,6.686451822745074,0.6202820331245782,0,8.381734329982667,0,8.987102979325499,1.712858599316128,0,0.6543713036227388,2.125017292666122,14.79351086142809,9.464124359813557,0,13.529647925982935,0,1.8151310571150248,0.968940533945144,0,0.6560260838897847,2.1390737905436055,3.0683337767895367,6.31703382454679,0,4.971860445242861,0,2.774117398072576,6.194613628287144,0,3.002741498775954,15.505849760966193,2.972074880346419,7.233345366118989,0,9.83507905253191,0,4.3942225030813695,0.8329198589328186,0,2.020105404033952,0.2991661641017629,0.7590053632392788,1.4060826462263272,0,5.203256934549891,0,9.656540439672888,10.122922467962873,0,10.686451822745074,4.120282033124578,12.076471676468682,10.781734329982665,0,11.287102979325496,0,2.6225908873838293,2.3456286963772612,0,17.89351086142809,13.164124359813552,10.865780096376255,17.72964792598294,0,6.315131057115025,0,4.507159432502824,4.743973916110214
0,0.34935725370472426,0,2.4834435891436897,0,10.608888434278448,1.1629183401810224,0,9.76241858629373,5.54651073674917,8.83071611974751,4.149679756307101,0,8.377939350337364,0,4.105883725983489,4.015549869589108,0,9.607225106338419,7.130808581530552,10.325821203008811,0.4007225559592449,0,0.9242749773903434,0,2.2238783496977526,10.43695353049657,0,0.3763402148517976,0.32752617893241265,10.290327474813843,9.652580617399384,0,4.31171933949263,0,7.88224826751593,1.5107860689710222,0,4.902776831566406,1.7824675948793853,1.253194841022868,5.283670384589232,0,2.1104975565978776,0,1.4849631244268409,0.25162043047601657,0,3.781168204798327,0.14935725370472852,5.593341980534255,2.6834435891436854,0,9.808888434278451,0,6.1475241108788765,10.562418586293727,0,9.530716119747506,4.749679756307103,8.82021052125252,9.077939350337367,0,3.2058837259834867,0,3.784525332573402,8.507225106338417,0,8.625821203008812,4.200722555959246,12.164301386905304,9.224274977390344,0,5.7761216503022474,0,2.282387549332551,4.623659785148202,0,14.490327474813839,13.352580617399386,9.024874313052287,7.0117193394926325,0,10.482248267515931,0,0.8810637680951459,7.802776831566412,0,4.253194841022868,8.583670384589237,12.984445647577289,6.010497556597876,0,2.8150368755731563,0,5.989033487537576,1.2188317952016732
0,3.7795661331687356,4.873401480341471,0,0.011411009807090977,0,5.027627699513246,11.758969797113394,0,10.519190733885672,11.303879925676995,7.679542604598943,0.9344171546972859,0,8.768371227501426,0,9.433954244162067,2.1351627491699823,0,1.7095730289320024,10.79806203454752,1.5660133173581237,1.882384494269271,0,9.766068673630745,0,5.332238502765783,0.0705382997676054,0,6.224803808852748,7.662775111420167,5.740748702812759,7.068340200335324,0,8.78229712037962,0,5.278956185053012,0.9414134645401191,0,1.2928390810210928,9.001065736334553,4.894981871554521,2.1833648324352595,0,3.127970876953526,0,9.05204926234492,4.774040872148255,0,3.879566133168737,4.573401480341474,7.48810394000531,0.21141100980709382,0,4.027627699513246,0,6.128758207832533,9.519190733885672,0,6.879542604598939,0.034417154697287344,12.106432326508092,8.968371227501425,0,9.533954244162064,0,0.5581657430690967,0.6904269710679962,0,5.433986682641876,7.41761550573073,3.3741660867912273,1.9339313263692546,0,2.567761497234219,0,8.712383513919306,10.92480380885275,0,9.540748702812756,9.868340200335329,6.390360741919874,11.082297120379618,0,2.3789561850530134,0,3.1133699645029935,4.4928390810210885,0,8.79498187155452,6.583364832435258,14.31857962133456,1.7720291230464724,0,13.952049262344918,0,6.548702980356872
0,2.5372936581743772,2.5683849161809746,0,10.549710134324194,0,3.5520246668559707,3.6314077365912425,0,14.207059951685153,1.6389613073905878,2.8171856972886147,5.456416514900937,0,22.775411570367083,0,10.645125086232557,2.2181006424507217,0,3.6766902668525603,13.375408750922748,14.541617951080966,18.004757234842543,0,19.71375983107031,0,13.281504771968567,8.16016529958674,0,6.703078804205859,3.887821252192648,0.9905418134826327,0.9781026589428556,0,1.8225313424328853,0,0.7761575389631474,4.254591488284262,0,2.0855375620556913,0.5405486499986907,2.3863155843842776,12.027638311683866,0,11.686465388852788,0,5.100372582718904,2.9507330965958403,0,1.737293658174373,3.668384916180976,14.371879104750903,9.9497101343242,0,2.652024666855972,0,11.660544717335952,13.407059951685149,0,3.417185697288616,6.156416514900933,2.7589686100194726,22.275411570367083,0,10.945125086232558,0,14.443035614614779,1.7766902668525617,0,8.341617951080966,9.304757234842544,4.878958085280868,8.01375983107031,0,5.181504771968566,0,6.349178801225925,2.0030788042058596,0,2.70945818651737,1.6218973410571422,4.175361658605706,4.322531342432885,0,3.976157538963143,0,0.3814068927369405,5.585537562055691,0,6.286315584384276,15.827638311683863,5.015308314905802,15.586465388852787,0,1.00037258271891,0,4.833465963050152
0,8.78792066634663,0.5111995774294158,0,9.490820809675256,0,5.07471144878928,0.24702067020253082,0,22.169181419451007,1.638427809376843,4.326717316125283,14.614224916512534,0,11.608589271408956,0,11.715883151524796,6.85824726569744,0,5.200855232127434,3.5124661646570168,11.338241517215359,13.814162857933447,0,10.821791005954012,0,3.856370114657153,5.174140793282984,0,1.9447684571353072,7.514107512455766,8.169308411851642,5.316411606201033,0,11.014177597789022,0,3.640849769285147,9.866600332253999,0,3.3869265006568128,0.4058441125689285,8.77116227389378,3.024689289393258,0,0.558781008090314,0,2.289732402731346,2.4444438788635097,0,9.987920666346625,0.6888004225705799,10.657155898698505,8.490820809675256,0,4.174711448789282,0,6.163561646300536,21.469181419451004,0,4.826717316125283,15.114224916512534,6.8102984795871215,11.108589271408956,0,11.715883151524796,0,14.896669775151953,3.000855232127435,0,4.138241517215359,4.214162857933445,12.198671288112202,0.7782089940459898,0,3.2436298853428482,0,0.7104940694131301,5.744768457135308,0,11.269308411851643,8.11641160620103,4.144818771726101,13.814177597789026,0,0.0408497692851455,0,12.390453080772001,6.886926500656813,0,13.071162273893783,1.3753107106067404,7.490661547126223,4.0412189919096875,0,7.089732402731343,0,12.921179303768277
0,4.8862212571346575,4.380321933159138,0,21.816244564316044,0,6.541999470328427,9.610781396528488,0,2.88831221929496,6.762493592341755,3.162794715656176,6.811725531194078,0,8.042952160754034,0,0.4184559547941511,10.967852492233021,0,13.191594528860335,10.647952201932728,4.227528364777452,13.651223325014744,0,9.602669480582989,0,1.4122236199820009,0.36941563994681914,0,8.830075391424227,2.626592676380376,7.234876419016732,2.422645599093457,0,5.067326221493104,0,4.888973140239656,2.192871177641159,0,1.8455973881261016,1.134493085591913,3.194245382109152,6.911300925974871,0,0.6347391318459046,0,1.0371852183170986,9.674187139726143,0,4.486221257134659,4.980321933159139,0.4758887281676607,21.416244564316045,0,7.441999470328426,0,8.197824329613674,3.88831221929496,0,2.2627947156561774,5.9117255311940795,0.957574285870578,7.242952160754033,0,0.38154404520584606,0,16.02899673492585,10.791594528860337,0,2.3724716352225492,5.0512233250147425,13.103202489177942,1.297330519417013,0,6.287776380017998,0,0.9503261878052207,4.230075391424229,0,10.734876419016732,0.8773544009065404,7.617032212368553,7.867326221493109,0,1.5889731402396592,0,3.6679662968775517,5.045597388126097,0,0.7057546178908467,2.211300925974875,2.996003311110883,4.6652608681541,0,6.337185218317096,0,9.24050751400101
0,10.00999626485941,3.0663240996452856,0,3.035920857988579,0,7.776277920661265,2.9926718250825246,0,2.4069593676801446,12.289045958047343,20.04806567630488,5.472129448450708,0,3.6267199024005237,0,0.583843275928345,1.52295140086553,0,7.5305303129966035,23.26540176131782,4.242978137981172,6.475552578650234,0,0.7941256172363218,0,6.906852844350144,5.767951195484589,0,2.0852478997658466,2.5415210647085544,5.062291964513413,4.066055291887544,0,6.6635841731123655,0,8.870359539302694,6.475562778865196,0,6.924251440420875,1.4130087063298902,5.860702308666596,5.467036159259315,0,6.649304227732543,0,1.8410264131264356,4.60551874678832,0,8.909996264859409,4.266324099645281,6.908851899080204,4.035920857988579,0,8.776277920661265,0,13.326119262963253,3.3069593676801503,0,20.54806567630488,5.7721294484507055,6.552851144912424,2.8267199024005265,0,0.28384327592834424,0,2.098996470547693,4.930530312996602,0,3.4570218620188307,3.324447421349767,6.96974530950558,13.394125617236323,0,0.10685284435014353,0,3.550973429795821,6.785247899765849,0,8.662291964513415,7.4660552918875425,12.472138239144307,9.663584173112366,0,12.57035953930269,0,13.821813456223744,10.424251440420875,0,1.2607023086666018,10.467036159259315,9.707187937597162,12.149304227732543,0,7.341026413126436,0,7.624501054067046
0,6.391485821491251,7.666590787592241,0,2.2203986390039887,6.784365461918021,0,4.51351723567155,0,11.894828201563094,1.0107326751728891,3.723216140641391,3.9044429459770384,0,0.7984740889695274,7.1834235950511705,0,3.6394291823678664,0,6.668657489895523,0.7381283477627427,7.23203349676179,4.512850325994098,0,1.1085960511535013,15.302058542462618,0,2.650255412638572,0,9.048439484304506,4.4383043574509955,3.2981151670896693,1.152272293285062,0,4.659819739711825,3.1909342269918035,0,5.998875223777759,0,1.881861775590508,0.5057075261390409,2.3953561299241244,3.9125933801305237,0,8.183469488529695,0.21639826259125527,0,2.182584831657394,0,5.29148582149125,7.06659078759224,2.75218988073528,1.7203986390039887,0,5.846729035320138,5.313517235671554,0,11.394828201563094,0,3.4232161406413937,4.00444294597704,5.668315285672374,0.3984740889695253,0,5.7758071475123,4.339429182367866,0,4.968657489895524,0,1.4320334967617896,3.0871496740059037,1.797710129174824,11.8085960511535,0,1.3669150898248894,3.449744587361426,0,4.548439484304506,0,7.298115167089669,2.3477277067149416,0.29936008387618074,7.5598197397118305,0,4.019050531475877,2.5988752237777604,0,1.118138224409492,0,1.5046438700758742,8.512593380130518,3.8118632164777253,2.78346948852969,0,4.176160867541263,3.9174151683426004,0
0,8.990036556369859,5.797311106948513,0,9.159032527934862,6.051106438642378,0,10.31120934792137,0,1.0836772027244592,4.088156129386434,1.8354832456937658,6.797979706163694,0,1.8446804157193277,3.878675124934162,0,6.196076389325238,0,7.1391813031773275,14.093344523593764,0.7103585568497337,8.488446313363465,0,11.34278399725395,5.107781132970789,0,0.7246119704893488,0,3.074757654444017,2.4510471348244707,2.622004211084217,0.39873495755862365,0,1.4551518132829528,0.8634517496116132,0,4.228435187188282,0,7.788853206806241,5.039394306558506,3.8344396851927414,1.610847877269535,0,3.703323942612819,3.1585128245404306,0,10.970988924682125,0,7.690036556369861,4.59731110694851,5.008427292834469,8.159032527934862,0,1.3180625940398087,9.911209347921371,0,1.0836772027244592,0,2.2354832456937643,6.497979706163697,1.3531582289252384,2.3446804157193277,0,16.823627277209667,5.296076389325236,0,4.739181303177329,0,6.289641443150266,0.811553686636536,13.147712299268587,0.0572160027460491,0,0.3429268049875276,6.624611970489347,0,7.474757654444016,0,6.3220042110842165,2.501265042441375,8.464570735732384,4.25515181328295,0,2.2891413418561797,8.12843518718828,0,11.288853206806241,0,8.034439685192744,6.610847877269535,4.584779851251874,1.9966760573871767,0,3.6036378872625363,17.17098892468212,0
0,10.46251514257063,1.2272800795538785,0,1.7706813962403558,6.265403695881865,0,3.6522446200599745,0,7.595572550279201,6.347380688175491,2.2197925536073555,3.057023781705553,0,1.6678599520998674,7.03143678317981,0,2.5998446095405576,0,2.5417715915278976,9.29443678312077,12.715377354273322,1.7944565148302338,0,5.397612301551597,7.315636606451481,0,2.126195792088925,0,1.6686053616871774,1.8182863138142409,0.998964601383129,8.752982758447558,0,8.620952538380696,8.571691145729837,0,4.50533426928974,0,1.8201499880313108,11.421440352930858,7.626295685469209,6.432562909463051,0,4.797698556589218,11.724176036215482,0,7.582871752371151,0,8.86251514257063,2.2272800795538785,13.068802420560242,2.6706813962403544,0,6.0539036757436335,3.052244620059973,0,7.395572550279198,0,2.319792553607357,2.857023781705557,0.4952540558748879,1.8678599520998702,0,10.473979952372808,2.0998446095405576,0,0.7417715915278968,0,6.915377354273321,6.105543485169768,0.656464711850731,5.402387698448404,0,5.891080625689725,3.6738042079110755,0,5.968605361687182,0,4.898964601383131,12.152982758447564,12.192636121999957,11.320952538380698,0,9.774643245790717,7.705334269289736,0,1.0798500119686878,0,3.9262956854692064,10.83256290946305,3.9561034666786057,0.19769855658921642,0,5.802761611193667,12.282871752371154,0
0,2.7138428969202053,0.12541353659629095,0,1.7158728043579998,4.129319940913085,0,0.28671178666157004,0,7.023415451431731,1.9462100620361227,9.515456016217776,0.20579414114122585,0,6.431962524040415,5.166972937622884,0,2.123811831761305,0,12.598116111202017,4.971469858154105,5.123145194018726,6.980441921649504,0,10.618492780461292,14.507220857292449,0,10.30727879276143,0,3.7867335852188084,1.7451388750858499,0.09693107054756922,4.809072193963239,0,6.0567204278973,3.2706139380308343,0,2.7108117437162917,0,10.364165603190838,2.5036648473683556,4.5785617174795235,1.788048863088548,0,10.892523313295506,0.1364422983179665,0,12.273575647690603,0,0.11384289692020388,2.125413536596291,4.059685425361785,0.1158728043579984,0,5.382803668384959,1.28671178666157,0,7.6234154514317325,0,9.315456016217773,0.505794141141223,14.75899863455978,6.531962524040413,0,17.852021745365125,1.7238118317613065,0,10.898116111202018,0,11.523145194018724,2.2195580783504987,0.988139534448738,1.2815072195387103,0,3.7161560046687363,3.80727879276143,0,0.7132664147811916,0,3.703068929452428,7.709072193963237,4.073760883405342,8.5567204278973,0,10.716278373234374,6.510811743716296,0,13.664165603190835,0,8.978561717479522,2.8119511369114534,11.13203958164609,15.092523313295501,0,14.286905324691894,16.273575647690603,0
0,9.528940905226378,4.940643314918923,0,1.4785358346205015,5.2778579064240745,0,1.5067334005997637,0,2.6924448241850243,5.595286406411468,2.020851518816876,4.455183686526453,0,6.261373113352732,2.197499238679864,0,4.663668078395968,0,6.395230335939367,10.555686927029033,10.945794514369801,5.2688238797013796,0,14.679111212879011,11.07276215672573,0,10.770184735231073,0,11.180754625307298,21.961112229037806,3.607665844856001,2.1517714154032817,0,1.4229128562172662,2.6344564965953268,0,3.5708606330591337,0,1.750131243848017,2.6181141675141717,2.9098168430393514,0.4884227617084491,0,1.5339145952028943,1.5805235340660104,0,0.2707096704017431,0,8.528940905226378,4.440643314918923,1.1266227755973404,1.8785358346205001,0,2.611047377609985,1.3067334005997608,0,2.4924448241850286,0,2.520851518816876,5.055183686526455,7.086649651000549,5.561373113352733,0,5.097186690819068,5.663668078395968,0,5.995230335939368,0,8.3457945143698,9.168823879701378,1.8883108977706264,7.1791112128790076,0,11.547213486640754,5.770184735231073,0,7.280754625307296,0,0.5076658448559996,1.1482285845967226,0.0780098551897126,0.877087143782731,0,4.375705692407834,6.770860633059129,0,0.749868756151983,0,0.10981684303934713,3.8884227617084477,5.411754850312384,1.9660854047971057,0,2.168031164738075,3.6292903295982626,0
0,6.393418956314356,1.2376422181565303,5.478954290836775,0,2.460439279454981,4.088463942505548,0,5.113148187846448,0,3.8167287318222236,6.677193155402264,3.694576152629594,1.1967054290614243,0,1.6943684276169257,1.914610061975928,0,1.958342079871528,0,2.6481833612864207,12.340123061572527,10.88446785003951,19.835578570563776,0,4.913903683248371,8.404338887573488,0,3.647734046888644,0,0.02726042745437951,0.6578768725100588,3.978845097706987,2.959196773127182,0,6.350211145988595,5.154205259509979,0,5.2867559828842445,0,6.079298564408916,4.915727444481114,0.0372255587444954,4.193210984591623,0,0.6770390376541826,5.238431476013574,0,0.585275937337741,0,0.3376422181565317,6.278954290836779,2.954622703627429,3.0604392794549824,0,12.02038137526992,4.913148187846446,0,3.8167287318222236,0,3.994576152629598,0.49670542906142856,0.012595406493524308,5.605631572383075,0,5.802094639489006,0.14165792012846623,0,1.7518166387135778,0,3.284467850039512,10.435578570563777,0.8979448013078013,3.086096316751629,0,3.7632824971300636,7.247734046888645,0,3.0272604274543795,0,6.67884509770699,5.259196773127179,9.031891154178538,9.45021114598859,0,1.2151563811337738,7.886755982884246,0,3.17929856440891,0,3.362774441255503,7.593210984591622,9.689714924631083,2.6229609623458146,0,2.7198183000348877,4.4852759373377395
0,7.408118437343809,0.26254873190430317,5.840933878133647,0,4.434028767878317,5.90790220805858,0,19.929462009203284,0,3.279291867390704,3.2169102958343103,8.173599296998653,5.524179334054214,0,6.718151704760295,7.610473930581964,0,4.157619739430849,0,3.1511963806855476,11.122640989346671,6.832823599494169,6.476918265688056,0,6.764150077743594,1.5373105094453052,0,14.424470749361404,0,8.586736366159442,5.54851519704679,0.4571873179776489,4.00742116788193,0,1.780331355620305,3.8345562344802246,0,5.957707746122281,0,5.108062427146052,8.100012977663425,10.338103457093244,3.447013563868069,0,1.0631997541052627,5.795201632629528,0,11.250994710386507,0,0.1374512680956954,6.04093387813365,2.956253233620018,4.234028767878314,0,7.297855014611649,20.029462009203286,0,3.079291867390701,0,8.573599296998651,5.524179334054214,9.96884453812729,0.41815170476029095,0,3.7906693734100116,1.6576197394308494,0,0.9488036193144467,0,0.06717640050582929,1.8230817343119412,7.259201815346678,0.26415007774359367,0,2.7091631816542687,11.524470749361399,0,6.486736366159441,0,1.5428126820223511,6.00742116788193,6.656596379927095,3.480331355620301,0,2.3518315959722287,3.157707746122277,0,2.608062427146052,0,13.538103457093246,0.24701356386806594,1.5045401390261972,3.86319975410526,0,8.609742404953288,14.850994710386509
0,1.8140043844773928,2.459513576226122,0.3053623543759798,0,1.7074136861271754,0.2546790028898229,0,4.374125415454245,0,1.5367913503879649,1.9112833581275979,5.804973755176562,8.195021922330326,0,0.9884376158249566,4.810450326079813,0,9.475556684908124,0,7.42358764454773,6.657796938572311,1.4753435917515851,5.3781332572295355,0,4.648422550077129,4.187317446138451,0,1.9656543528622592,0,0.14887934014934956,1.6736259171418055,0.6498210071231654,2.3796342401480572,0,2.249242199609867,8.424955458491816,0,0.7255791262618558,0,2.158302483809692,6.951870028386146,0.2670763940332179,4.249395159854153,0,1.20115228047937,2.066307327381118,0,5.634346574346104,0,2.7595135762261194,0.09463764562401877,2.4713518269782497,1.4074136861271782,0,14.972120990413778,4.174125415454242,0,1.336791350387962,0,6.004973755176557,7.6950219223303264,11.931983189514582,5.811562384175041,0,11.225776529852467,11.775556684908128,0,2.9235876445477302,0,9.375343591751584,3.8218667427704602,9.532061347286117,1.051577449922867,0,4.469671499494261,0.13434564713774222,0,1.9511206598506448,0,1.950178992876829,4.6796342401480615,4.810806065293491,0.9507578003901358,0,6.62527359195942,3.8255791262618573,0,5.0583024838096975,0,3.567076394033215,7.54939515985415,10.99607842141733,1.8988477195206315,0,10.090307121539944,9.534346574346102
0,7.627131639567985,14.911167741200408,1.4171654772362459,0,2.1313685605877595,1.7205553553512516,0,10.407137159479262,0,14.699022985420285,3.6380548923680323,4.024842396058048,4.33879537977365,0,5.148196073479429,6.417408402627899,0,2.2082540200782574,0,1.407794850681114,15.01761421309699,0.18298491769695602,7.683428467888305,0,4.195467430176233,2.1259871515716,0,6.962023348359544,0,6.720238951159708,4.636974628142163,8.760254965517646,10.499973860677553,0,4.168031569735618,0.7809137549975915,0,11.279360272780874,0,4.549306754697682,9.296629658966268,10.542966685211901,11.874633293803157,0,3.2745522997323206,1.2470807442227994,0,0.09830296979043851,0,15.01116774120041,1.5171654772362473,3.3261279301283793,2.3313685605877623,0,4.295782708481042,11.207137159479267,0,15.49902298542029,0,5.024842396058048,4.138795379773654,8.913837192535855,7.048196073479431,0,1.0749147592726658,2.2917459799217426,0,7.607794850681117,0,6.517015082303047,0.28342846788830656,4.023903178820731,9.295467430176235,0,3.7130793929986297,3.962023348359544,0,4.420238951159703,0,11.060254965517643,13.199973860677556,3.9837499579266975,7.168031569735618,0,7.5223664754721185,13.97936027278087,0,7.149306754697683,0,13.642966685211903,14.874633293803157,12.297402540720775,0.37455229973232207,0,10.098496291739835,3.2016970302095658
0,5.08702731789446,0.4647758405159408,1.2649882697217976,0,4.826291762270685,5.792187003912247,0,10.14442508904488,0,1.9969501955803466,3.286283199591608,5.3409097267395325,5.699848755331942,0,12.775092081951914,14.194197575406822,0,2.8383303360364174,0,13.211375227160136,5.233880704249842,12.842188811832909,12.108547729834719,0,8.358163214612908,3.8135763079248406,0,3.0740979700095252,0,6.45127399926605,1.6893937139296682,3.292838418025088,3.404292166196413,0,2.8865891684929537,1.3268378444238422,0,5.3130537978811745,0,0.30016772093474486,0.9096532198663922,0.3186533161120195,2.922053357283154,0,1.0682952273306867,0.0061810096530123815,0,0.6434712397219329,0,0.26477584051593794,1.0649882697217947,9.574530943751206,4.726291762270684,0,2.720806326121817,9.444425089044877,0,2.596950195580348,0,4.540909726739535,6.7998487553319436,4.276098335944951,13.975092081951914,0,2.849321109702423,1.9616696639635833,0,7.411375227160136,0,3.6421888118329093,0.9085477298347158,10.021589474696722,1.2581632146129067,0,4.942459311068049,0.17409797000952665,0,4.051273999266051,0,5.592838418025085,0.40429216619641295,8.840470810773645,0.9134108315070506,0,4.988445038250333,8.113053797881179,0,3.100167720934742,0,3.081346683887986,0.4779466427168515,1.3875911674648833,2.331704772669312,0,2.2135176798528846,3.1565287602780643
0,5.174316937397911,3.602601794962183,6.935827980776153,0,5.124262379465122,7.0458259648482695,11.184699908164681,0,0,0.10338273620649119,0.8927230967674333,2.7026866084210113,0.5791046776961437,0,0.4939169192745787,3.604546004906382,4.129196026612789,0,0,2.4113444982425207,0.8307934304100755,2.531304794479219,2.236058138924083,0,2.344541771016562,1.792652636211848,2.067281979372627,0,0,3.460934187967659,8.720229450448564,1.9478898936914675,0.0878121016839799,0,1.6951249275079334,6.010065937183768,9.58153162639556,0,0,2.388398612819529,1.5980325660596364,9.276406783873345,3.0141298538909496,0,4.221396542699878,2.638161517521901,9.142667225137316,0,0,3.0026017949621817,6.335827980776152,2.4855709320063966,5.724262379465124,0,10.284699908164683,8.409703722278152,0.55071222843047,0,0,4.002686608421008,0.9791046776961494,9.128860189056041,0.5060830807254213,0,11.129196026612789,10.753567139303978,2.92544223556537,0,0,4.468695205520781,10.736058138924086,9.406480566044113,8.74454177101656,0,5.167281979372628,7.160049147997107,4.58650726199641,0,0,4.347889893691466,2.4878121016839785,14.551140621717213,4.795124927507935,0,6.681531626395561,10.153695425488312,7.489700658598387,0,0,12.476406783873347,0.11412985389095098,3.847104438643008,7.121396542699877,0,12.342667225137319,2.283380707027895
0,11.291254829817085,8.987656662277075,4.730795561536709,0,5.088790762901411,1.725455434586685,1.7520727396731104,0,0,1.1000575098972973,12.731073813366265,4.448356936555953,1.0355649092037709,0,6.149486322441014,10.830658012463225,7.247784076924312,0,0,4.336605838560132,1.5882651362735416,1.0626511005118786,0.10038727310635309,0,2.721557467343839,0.96356528711312,6.56500802780808,0,0,6.459956515130884,11.634910960536718,7.746989253156457,7.1690389302626265,0,9.959917628254267,4.8557544907107655,0.5695829323218433,0,0,6.927611610854136,13.19253680037233,0.9250014915746405,4.023606375661387,0,0.11718643082636504,1.2512247649123722,5.29123478588609,0,0,9.187656662277071,4.430795561536712,1.641342550575061,5.388790762901415,0,1.0520727396731147,1.239162198654114,0.44871168597835975,0,0,3.448356936555953,1.7355649092037666,4.851714104289631,8.849486322441013,0,6.052215923075686,10.614401824643846,7.33808359900139,0,0,8.66265110051188,8.40038727310635,10.09498781837361,8.521557467343843,0,9.865008027808084,6.834022144271039,7.620404861141832,0,0,10.546989253156454,10.069038930262625,6.46971910751342,13.659917628254263,0,3.0695829323218433,3.573971398756754,1.2962413709274117,0,0,2.3749985084253566,0.5236063756613873,10.892964731785,3.317186430826368,0,1.8912347858860912,3.6150662233724447
0,9.025820088612601,6.935943248541562,6.674708096876223,0,3.6670028293759955,12.425420903695183,2.276071837772953,0,0,0.381069784710661,1.641428558640655,14.408717240448517,3.7994022716453344,0,7.7436268673618756,6.3877081863931195,2.9512536693145393,0,0,7.57868323852589,3.708520057593592,5.65145634689538,2.3328164780716243,0,0.7503778516968396,2.586577095284511,5.886981923972485,0,0,4.012843834726759,3.0505319761950567,2.2584355281894375,3.758005642579924,0,4.736401093753514,6.250645949432183,12.485330168732634,0,0,2.8573428996765458,11.774278060111811,4.984826286368602,6.363613673884785,0,3.616431873313992,13.159414421669375,0.5714520202073103,0,0,6.435943248541562,7.174708096876223,9.250422838297837,2.76700282937599,0,0.976071837772956,9.152383614868413,6.719847199329948,0,0,16.20871724044852,1.0994022716453387,7.7039101064730175,6.343626867361877,0,13.851253669314538,0.5434499214867365,4.684216429555523,0,0,3.648543653104621,8.167183521928376,7.566103208787144,6.149622148303159,0,3.2869819239724833,0.6697572235288334,2.235270827732606,0,0,5.2584355281894375,6.858005642579926,4.849702610136838,7.63640109375352,0,14.585330168732636,7.247132332575298,3.83656369345713,0,0,8.384826286368607,2.763613673884784,4.672062593889642,0.08356812668600355,0,4.271452020207313,6.550325436570873
0,10.31037812682331,1.1068169337330644,8.580040830192708,0,11.759519897975622,9.659054700692415,14.40969849803098,0,0,10.537340160578296,0.799916284201089,3.17027219291451,2.310721783821087,0,3.9777706286273293,1.3119472326311161,13.97530690504335,0,0,3.2103776743560566,6.8242140542021446,0.23309006508110386,0.46085739553979366,0,1.8895427425389961,0.25068253947799235,1.7712837514573394,0,0,4.820187673964725,1.6652774169561582,4.235324252748395,0.07750166152291627,0,0.216497485275724,5.073723080460333,19.593728683826384,0,0,12.53431125465,5.267775252508038,12.395669350324994,3.8708184451835237,0,4.950269349689087,0.734293598506099,6.662692495797671,0,0,1.8068169337330673,7.780040830192711,3.78185639000845,11.059519897975626,0,12.809698498030986,4.426852879421631,2.576205744365282,0,0,1.470272192914507,4.210721783821086,3.636768531884801,2.27777062862733,0,1.0753069050433481,0.6079105508438616,6.717806568171941,0,0,8.733090065081104,8.660857395539793,7.271720398677786,7.289542742538998,0,1.2287162485426606,2.470615297543489,2.5699571242731096,0,0,6.6353242527483935,2.4224983384770837,5.784810088939061,2.1164974852757226,0,21.89372868382639,14.865888533546698,5.916166729890662,0,0,15.495669350324988,7.170818445183528,12.343400826442657,8.350269349689086,0,10.562692495797677,5.417973730971326
0,5.012540889171028,3.297402652936995,9.884954269300763,0,1.6314567011678704,2.559604375358461,11.068999721236182,0,0,1.4908179546097031,6.243000825633608,3.1050216023881703,15.820234987795612,0,13.247068695914454,2.6104861536980373,6.347571516239434,0,0,6.386527662920873,6.245108202237688,4.1485115140663,6.2785667424021305,0,2.9653257436931284,0.1662904769208211,11.307740709925426,0,0,5.617059419027154,3.834297999232362,3.494960892686997,15.82663339060516,0,6.185908572651378,2.614282514302772,4.343790896642972,0,0,1.6196337355732382,0.417403251484032,7.252008467071541,3.38474169438863,0,8.470844604845198,4.005641631771816,1.6125777648534836,0,0,5.497402652936998,11.984954269300765,0.46147184948237907,3.731456701167872,0,13.368999721236179,10.249630180206978,7.659006545954689,0,0,0.3050216023881731,14.120234987795609,4.502879844452959,13.947068695914453,0,3.452428483760567,1.471207657168133,0.020921951981947018,0,0,3.051488485933703,1.4214332575978688,2.902757483345283,2.634674256306873,0,8.007740709925429,8.798356461762857,13.153121159983662,0,0,6.694960892687,19.126633390605157,4.641205349289727,9.385908572651381,0,5.943790896642973,0.37050971719352077,4.756459431241318,0,0,4.252008467071541,6.584741694388633,3.3094180691184505,11.770844604845202,0,5.112577764853484,7.929206239569972
0,1.8160888961395258,5.347143515233135,6.6072153107147855,10.03711903856545,0,8.111225701814412,5.297420477828396,11.80229309538607,0,0,19.99688642301101,4.818378821446153,3.617365970507983,5.595845032896474,0,2.4030809179028694,2.32496923585947,5.179263273498847,0,0,0.4026006037011385,3.3583605969018144,3.9933517382401575,1.7484473075919382,0,3.819931459266055,2.7083531281384197,2.9236612045072974,0,0,9.128911192723344,0.17371221511703538,2.6035926239611413,5.708891388539541,0,0.6081956408808082,4.4730997644537425,5.14948910555367,0,0,11.345457726350489,3.7694961192128034,2.506899879154865,7.625247918872333,0,1.4430078791853376,7.136808135847566,6.200395864842527,0,0,5.707215310714787,9.03711903856545,13.464461871954946,9.111225701814412,0,10.40229309538607,15.417961920353001,4.544536624630204,0,0,3.117365970507983,3.795845032896473,5.089318420060742,3.3969190820971313,0,8.479263273498844,5.054341296158974,11.757251136093721,0,0,9.493351738240158,6.948447307591934,10.579473734423726,7.319931459266055,0,1.323661204507296,1.262057426690781,1.077334353003991,0,0,0.30359262396114417,2.7088913885395414,0.6283515154130228,1.6081956408808082,0,3.949489105553667,7.623621530633976,8.417183458874199,0,0,5.006899879154865,4.825247918872336,13.310664689845716,4.343007879185336,0,2.8003958648425282
0,1.6866552292541854,18.925992975460442,1.320930704479018,1.1636989672453595,0,7.761468337053586,6.215203757478712,0.1535934776275738,0,0,4.89886794627796,8.875449022713177,9.296257575846582,24.324825013982945,0,9.314012935384465,2.733276781310991,3.6115979139993115,0,0,0.5372967264402888,1.1424835998068303,1.9892354562343932,3.675309435651009,0,2.144961975575505,8.871136088205674,2.557967239006288,0,0,2.567999175413327,1.337287640589068,0.016899222067337405,2.759080209947477,0,10.12581893542805,12.39562775473371,7.202951684643224,0,0,3.1971516891161613,5.320527130594279,4.736076179069848,8.636604500980592,0,11.616625481780844,1.454991630872243,6.4017096749766225,0,0,0.5790692955209806,0.7363010327546391,5.596864598578648,6.061468337053583,0,2.2535934776275752,5.038438125629781,2.7547793010657884,0,0,7.396257575846583,26.224825013982944,10.347895198780538,5.414012935384463,0,1.5884020860006913,4.429722386704494,1.033085388789381,0,0,7.689235456234389,9.575309435651008,8.08719356086661,1.655038024424499,0,5.6579672390062825,5.979375299616834,3.4569119536771353,0,0,2.1831007779326654,5.159080209947476,8.054803567674568,8.525818935428049,0,8.302951684643226,0.8570772206103925,0.9975216099811917,0,0,7.036076179069852,11.136604500980592,2.1475559447375474,14.216625481780845,0,3.101709674976618
0,1.530167468898128,1.1665604465202435,14.471464727502187,0.6367199814041697,0,15.457985859916931,7.279076051720686,11.44310677370504,0,0,1.3811006989904087,9.536602049890043,8.991378288912003,13.150918258323895,0,3.9819029104545365,8.998399676396229,1.4970393075053856,0,0,0.8976924281693499,1.1573555988412139,0.8072844902739433,0.9578203545987733,0,4.879414061568276,7.838291770994594,3.3527497711037313,0,0,9.542493106544875,18.96118628241915,4.623187047536291,0.007315122217363523,0,13.657506096755547,18.1315069649537,14.339206978603158,0,0,3.4526825654329514,1.6398351248119596,4.575828757799215,6.15196841350415,0,3.256574412868247,17.159041402535294,1.4741346695425932,0,0,13.071464727502189,1.936719981404174,0.10882290113286786,14.257985859916928,0,13.043106773705034,22.11216159628877,8.314709162678362,0,0,8.091378288911997,14.850918258323894,18.75119823488364,0.11809708954546494,0,6.497039307505386,3.0486697947115644,5.217459487326657,0,0,6.507284490273939,6.657820354598769,8.677407840529959,8.079414061568272,0,6.6527497711037284,1.2690256892040352,8.420454556395207,0,0,7.2231870475362925,2.9926848777826365,10.67718943981179,11.357506096755543,0,16.139206978603156,19.595650069608574,11.33201073906033,0,0,6.575828757799215,8.351968413504153,14.424453711051342,5.656574412868245,0,4.174134669542596
0,2.2580448000256723,1.6593364546948948,0.22004166159937455,4.848534767570257,0,0.17898931378054783,2.085217922409406,8.840674919302558,0,0,1.130432168547486,1.4628519237607023,2.2771401842674877,13.082874813513541,0,21.283904539621062,17.5327206170354,2.7013490007251804,0,0,3.076316667068866,0.08181227929788548,0.6059588695722553,2.3354355523036787,0,3.323280194316368,4.498243422349674,3.0560515031443245,0,0,21.20094728379876,7.762754099476396,4.006561689640094,10.898719413128902,0,0.782337687601192,6.3679470116593535,4.692528017797663,0,0,6.349620642280193,4.694330133124581,7.549093170295691,2.823157409763482,0,13.868832556062536,3.6821710556838383,8.04237920059542,0,0,1.9200416615993774,3.0485347675702528,16.528797047488425,1.521010686219455,0,6.8406749193025576,3.763997487374823,10.117774768191893,0,0,3.9771401842674905,11.182874813513543,20.64583854483365,14.68390453962106,0,6.801349000725175,7.950233775555844,5.146481010957345,0,0,7.705958869572257,4.56456444769632,17.36830201210649,1.176719805683632,0,5.956051503144323,3.566279751174477,12.671225582969985,0,0,5.306561689640098,10.198719413128906,17.46267952612117,2.017662312398812,0,6.49252801779766,8.902570346890428,6.075952562333896,0,0,5.349093170295696,0.32315740976348195,7.987809026707822,16.368832556062536,0,10.942379200595418
0,6.8802364703614245,7.011943426998101,3.9141610046408957,12.521415917851591,0,15.828996320754317,5.390136457789062,8.162434162626283,0,0,13.71684421214568,18.00759235949846,0.19423790032981714,13.389113623233726,0,13.698830028081389,18.054610792385184,6.424378887544705,0,0,3.609661056060858,0.9143192610015092,3.2096194663589586,4.123863553597879,0,1.722257078193266,6.005044340104483,11.307191446634505,0,0,10.427069969002872,13.818722594420109,11.91168516371831,9.242390846554112,0,10.885131631097842,1.9986156530463646,0.7900973395394928,0,0,2.3412016918696494,5.285328544539695,1.782057755824212,4.9668597182761545,0,0.32756898293574466,0.604055894928095,11.461313011059993,0,0,5.914161004640896,14.42141591785159,11.178855928214944,14.128996320754322,0,6.162434162626283,19.10602426966873,1.3900607050363192,0,0,1.9942379003298214,15.589113623233725,26.99619621354532,8.598830028081387,0,2.124378887544708,5.704930230284283,11.343889795362635,0,0,9.80961946635896,1.5761364464021241,14.141681386389003,6.122257078193265,0,14.507191446634508,1.5343914579906794,0.2514141977372262,0,0,9.611685163718306,11.142390846554111,8.650422189126658,13.885131631097842,0,1.0099026604605115,5.417983535093946,5.052907306663855,0,0,3.682057755824218,2.866859718276153,14.806843624832872,2.3275689829357447,0,9.26131301105999
0,15.189865539208387,8.974885526005309,8.413241954206313,5.790378475145303,0,4.302916954936499,9.05056367987973,3.11271474989028,19.659955163158816,0,16.37751756307189,2.3714054335588983,9.796526227324389,11.67284995076124,0,20.530729792698207,4.15272083100999,3.611649420523591,1.9169246405566511,0,2.9857350046351456,6.469295788756369,3.7180977481881428,2.5288372943265855,0,1.1567182024186522,5.450608224044657,10.686180002448836,0.537370179821103,0,0.32877964279338556,2.4111407609051696,1.198080132812251,15.144275756377528,0,0.5528937754856784,3.563716042070247,10.993363592703858,9.929266707172495,0,2.435815640635461,9.248757139564773,4.26856416307519,9.025734066372046,0,19.33457900229088,3.1204667642835204,1.5096284506602942,11.489865539208392,0,11.21324195420631,2.8903784751453045,9.362363710147015,2.002916954936495,0,0.8127147498902829,17.159955163158816,1.3960003231180877,12.77751756307189,0,7.39652622732439,9.472849950761237,17.98441190169356,13.130729792698205,0,8.811649420523594,6.616924640556654,11.233202782978662,5.185735004635141,0,7.4180977481881385,0.37116270567341303,5.798358613185393,3.5432817975813506,0,7.7861800024488375,3.1373701798211044,10.681862151217455,2.5287796427933813,0,0.49808013281225527,15.644275756377528,3.0238054646376753,2.547106224514323,0,12.293363592703855,10.929266707172495,10.681934530637164,3.135815640635464,0,5.76856416307519,10.725734066372041,6.488851886713192,20.634579002290884,0,0.19037154933970868
0,3.035888908828575,5.738025439008808,4.41144440551048,0.20918132187771477,0,4.273208731283454,11.71031659393055,3.7217079021455888,4.955285680609023,0,3.8458088764820744,8.789422596456014,6.793685259065882,1.894061359936881,0,20.770423619737223,1.5530459241424914,15.0224458787443,0.2223091121549743,0,0.3588485927311922,8.603194453375622,4.290209818989098,2.361354230076394,0,5.714712081191784,12.17511074133727,1.386435258094565,5.139853305615411,0,8.43515269560281,5.6042565650459295,0.37104197038149067,8.686491102378348,0,9.178279231685313,7.425360987112292,8.575841170951708,0.07038148087569596,0,1.3781790080902496,4.55812431772987,13.148733603512724,13.791119324520377,0,1.7909233533787514,9.099241783955808,4.663535757712161,0.1358889088285693,0,1.6114444055104755,2.490818678122288,6.081834423740133,2.1732087312834523,0,6.221707902145589,2.355285680609022,4.076851075165408,6.845808876482074,0,8.893685259065883,4.894061359936881,23.995392935678424,14.970423619737222,0,19.9224458787443,4.177690887845024,3.098904017941784,3.8411514072688036,0,0.9097901810108979,7.361354230076394,12.5318541904476,1.61471208119179,0,3.886435258094565,8.239853305615412,3.828372198004203,10.93515269560281,0,3.0710419703814864,11.986491102378345,21.658448405884666,12.778279231685314,0,10.075841170951708,0.929618519124304,1.5681459244199374,0.5781790080902454,0,14.448733603512729,15.191119324520383,18.473966879256473,2.9909233533787543,0,5.963535757712165
0,4.13746397856508,0.17009301208980787,4.355515760771965,9.126277018615603,0,4.799280116656632,10.236354437741781,9.694420802517932,2.7743087370587247,0,3.1327248143621347,9.156969329300829,14.835913431298145,0.24694559132798588,0,7.326590032880016,7.48115083983188,9.685004918261157,8.937050311262155,0,1.9728536615938737,5.471915815608483,4.857292642888609,3.9203220674295665,0,3.9592472569355976,4.1725082501884785,10.917729484818082,1.3625179571113364,0,9.885006347229233,7.426230702998893,8.509860171110809,2.819913092620723,0,10.21944221891766,10.856078947193083,1.8571232296715863,4.110585645872234,0,10.436356897627263,0.017427266492859417,1.125030839767092,2.4731778895711756,0,11.11608007045389,7.4937017708412625,2.368301623798388,0.7625360214349186,0,0.04448423922803357,4.826277018615606,15.039726817727754,1.4992801166566352,0,5.894420802517928,6.674308737058723,13.639409603808648,1.567275185637861,0,11.135913431298142,2.746945591327986,10.547996775052013,11.226590032880015,0,7.2850049182611585,10.53705031126215,3.417532204172929,3.1271463384061278,0,3.142707357111391,2.7796779325704364,2.9262609088153297,9.159247256935593,0,13.617729484818078,4.362517957111336,0.8404825522307675,12.68500634722923,0,11.10986017111081,5.11991309262072,9.099168333749375,13.319442218917661,0,3.057123229671589,3.4105856458722315,2.3483073620994475,10.736356897627267,0,2.2250308397670935,1.4731778895711756,1.0806014679027456,10.11608007045389,0,1.168301623798392
0,5.757291598962048,12.640019415693224,5.461878803153127,10.942148448467009,0,4.815855304902428,0.6438710059501105,5.232219282001829,0.9055986914185539,0,5.552682629891088,23.224414304987416,7.2354475343576325,10.1722332482858,0,6.703392025873786,12.475638621905276,2.2794750441304927,3.8041468054512286,0,0.2702639087834271,2.2660604713862043,1.4644728847767254,4.957183373057681,0,5.738712381867757,0.8454328833186722,5.252247946687902,7.058439415223532,0,7.968016210012763,9.038950889665735,7.669124231767924,9.03987419002852,0,5.9314756210075,9.655517878824554,9.037928232051392,2.207800691847865,0,8.53552665343772,7.019023985776343,3.564318868469911,9.916328977090927,0,7.607465755657479,13.445026451548795,8.599340764670842,2.7572915989620483,0,8.861878803153125,7.742148448467006,14.147005654110046,6.815855304902428,0,7.632219282001834,3.505598691418548,7.772037479204606,2.352682629891092,0,8.835447534357634,12.072233248285798,15.0828193448563,5.403392025873785,0,4.179475044130491,5.604146805451233,13.328262756296589,6.729736091216573,0,10.164472884776725,3.7428166269423144,0.15592501594716168,11.238712381867757,0,7.952247946687898,9.158439415223533,10.296178657412447,9.368016210012762,0,9.86912423176792,10.839874190028517,5.374552714833506,4.9314756210075,0,7.237928232051395,2.507800691847862,5.508550406854496,7.9355266534377265,0,3.6643188684699126,9.916328977090927,0.5869740968903727,7.607465755657479,0,8.49934076467084
0,0,0,0,0,0,0,0,0,0,0,0,0,0,0,0,0,0,0,0,0,0,0,0,0,0,0,0,0,0,0,0,0,0,0,0,0,0,0,0,0,0,0,0,0,0,0,0,0,0,0,0,0,0,0,0,0,0,0,0,0,0,0,0,0,0,0,0,0,0,0,0,0,0,0,0,0,0,0,0,0,0,0,0,0,0,0,0,0,0,0,0,0,0,0,0,0
