sensors,0.5,1.0,1.5,2.0,2.5,3.0,3.5,4.0,4.5,5.0,5.5,6.0,6.5,7.0,7.5,8.0,8.5,9.0,9.5,10.0,10.5,11.0,11.5,12.0,12.5,13.0,13.5,14.0,14.5,15.0,15.5,16.0,16.5,17.0,17.5,18.0,18.5,19.0,19.5,20.0,20.5,21.0,21.5,22.0,22.5,23.0,23.5,0.0,0.5,1.0,1.5,2.0,2.5,3.0,3.5,4.0,4.5,5.0,5.5,6.0,6.5,7.0,7.5,8.0,8.5,9.0,9.5,10.0,10.5,11.0,11.5,12.0,12.5,13.0,13.5,14.0,14.5,15.0,15.5,16.0,16.5,17.0,17.5,18.0,18.5,19.0,19.5,20.0,20.5,21.0,21.5,22.0,22.5,23.0,23.5,0.0
0,0,0.7354644143354392,0.11019939791567523,0.24887398350868395,0.4752016122507605,0,0.12538941956994876,0.07984976894938356,0.1993769143227091,0.7132136834569707,0,0.9580479551389942,0.9108551948804688,1.2126117042975757,0.33341519786086593,0,3.6585194912342907,1.7415529863766182,0.729193713319706,0.7399077310516695,0,2.0400380612972207,2.363870892961266,4.848149930254902,2.8045688489533624,0,2.967859608889235,0.7002561523449486,1.1231484037638424,0.42375795484004186,0,1.0213720542524243,1.8314457441257375,0.8699632537553299,2.246577339909887,0,0.3846831431634108,0.8285213227535024,1.1170823226261923,0.4642315067647935,0,0.6903965855187053,0.0933449210733599,0.10797319552169071,0.46119059209297575,0,0.42291414377234204,0.45506458137182904,1.1896758704126391,1.03546441433544,0,0.748873983508684,1.0752016122507584,1.2386481098743083,0.7253894195699466,0,0.5006230856772902,1.4132136834569735,0.4529873515725207,1.758047955138995,0,2.2126117042975757,0.03341519786086522,3.189750266452009,3.458519491234288,0,0.6708062866802926,0.4399077310516688,0.2622678677702268,0.5400380612972207,0,1.3481499302549018,0.10456884895336316,0.9661457079741922,1.367859608889237,0,0.5231484037638445,0.5237579548400433,0.45169178878242633,0.821372054252425,0,0.46996325375532777,1.9465773399098865,0.7243765748501012,0.28468314316340937,0,1.1170823226261923,0.36423150676479565,0.674652293808311,0.6903965855187053,0,0.10797319552169071,0.3611905920929779,0.7325824427070131,0.5229141437723435,0
0,0,2.0479348229790375,0.041290966292670817,0.27162244732285146,1.9555773156932261,0,0.21207730016310578,0.599416647066878,0.7585462344671576,0.43440897520449795,0,0.07944822425597664,0.6718164247826977,0.5254455033415617,0.3372961879722247,0,0.015801166653844234,1.4156202038564665,0.16830501901050354,0.861236462051906,0,0.07820429023117015,0.4810165975346905,1.6590968862509214,0.5443818789341357,0,0.24619510720978255,0.9104601915174726,0.8292811677622645,1.0422935207700625,0,0.7719767666763886,2.0482655573032424,3.005378461916038,0.6970200634763728,0,0.4338841686950694,0.3903089574277807,0.08442998134112756,0.12835353554630302,0,0.1416495347854827,0.11895883222148385,0.10109452722775103,0.2153892576499068,0,0.14481906962292257,0.2008558033890786,1.4649489579276462,2.247934822979037,0,0.7716224473228515,2.455577315693226,1.1638031822681683,0.7120773001631058,0,1.358546234467159,1.1344089752044972,1.653972628899517,0.9794482242559752,0,1.6254455033415631,0.16270381202777529,1.3570172310171777,0.31580116665384494,0,1.3316949809894965,1.6612364620519031,0.9402135351819076,1.221795709768827,0,0.5409031137490778,1.255618121065865,0.8183996939111928,0.9538048927902203,0,1.229281167762263,1.1422935207700604,1.7506026669282875,0.5719767666763893,0,2.705378461916041,0.5970200634763714,0.1525300711046036,0.5338841686950708,0,0.18442998134112543,0.0283535355463016,0.0738723941461572,0.1416495347854827,0,0.0010945272277496088,0.11538925764990537,0.9342968663185154,0.04481906962292115,0
0,0,0.6154690039709436,0.2947625954392237,0.4560956025752887,0.30450268523437884,0,0.13525656882100634,0.43453187799952175,0.019773267919500626,0.44065690787336464,0,0.12150317846156256,0.08022773474231215,0.9427897405160586,0.3759497627358641,0,2.14712072976333,0.6810044884161961,0.4636181855086505,2.644881081759184,0,0.18701377320538626,2.5241376172542154,2.0572470799930294,1.3184526372916494,0,1.9411432939433837,0.6873116039768874,0.15883651895787665,2.058143875022221,0,0.9220134161551243,0.17885922448687097,0.4201121613113443,0.5576954515314014,0,0.3350462183460934,0.057477029477222885,0.16528458259029932,0.12243059200173079,0,0.49597714697478423,0.544995141254347,0.23196227764716681,0.7587840754918354,0,0.13627486620914908,0.1957682873945643,1.0864599812903677,0.8154690039709429,0,0.8560956025752873,0.8045026852343788,0.775481637083292,0.4647434311789951,0,0.7197732679194999,1.140656907873364,0.64796635678249,0.8215031784615654,0,2.04278974051606,0.2759497627358627,1.700816166681797,1.7471207297633313,0,1.8363818144913466,1.3448810817591834,0.20884871033257824,1.1129862267946145,0,0.14275292000696993,0.5815473627083492,3.1490553546461584,0.8411432939433823,0,0.34116348104212335,2.058143875022221,2.0680447052333726,0.5220134161551258,0,0.32011216131134645,0.35769545153140214,0.3574968930260738,0.23504621834609196,0,0.03471541740970352,0.02243059200173292,0.237935516800313,0.49597714697478423,0,0.23196227764716681,0.8587840754918332,0.7707422577218956,0.13627486620914908,0
0,0,2.1547113890553575,1.9991688507239154,0.4944827769970317,1.0455859630205389,0,1.0512522366732675,1.3441927942239111,0.821182992242047,1.6380528373559393,0,1.4833120985645252,0.6676574278847198,1.4222915283618498,0.8075185510716594,0,0.39703872445333843,1.9120193401283885,2.2562244353886705,1.3379965467176653,0,0.7194092225070072,2.189070355834108,0.30373477588946685,0.20108132502097575,0,0.555399778292113,0.7068586456280315,1.724932481911992,2.787011817364057,0,1.604145991467412,1.03808205097004,1.7942114947083212,0.8298981819272946,0,0.031789153274694115,0.20473876352900078,0.44137510401847635,0.2627222396795119,0,0.4118867547945477,0.0644986333467017,0.27736489874005343,1.0567779611764898,0,0.46915425764208507,0.6860793777197074,1.2223812217364411,2.2547113890553554,0,0.7944827769970324,1.445585963020541,1.965109952153842,1.5512522366732675,0,1.4211829922420485,2.1380528373559393,1.193955461618863,2.0833120985645266,0,2.622291528361849,1.8075185510716594,2.7408239613578083,0.8029612755466644,0,0.843775564611331,0.5620034532823333,1.2879258892125272,0.8805907774929942,0,1.0962652241105317,0.8989186749790221,0.9859288713876317,1.3553997782921137,0,1.9249324819119913,2.787011817364057,1.7098000867563492,1.104145991467412,0,2.094211494708322,0.6298981819272953,0.29149346937490606,0.0682108467253073,0,0.44137510401847635,0.36272223967951334,0.5195344461506259,0.31188675479454986,0,0.3773648987400513,1.1567779611764912,2.1565348198830954,0.6691542576420844,0
0,0,1.8818204176225493,0.8136204389690391,0.6397584457631211,0.9291568536610413,0,0.6508736240275965,0.3234596212016605,0.6575934148644187,0.10689740694038008,0,0.8367684936274138,1.701604233611608,0.7855136895160868,0.7999075589364004,0,1.5135489571545975,0.006340269133566778,0.19396695677535902,1.2646762107260408,0,1.2879095189592569,0.026407586339704636,1.2401015952883512,0.3532251754227147,0,0.1269817871463843,0.11880839011960376,0.5178251005330416,3.1362223348860354,0,1.8866154519803935,4.749237802700005,0.09108163249153378,1.85306435647097,0,0.5094520058933227,0.09913356323914257,0.6803827575985864,0.4533653889170317,0,0.8748644269196824,0.5158116646285933,0.4934073895173867,0.3966839458990563,0,0.24181832983921936,0.29830955176409546,2.011694725249626,1.8818204176225493,0,0.8397584457631204,1.1291568536610441,1.0197149226357638,0.8508736240275958,0,0.857593414864418,0.4068974069403808,1.2200931819032412,1.1367684936274145,0,0.6144863104839153,1.0999075589364011,0.0729028645513452,1.0135489571545975,0,0.8939669567753619,0.06467621072604146,0.48501585559198546,0.4120904810407424,0,0.5598984047116495,0.946774824577286,1.197570260652295,0.573018212853615,0,0.8178251005330424,3.2362223348860333,0.22466506194163216,1.6866154519803942,0,0.4089183675084662,1.35306435647097,0.5981957626147185,0.3094520058933199,0,0.8803827575985856,0.653365388917031,0.4330155723478377,0.7748644269196845,0,0.4934073895173867,0.3966839458990563,1.1287124038947098,0.3418183298392172,0
0,0,0,2.0722485617219135,1.0682823975637454,1.142624146310471,0,1.4616106949084369,0.7576704467618249,1.0319366746833403,1.3709112015929747,0,0,1.032522736806147,1.9304073184146908,2.164810455570368,0,0.6478733254931619,0.24452454555422065,0.8062101275414264,0.3668613936968903,0,0,0.5538923483179801,2.8640229651768223,1.854728305723178,0,2.7773459039740445,0.25854690063500385,6.949839355153895,2.112542023704524,0,0,1.6230452399084427,3.241085584868678,0.4716264964989847,0,0.04217138236236906,0.34624969452663734,0.45887004490414895,0.0648329965212362,0,0,0.6610697653510051,0.5902268231276828,0.07599660684365617,0,0.03380945367277732,0.794274438925541,2.58194906296956,1.5384204846621756,0,0,1.3426241463104738,1.370162106378931,1.7616106949084376,0,1.4319366746833424,1.7709112015929769,1.2556304800038198,1.2093158027175264,0,0,2.264810455570366,2.014094886382704,0.5478733254931605,0,1.0937898724585722,2.166861393696891,1.6488788251826207,0.8637254830858403,0,0,2.4547283057231795,2.810560029990846,3.577345903974045,0,7.149839355153894,2.2125420237045255,3.996552279985025,1.8923830870740517,0,0,0.7716264964989854,0.3265688721231079,0.34217138236236977,0,0.6588700449041482,0.1351670034787631,0.34112961432126454,0.43013718013179414,0,0,0.27599660684365546,0.10708405494430195,0.2338094536727766,0
0,0,0,0.09909109824090478,0.8096697771175414,1.0032719842891993,0,0.1071725524506526,0.18402190563285004,0.6874549762952284,0.30764892382683584,0,0,0.24794135069442547,0.17304097205964908,1.017024204274712,0,2.9809532538203847,1.5794786818377524,0.006125843789110519,0.4213595950059137,0,0,0.1382981707714066,1.1002436198236794,1.890503549839977,0,2.4048870167189556,2.8475866500814178,2.220706802702285,4.76406312765663,0,0,1.8877292506665349,1.7540512456609427,0.982767367420422,0,0.34869482118917006,1.3882255936007546,0.23256747882900086,0.7354244327618957,0,0,0.1363161091805587,0.28869411924744526,0.21554923723903485,0,0.23073342646707573,0.47748175709448404,1.4806334724582229,1.0135948243481394,0,0,1.5032719842891993,0.763596242261066,0.6071725524506526,0,1.1874549762952284,0.9076489238268373,0.36585880574890695,0.6277232203146212,0,0,0.28297579572528875,0.608830645374816,1.680953253820384,0,0.8938741562108916,0.47864040499408844,1.720297372960438,0.802880473316133,0,0,0.4094964501600238,0.1598399788847047,2.7048870167189563,0,2.4207068027022878,4.664063127656629,2.600217551002576,4.074705124783193,0,0,0.08276736742042345,0.6395741843252232,0.14869482118917077,0,0.5325674788290016,1.0354244327618929,0.5810039756397742,0.05732060860290389,0,0,0.41554923723903414,0.5988948493546822,0.33073342646707715,0
0,0,0,0.8579774394975921,0.6225610116956624,0.8592118175102748,0,1.163706762464546,0.12641365239721125,0.08780722823816234,0.20567637498592006,0,0,0.2946943204857533,0.0022526739653869754,1.4052273485173146,0,1.2020476410287202,1.246246989388549,0.5387090653691722,0.8476556048916564,0,0,2.473565180119717,1.6153601652302392,1.1933938441793082,0,0.36257394485721406,0.014687448625739563,0.6802168513521103,0.09080788210298607,0,0,1.3092580610010884,0.26258206594684097,3.260628392464014,0,1.8542165892229754,0.08181305540196959,0.5809663137063801,0.19585538559664428,0,0,0.21683561832090348,0.37616837758080024,0.2132683528017587,0,1.052085795696879,0.38089960020892377,0.7732426866072366,0.7508680606694149,0,0,1.0592118175102776,0.7783601012459371,1.3637067624645454,0,0.2878072282381616,0.5056763749859208,0.5156640815448092,0.73287194549318,0,0,2.9052273485173146,0.9673906050907064,0.2979523589712798,0,2.038709065369172,0.15234439510834363,1.8301733866107561,0.7250838526918599,0,0,1.3066061558206918,3.604589589862904,0.9625739448572155,0,0.7802168513521082,0.10919211789701322,2.8207179399705034,0.511527693925192,0,0,2.460628392464013,1.2174713969268467,1.4542165892229733,0,0.1809663137063815,0.10414461440335643,0.5369047305844354,0.9128774696483752,0,0,0.413268352801758,0.08235152561424997,1.2520857956968783,0
0,0,0,1.7718615064537353,2.0570853710620405,2.7375506124529636,0,2.3538505851918394,2.2788056924452498,1.3349329617310062,1.6498866360676168,0,0,0.3543011778026077,0.45090981087925286,1.2516965061613377,0,1.0699442448264378,0.6907293648720092,2.248901397102795,2.6987951990728227,0,0,0.14137019164328635,0.1815431617085359,1.7599883258109195,0,2.4942982369422673,2.8312230919062884,3.9749958984790545,5.046419749446343,0,0,3.0609149270363254,2.7642486850300294,0.54859365245186,0,1.7291976845886161,1.7201016628173278,0.8619461306084943,0.39115072869773115,0,0,0.5749739282996345,1.4888065395672463,1.2377985831655849,0,0.39754863095745563,1.63330024396004,2.8284314470800176,1.236443891385317,0,0,3.0375506124529643,2.083463523914059,2.6538505851918366,0,1.534932961731009,1.7498866360676182,1.9108708178310074,2.293126987394622,0,0,0.6516965061613362,1.020878911050577,0.2699442448264371,0,1.5489013971027958,3.798795199072824,2.6609428609305326,3.3755199624516585,0,0,3.9599883258109188,4.262220557862552,3.1942982369422666,0,4.374995898479053,5.646419749446341,3.8535303884384007,2.058881507567907,0,0,0.9485936524518586,1.1068406049251749,1.5291976845886168,0,0.661946130608495,0.5911507286977304,0.20256983639583126,0.3593786924094893,0,0,1.3377985831655828,1.4438078307461737,0.2975486309574542,0
0,0,0,1.0930468182529296,0.41847297054924937,1.245339145329993,0,1.1832326916475395,1.8994240306920211,0.7635617569719884,1.141854056302451,0,0,1.3708639914106726,2.4204341835653302,1.5793020188189928,0,2.3523075962994113,5.343572093401541,4.088054450953628,2.3346499909077423,0,0,3.063251563623737,0.26634824176858274,0.6121409351804239,0,0.8555498809223998,2.5724402845088576,2.2567254995410373,3.3474800669529152,0,0,0.4562153580037318,3.1028828110417983,1.4042782521883446,0,0.1640181535809937,0.5332380003276214,0.04653794945332024,0.2690075581044127,0,0,0.43015147099436746,1.1617868860765306,1.3623697040944691,0,0.7539960369784531,1.7478597399460014,3.3183853299388346,1.4691046753465962,0,0,2.245339145329993,2.0331249363028547,1.9832326916475402,0,1.8635617569719862,2.241854056302449,2.961908691205103,2.0894509686837335,0,0,3.579302018818993,2.7727450031594287,2.0523075962994106,0,3.4880544509536264,1.8346499909077423,0.4272992376255438,0.4798551651974954,0,0,0.3121409351804232,2.368742909910093,1.255549880922402,0,1.9567254995410366,2.0474800669529145,1.6537783224667102,1.268069818424884,0,0,1.004278252188346,0.2015442684806743,0.3359818464190063,0,0.14653794945332166,0.6690075581044148,2.1846985030539443,1.2043039416984875,0,0,1.8623697040944691,1.8327010282873708,1.5539960369784538,0
0,0.6556441627243075,0,0,1.2094163900428505,0.36631253262727625,0.7029008848024816,0,1.9366572559242972,0.6531110666536097,1.261073651659233,2.482805993867702,0,0,0.3379042122732727,1.9296160802582314,4.826251803166606,0,1.9707962281830333,2.1841838683131094,2.2169970528055494,0.8024104366995246,0,0,1.3099770508477562,1.6636024933334568,0.3786527104857633,0,1.8526213701363048,0.5946056812172991,1.7788417320141399,3.493518130671923,0,0,4.441497243270263,1.6663727657069671,0.1568946911886009,0,0.03769834148232576,1.1203636435138336,0.24718969903410581,0.33935848241264566,0,0,0.5898149197006219,0.467589064588644,0.3531531732280122,0,0.32874595432359044,0.7443558372756911,0.16132365894942424,0.35537685494758264,0,0,0.4970991151975177,0.26833459993319764,0.6366572559242982,0,0.13892634834076745,0.6828059938677029,1.7374781739965037,2.363896287053681,0,0,4.626251803166607,1.8725932311018951,0.8707962281830319,0,1.2169970528055494,0.1975895633004754,3.091646872515714,2.0879132506772926,0,0,1.0786527104857626,3.9270936238958782,2.052621370136304,0,0.5788417320141406,2.8935181306719215,3.379543348632751,1.2509726810263082,0,0,0.14310530881139627,0.36867311595652197,0.26230165851767495,0,0.2528103009658942,0.16064151758735434,0.24914327782360246,0.6562080009166031,0,0,0.0531531732280115,0.8069024909486586,0.5287459543235933
0,0.7675319001093897,0,0,0.18316870196366963,1.073948757681876,0.2877014013618435,0,0.33894891251939185,0.469051258451298,0.543044935361447,0.5836088879752239,0,0,0.9860951190124609,2.6624204894624803,5.209659766511372,0,4.159177801935634,2.199376271382114,5.454842539256994,3.875567316199266,0,0,3.0481444899804053,3.001525305161607,2.062187239801382,0,2.2172123893472744,2.2445188760998747,3.078339802954318,2.560057582734988,0,0,4.593327506435532,2.2444441596300138,1.3979336172384755,0,1.4268217753322645,1.3830990872622202,2.403905132984818,0.872294597026471,0,0,1.4009382988772217,0.4793222344326935,0.520692284973677,0,0.1559897819438767,1.4675319001093925,0.9450891363181739,0.7927179449077997,0,0,1.1877014013618457,1.3699526540248854,0.7610510874806096,0,1.6430449353614485,1.8836088879752246,1.4635662927097215,0.390475701408068,0,0,4.209659766511372,2.648902612443262,2.2591778019356354,0,3.654842539256993,2.2755673161992647,2.971190872633276,2.4624590856953184,0,0,2.2621872398013814,1.6091125403725606,1.9172123893472737,0,2.778339802954317,2.3600575827349886,2.7759482785570313,0.9520612343858303,0,0,1.0979336172384748,0.596606212732631,1.1268217753322638,0,1.9039051329848178,0.4722945970264725,0.4644760940547705,0.805811727092113,0,0,0.22069228497367632,0.01617829892038003,0.5559897819438753
0,1.9424699623172899,0,0,0.2433911911132931,1.561163461869171,0.4514032457859116,0,0.7411979345555544,0.7469025110830643,0.5895948443412777,0.9270304835133203,0,0,5.695013563823537,9.547234004107175,9.138091491324275,0,0.8354061869289353,0.6842414027458581,5.447798542733512,1.7300609811418255,0,0,1.0190809720380791,1.095533936354812,1.3841168342766892,0,0.5158538455482109,1.1127510104359324,0.1761659427529807,0.061844812592546816,0,0,0.562651988264605,1.164812315004955,1.4118121380268924,0,0.492622913997419,0.2607258127302359,1.267236048514924,0.26971169883074353,0,0,1.1425840765970001,0.03404321792841003,0.17575359213768493,0,3.130206259747112,2.5424699623172877,1.3437483500093137,2.885371971829052,0,0,1.0514032457859095,2.246199981239382,1.5411979345555515,0,1.3895948443412784,1.9270304835133203,0.9732226037941061,2.0046787465597617,0,0,7.9380914913242755,4.096213610058442,0.035406186928938155,0,4.847798542733511,1.7300609811418255,0.7516038027634728,2.8499159438774164,0,0,0.08411683427669203,0.22668323195263795,0.11585384554821232,0,0.37616594275298354,0.33815518740745176,0.7616494419913131,1.131271416650776,0,0,0.811812138026891,0.8640987295748737,0.10737708600258244,0,0.4672360485149234,0.43028830116925576,0.7033077337968621,0.24607022184631333,0,0,0.5757535921376835,0.3987211745389878,3.430206259747113
0,1.9740911061861048,0,0,1.7241657651594942,1.256804001770636,0.1146353401387259,0,2.211434447375627,1.739439549585999,0.09405416627030405,1.4375889244446611,0,0,4.2842432711189815,8.348833675851655,7.3722334417159345,0,2.856221409843986,3.3085832265426944,1.590343610243032,0.35550807408344554,0,0,0.24737853985865854,0.0922413638779247,0.37953109482928227,0,0.21371596778821456,1.2706117970114832,1.476709035497418,2.016416031167388,0,0,2.3701435129251394,2.3853109316374734,1.3203245631081302,0,1.2985500260473195,2.4524935453184185,1.8252402953304454,2.0411356434482606,0,0,0.039178523682888766,2.095074386323734,1.416288970709406,0,0.8098225082678674,0.874091106186107,0.055753020868195335,0.37531494746983185,0,0,0.6853646598612748,0.3917519575384887,1.4114344473756262,0,0.9940541662703062,0.33758892444466326,0.5434553267994957,0.7936621850358847,0,0,6.272233441715937,2.4920994601355275,2.156221409843983,0,1.090343610243032,0.35550807408344554,2.6842938139294823,2.2494498524975164,0,0,1.2204689051707156,1.0921816314224806,1.0137159677882117,0,0.9767090354974179,1.3164160311673854,1.32647564505886,1.5050828717675593,0,0,0.5203245631081295,1.1651169010948337,0.2985500260473195,0,0.7252402953304475,1.141135643448262,1.5498483991100684,1.4009063965329638,0,0,0.8162889707094045,1.1205506180250673,0.5098225082678702
0,1.796376001741617,0,0,0.22348289342371785,0.38953699490441807,0.43357028266661146,0,1.0886286137326948,0.9939456907191406,0.44789615520038595,1.4881765988526894,0,0,3.691597597823531,0.13613200095186428,3.242979027720935,0,4.982875674343301,3.3041580862870212,2.292689060874885,5.614417477028908,0,0,1.4017992666067762,1.857456922312224,1.8570689336821644,0,2.4029811004555484,3.086654223823029,3.2105088920631104,3.0726945870143254,0,0,3.48462312202539,4.039584583898165,1.63407339720953,0,1.0315384556699527,1.4345790681622965,2.1181009419733137,1.1374322467539741,0,0,0.057844433150368246,0.4167514792057929,0.400387975616038,0,0.04356891573792865,2.296376001741617,1.0963474281147398,1.7829522929441275,0,0,0.9335702826666115,0.03428244993790841,1.6886286137326962,0,0.25210384479961334,2.1881765988526887,0.7473483468418287,0.12284017158047433,0,0,1.8429790277209364,2.952410490951433,4.3828756743433,0,1.3926890608748863,5.21441747702891,4.576291593984067,4.000632124980317,0,0,3.457068933682166,2.881287859358384,3.00298110045555,0,3.010508892063111,2.6726945870143233,1.9177780344407545,3.7605613843368424,0,0,1.2340733972095315,1.5251388710820315,0.7315384556699556,0,1.718100941973315,0.8374322467539734,1.0321627769434976,1.6177311156146175,0,0,0.3003879756160366,0.26822273431520216,0.05643108426206922
0,1.3062876298037267,0,0.5263949755409669,0,1.4170173321474877,1.8373020469282473,0,1.7827219203825777,0.765408483286766,1.3774965786994144,1.6396888606679028,0,0.4688575277422977,0,4.368841554495699,3.6516569852049905,0,0.21961036978969872,0.6305967614460712,1.2942218110931698,2.385351703522428,0,0.12726476147219756,0,2.854497680503844,2.6498557891154597,0,1.146394867510466,0.1889668321302942,0.13846664896206917,0.24953514561304146,0,1.6380687360621984,0,2.871528869617844,0.767881598755686,0,1.0384170367985668,0.27637423691997753,0.33994852921922103,0.0270508722794105,0,0.16492501881880628,0,0.7430077056326603,1.653564807419027,0,1.7173912795319382,1.6062876298037274,1.6078836407373238,1.2263949755409662,0,2.0170173321474856,0,1.5689045369985273,2.1827219203825763,0,1.8774965786994144,2.239688860667904,2.3205758915094954,0.26885752774229843,0,3.6688415544956996,0,0.12518793961853802,0.7196103697896987,0,1.5942218110931705,1.4853517035224293,0.08807509783090595,2.9272647614721983,0,0.0455023194961548,0,0.286313752636012,0.05360513248953325,0,0.738466648962067,0.44953514561304075,0.8042247209044255,1.4380687360621955,0,2.7715288696178426,0,0.041846496555489665,0.8384170367985675,0,0.5399485292192203,0.17294912772059234,0.2219306121261262,0.06492501881880486,0,0.6430077056326589,0,1.5326004765103498,1.5173912795319389
0,1.527610418043082,0,0.27856895771024526,0,0.5045167180878494,0.17457791520280708,0,0.804759660142853,0.6484579318854351,0.7156412568435115,0.9075516540250952,0,2.4383395773568353,0,0.6972529216171033,4.392082994070382,0,2.098195761101927,5.651047575806043,2.290584628297637,0.22688602484441844,0,3.602194973524554,0,3.7331191901689955,6.514186286335704,0,9.448985821646481,8.670167244112712,9.863188706272133,11.369264755433093,0,4.542455061862633,0,8.01678634923254,1.5370130655718768,0,1.34407803164628,0.7109784280776807,1.5209722677391504,1.369048181376133,0,0.7371138110536499,0,1.0575865015998147,0.7586544804651716,0,0.5532198897167149,1.2276104180430814,0.5770756651283833,0.22143104228975474,0,1.0045167180878494,0,0.9013669154395103,1.1047596601428538,0,1.2156412568435115,0.30755165402509377,0.6925183247462421,3.1383395773568346,0,1.7972529216171012,0,5.228752648754284,1.898195761101924,0,1.9905846282976363,1.1268860248444206,3.368478618845451,6.502194973524553,0,7.033119190168993,0,10.419471358171485,10.64898582164648,0,9.963188706272135,11.269264755433095,10.993822585178926,3.942455061862635,0,7.81678634923254,0,0.8001652360349922,1.1440780316462806,0,1.420972267739149,1.369048181376133,1.0104595737857487,0.7371138110536499,0,1.257586501599814,0,0.775632628250559,0.1532198897167163
0,2.433331506765441,0,0.34521461820086685,0,1.5694811279179035,0.10727940401737612,0,0.6960749333452938,2.245345345718393,0.9646967798965775,1.341152449886195,0,0.11415700628102243,0,5.379681808922523,5.368516385029661,0,10.06718934635429,3.9129389777615984,4.686601743872831,4.620966335593181,0,0.11528726644602472,0,3.6891656773483064,7.3070790308104705,0,2.272613255159662,3.4435226128939824,3.614808840201828,3.44505865715022,0,8.839403990505208,0,2.1132823642612273,0.12045439494953669,0,0.758943801636395,0.44434941882347445,0.22351457208203485,0.03897945639631217,0,0.18878750545207623,0,0.26848844156857155,0.7547553712828439,0,2.188564637520635,3.033331506765439,2.283008540887284,1.1452146182008676,0,2.0694811279179035,0,0.8904880376771374,1.0960749333452924,0,1.3646967798965761,1.841152449886195,2.3801544975347824,0.5141570062810246,0,6.979681808922525,0,10.657784303323112,10.867189346354294,0,4.786601743872833,1.5209663355931795,0.497495032485034,7.515287266446027,0,3.710834322651692,0,5.223316175798349,3.8726132551596635,0,4.114808840201828,3.44505865715022,4.360270770608562,8.23940399050521,0,1.8132823642612301,0,1.6149483225580639,0.5589438016363957,0,0.42351457208203414,0.06102054360368925,1.317240844097963,0.08878750545207481,0,0.3684884415685694,0,1.7414232057980072,1.988564637520632
0,2.36908630976027,0,0.27196646155076465,0,0.4320309379837717,0.4114956998465402,0,0.1569257947413334,0.10736026054736669,0.3562888240764437,0.4739136672921376,0,1.2681977013914185,0,0.2597157674431081,4.83984206897674,0,1.9851199742816803,2.1393600673069066,2.4923830565754557,5.859701859536223,0,6.1275211361359005,0,3.778008197528706,2.2290680537848964,0,4.795597709942378,4.9264852179522265,4.209943896135105,7.008492971075071,0,5.941770927173849,0,0.9086602297766149,0.01672551596236005,0,0.5157315223799408,1.7074004847024824,0.24415884733512527,0.5893244461967342,0,0.11293324637507496,0,0.6055905251604905,0.34269780085950785,0,1.3078053623102441,1.9690863097602715,1.1285682997488422,0.9719664615507639,0,0.8320309379837703,0,0.746024293755152,0.4569257947413341,0,0.04371117592355844,0.026086332707862425,0.2564223366728626,0.9681977013914214,0,1.4402842325568912,0,3.4278496910643916,2.485119974281684,0,3.092383056575457,2.3597018595362265,2.1966287654390335,0.8724788638640995,0,3.1219918024712925,0,1.387374046297417,6.195597709942376,0,4.609943896135103,7.008492971075071,4.658693891910264,5.341770927173851,0,0.6086602297766142,0,0.742348376135201,0.3157315223799415,0,0.24415884733512527,0.8893244461967349,0.9304453167660434,0.18706675362492575,0,1.1055905251604905,0,0.6618871482538751,0.6078053623102448
0,1.9049780473908733,0,0.890355644729901,0,1.3701704127053276,1.2005050488287843,0,1.120184934436768,1.2813977610132774,1.8568870216127422,0.1530305196940418,0,1.0458445245338588,0,1.352387299460343,0.5325698051141963,0,0.25476040048976145,3.416260580033544,2.851716414214721,5.3562358020159415,0,0.10453361856496812,0,1.5889840018607728,1.66117242324761,0,2.843677442014773,3.425992680341537,4.844386809940271,3.7836082588088153,0,4.910431483073555,0,0.7829234251040553,1.1930916738651796,0,0.45337893875970536,0.2181907272077801,1.0135562809906986,0.8217204109778429,0,0.6009757757171421,0,1.7219314956306455,0.9885818389745005,0,0.8885869853173389,2.704978047390874,2.2077848506138515,1.890355644729901,0,1.8701704127053276,0,1.9401485376831715,1.5201849344367666,0,2.356887021612742,0.44696948030595607,1.3755632773469948,0.5458445245338588,0,0.647612700539657,0,0.17673497249390024,0.04523959951023926,0,2.6517164142147216,3.6562358020159422,0.6867666805365715,4.595466381435031,0,3.211015998139228,0,3.7330218274596803,4.343677442014773,0,5.444386809940269,3.983608258808818,3.255570147500862,4.410431483073555,0,0.582923425104056,0,0.2390819768840835,0.5533789387597068,0,1.0135562809906986,0.6217204109778436,0.9851222439407472,0.4009757757171428,0,1.4219314956306448,0,0.9823471735473,0.2885869853173375
0,2.0455572347988884,1.52806925320251,0,0.7930915732058494,0,0.0050224444833872894,0.7241428912121854,0,1.5944380441426809,1.0479268604267844,0.13234230157760152,0.43398557015871475,0,0.6599836905777217,0,8.184215932319589,4.8630042194200485,0,3.564841586652662,6.059955657462666,4.239409459996452,4.393210719057038,0,4.7374315809298295,0,2.9905559008594906,0.6237852983968466,0,5.4241816038042145,3.8361120028226665,3.4926989329291764,2.015064713977633,0,6.979720265163589,0,1.7022276121172126,0.4938589410808092,0,0.15225200673427253,0.8377984956502331,1.1816138530568807,0.41625945090867944,0,0.002786007604345997,0,0.32834208036643986,0.7369990816666601,0,2.845557234798889,2.4280692532025085,1.5199726371983715,1.7930915732058494,0,0.3949775555166113,0,0.8668780553134603,1.9944380441426794,0,0.6323423015776015,0.16601442984128312,2.7457640744813006,0.34001630942227834,0,6.28421593231959,0,2.265784369864246,2.9648415866526605,0,9.039409459996453,2.3067892809429615,5.444726187843052,3.662568419070169,0,2.909444099140508,0,4.9407547052745855,6.624181603804214,0,3.792698932929177,1.7150647139776325,1.734591374875361,6.479720265163589,0,1.8022276121172105,0,0.4638260210388765,0.2522520067342704,0,1.4816138530568814,0.9162594509086794,0.11215398299498958,0.6972139923956568,0,0.9283420803664413,0,0.7143316408467051
0,2.1325331157064937,1.1518614535884666,0,1.2984706975790345,0,2.0136532390606803,0.11718206787414687,0,0.8351102695646979,2.0542165214017913,0.11253260439379531,0.1676840538122839,0,2.3359450044386705,0,6.339889330613655,4.509876668357439,0,6.059192024498991,10.740776877895165,9.067880052479804,7.286365274063197,0,6.954000735148469,0,7.055434372937835,3.9664802298347546,0,0.8019639139972021,1.0563636316996075,1.4253662798608104,0.34711028126882226,0,2.1644048489948844,0,0.07112804295821107,1.2181815649635936,0,0.31036191267700275,0.48545065888192696,0.5836695024416692,0.652743930152571,0,0.5897718608110978,0,0.6783320811617735,1.5578646242461964,0,2.6325331157064937,0.4518614535884673,0.9109055656426968,2.0984706975790353,0,2.4136532390606824,0,1.954936455735659,1.2351102695646965,0,0.6125326043937953,0.43231594618771396,1.352663620546089,3.135945004438671,0,8.339889330613655,0,10.080642433432427,5.759192024498994,0,4.167880052479806,0.3863652740631984,0.23084959487259127,2.2459992648515303,0,0.6554343729378331,0,1.4239795047978063,0.7980360860027957,0,1.0253662798608119,0.14711028126882297,0.9100105884077045,1.964404848994885,0,0.22887195704178964,0,0.2754637297681377,0.41036191267700417,0,0.28366950244166844,1.0527439301525696,0.37876283284494505,0.01022813918890364,0,0.17833208116177346,0,0.805675509060503
0,0.3957783012485976,0.9640505830733588,0,0.6533004146512162,0,0.9744843720563416,0.5709326653071933,0,0.24213750284254942,0.5244736852668268,0.19076533996170042,0.10748069218708878,0,3.271375771500445,0,2.3270726368284755,0.5501598013633711,0,1.58237585125784,3.131052808036486,5.7166566738097835,6.506230955306194,0,6.756129320926199,0,4.600904728284242,2.4629394082453615,0,0.23184970769104396,0.4596629484647714,1.578180248251357,2.649895805608697,0,1.3587728385658515,0,0.04179417774720662,0.15892108421413909,0,1.5133093629813565,0.009758951843345187,0.10091919767776503,2.0555779135158225,0,0.07203726353415263,0,0.2910653252365023,0.007865976452649193,0,0.004221698751404546,1.4640505830733588,0.027375843850194315,0.053300414651218375,0,0.47448437205634164,0,0.22550212818201487,0.7421375028425494,0,0.409234660038301,0.4925193078129091,0.21488704112613632,3.971375771500444,0,3.7270726368284777,0,1.664677679090989,2.08237585125784,0,1.316656673809785,0.3062309553061908,1.938384797077532,0.743870679073801,0,0.2009047282842431,0,0.1805625996789928,1.0318497076910447,0,1.7781802482513562,2.549895805608699,1.9745047236983737,1.25877283856585,0,0.04179417774720662,0,1.1488593277443258,1.5133093629813565,0,0.3009191976777643,2.4555779135158247,1.2128313957537742,0.42796273646584737,0,0.7910653252365023,0,0.08639101351469947
0,0.7924941281005289,1.4639200209545216,0,1.9694204417558794,0,1.829548815151238,2.5314849055001076,0,1.6366361762462276,2.572869125813156,2.4258260411527743,1.3199227748386093,0,4.036653462036263,0,2.7460498643389393,4.184576183498525,0,6.8081972188894255,2.636053302962189,2.3528872634875952,0.8760417663871038,0,0.798400400934888,0,2.5925311068585017,0.612254971387614,0,1.9295316301318834,0.07499608088541265,4.964067658129835,0.7684758257478421,0,1.638193728385108,0,1.6497953436275168,0.7917744894830498,0,0.1847316274351769,0.30963046588877674,1.5527847490769382,0.136943323564779,0,1.2026593079394488,0,2.315932149019023,2.308898586867244,0,1.4924941281005282,2.163920020954521,3.1536801051998644,2.8694204417558815,0,2.329548815151238,0,4.388638366588287,2.036636176246226,0,2.825826041152773,1.8199227748386093,3.486770465648675,4.636653462036261,0,1.8460498643389407,0,7.667741945074091,6.3081972188894255,0,1.2471127365124026,4.123958233612896,3.6092195785405963,5.8015995990651135,0,1.9074688931415018,0,2.3201130268341252,3.029531630131885,0,5.164067658129834,0.8684758257478435,3.0522129503635433,1.8381937283851073,0,1.549795343627519,0,1.5350938350524963,0.1847316274351769,0,1.1527847490769396,0.363056676435221,1.210464983476502,0.3026593079394466,0,1.5159321490190223,0,2.728448459794219
0,2.185298318005728,1.4304832886033516,0,0.9438664818177216,0,0.03153329000102545,1.0684602865199437,0,0.08705367997475122,0.7821171657845198,1.2617333094165044,0.3095045784421977,0,0.6815020285042941,0,4.278069655137752,0.01255326045083649,0,3.774833667275068,4.670387370246562,8.724363038700162,8.135576059901236,0,5.944694532310553,0,4.800713841335121,3.1420166909065372,0,0.6404961780524232,0.21015991009643642,0.5440095841848596,2.5613098504330836,0,1.3782226048125352,0,2.4662078799110496,0.5863717206919468,0,1.7471227347986549,0.46136857491258354,0.5897915592734719,0.9595700691266558,0,0.6813261988807113,0,0.6921197403007078,0.4834548773017744,0,2.685298318005728,0.9304832886033516,0.0665732245577253,1.543866481817723,0,0.43153329000102403,0,0.5693101739252029,0.4129463200252488,0,1.9617333094165037,0.39049542155780514,0.8193520397837091,1.4815020285042948,0,5.878069655137754,0,2.32080597775996,2.9748336672750675,0,4.024363038700162,1.8355760599012356,2.90595642382776,2.2553054676894426,0,0.5007138413351235,0,0.24669317698203486,0.7595038219475789,0,0.644009584184861,2.4613098504330857,2.1700516193801036,1.4782226048125366,0,2.4662078799110496,0,1.1321896160048937,1.6471227347986535,0,0.8897915592734726,1.4595700691266558,1.5058079881035518,1.481326198880712,0,1.2921197403007092,0,1.1631298836272492
0,1.2378106978057986,0.9003887141350795,0,1.4154720901208329,1.9249030015946431,0,0.9415252988572611,0,2.266006651828251,1.1365398690133652,1.5167323387700122,0.4142487427265067,0,1.2780222768155909,3.556036176373066,0,0.2447100695305373,0,3.1015860007957166,7.662939259749873,5.393578743309234,0.28720013948506207,0,6.171838561923401,4.299605482598498,0,0.013680102764382696,0,0.00716026241163803,0.08465554452903845,3.192437393663102,1.885266943666302,0,6.828906547577166,0.9120380936073538,0,1.9194812693643293,0,0.5279045228710721,0.15894404910194027,1.2740253453754598,1.042941281998008,0,0.9379631892113345,0.9036368747353904,0,0.7947500246258699,0,1.9378106978057978,1.500388714135081,2.385325197667438,2.2154720901208336,0,1.854410632422102,1.5415252988572625,0,2.8660066518282488,0,2.2167323387700115,1.2142487427265038,2.0685608148477215,0.4780222768155902,0,0.1134902740912267,0.6552899304694613,0,3.2015860007957144,0,8.593578743309234,4.212799860514938,4.9789380523747475,0.5281614380765944,0,0.3607827871206517,2.886319897235616,0,1.107160262411636,0,3.3924373936631014,1.6852669436663028,4.738159058626408,6.728906547577164,0,1.3347782919029072,1.9194812693643293,0,0.6279045228710736,0,0.974025345375459,0.542941281998008,1.3368643654152947,0.13796318921133377,0,0.8705922975941185,0.10524997537412872,0
0,0.5973311147007436,0.5504039492975608,0,0.9082055611915081,0.7280820565038937,0,0.19845540465702882,0,0.46594852587567104,0.08276514098071885,0.2769037436049402,0.04942925846348345,0,0.34815557498835403,2.2415466477083648,0,5.117901377722323,0,5.309269665651843,6.494502723959066,5.24524202894575,4.3921900424343505,0,6.037701550406105,4.525808559261151,0,2.538391891517609,0,0.634320150000665,0.9265272669312345,1.6672281554644428,3.8501943267298167,0,4.511459894826984,1.913102133936878,0,0.46986847486981986,0,0.4687282819276142,0.23454283650842456,0.19831861924848937,0.004323837710177969,0,0.3068801600019775,0.19532232141932226,0,0.15922542393724015,0,1.0973311147007436,0.9504039492975629,1.918677680143869,1.5082055611915095,0,0.8270482413138467,0.6015445953429683,0,1.2659485258756717,0,1.2769037436049402,1.0494292584634834,0.6122033646365068,1.1481555749883547,0,0.7689755288107634,5.817901377722322,0,4.809269665651843,0,1.0452420289457507,1.4078099575656502,1.8583809469254078,1.162298449593898,0,0.2066700760659188,0.4616081084823911,0,1.7343201500006664,0,1.6672281554644428,3.4501943267298145,1.7358874532787212,4.311459894826985,0,2.501484447916706,0.46986847486981986,0,0.4687282819276142,0,0.10168138075151134,0.504323837710178,0.2211988774157838,1.2068801600019796,0,0.7408233892076161,1.1592254239372402,0
0,0.03720588566210736,1.6260018338727846,0,0.041022051560112516,1.1229074746420373,0,0.5803302255435696,0,0.031733590198122386,0.053611799752562916,0.6751304951827599,0.2848298508023426,0,1.2224311146360058,0.2616774316197201,0,0.41757224379791325,0,2.376137170922842,10.745757866463975,4.309141101770809,2.844213363468022,0,2.2887656649977792,5.4082872048045445,0,2.2195512742827326,0,0.15180061474396211,0.9831780432514954,2.0565745757663123,1.4538131628945656,0,3.841315572074734,0.6737030649271105,0,0.757218526062303,0,0.693597241369293,0.08540630437144259,0.44751467515331456,0.5069019876812817,0,0.1009625349107992,0.42004817286781915,0,0.7798894805695333,0,0.26279411433789335,2.026001833872783,1.8450093005280337,0.5589779484398854,0,1.7421144689182455,1.280330225543569,0,0.8682664098018797,0,1.5751304951827585,1.2848298508023426,0.6976152202278598,0.12243111463600798,0,0.38554007833439385,1.4175722437979132,0,2.376137170922842,0,1.2091411017708076,1.7557866365319796,4.390283652108039,4.311234335002219,0,1.2855649523479187,0.48044872571727026,0,1.0518006147439607,0,2.0565745757663123,1.2538131628945663,1.5953291146507134,3.5413155720747334,0,0.8892354806415028,0.8572185260623044,0,0.8935972413692923,0,0.24751467515331527,1.0069019876812817,0.10755531392102924,0.4990374650892022,0,0.5704905194626413,0.17988948056953546,0
0,0.215796803687752,0.15745383376901856,0,0.8075994046143187,0.04271928625765398,0,0.38373656780696663,0,0.13873600948415188,0.31971710630775974,0.3972044934795349,0.1686966739088973,0,4.0261610846525535,0.7538158863004796,0,1.6652728485712593,0,10.608154695437012,3.4553348639515846,6.593102610890639,8.316838825524524,0,7.768610417124982,6.439898660166449,0,3.8173786523228657,0,1.4022532137389163,1.0885113618041942,0.6059900558898015,0.5381650589544016,0,0.15972830298893825,1.6659532321970545,0,0.46304284504516957,0,1.3569193151304937,0.03173181546053172,0.5439124361751944,0.4738365229014221,0,0.02129102860381238,0.48327197895362417,0,0.15177449556506062,0,0.4157968036877513,0.25745383376902,0.4203225470104428,1.1075994046143194,0,0.7127727069670158,0.8837365678069666,0,0.5612639905158474,0,1.0972044934795342,0.968696673908898,1.3080816103516035,5.0261610846525535,0,8.762159073471498,2.6652728485712593,0,10.608154695437012,0,2.7931026108906387,2.6168388255245283,0.22452315610419404,0.06861041712498661,0,2.7290683383327696,0.6173786523228664,0,0.4022532137389163,0,0.5059900558898036,1.0381650589544016,0.982553952872621,0.6597283029889383,0,0.0153487639985741,0.46304284504516957,0,1.2569193151304958,0,0.9439124361751929,1.07383652290142,0.4383414944151234,0.37870897139618975,0,1.2100239739597392,0.048225504434942223,0
0,2.3384634332278686,1.9256869009889357,0,1.8651057823101311,0.6332429624321634,0,1.087745557572518,0,1.4877536228846004,0.7080364675430317,1.7838672844057157,1.175275543019275,0,3.080014297789937,2.6632543489147587,0,1.9304932355777105,0,4.598850442248786,2.63159910520638,4.03656170723367,5.948301361386001,0,7.230619605529803,4.541707013298652,0,6.477137398279222,0,4.851111228117215,4.7413657105793945,3.7824143045433054,3.8679081133002313,0,1.7875616378913364,0.029601246381552926,0,0.5946449050677423,0,1.4198890177830243,0.8703151078722406,0.3245920137979539,1.1139560612004864,0,1.4039165223860728,1.6496708321293987,0,0.7859352782299567,0,2.7384634332278672,2.4256869009889357,1.7687874880739507,2.665105782310132,0,2.6835161155287537,1.98774555757252,0,2.4877536228846004,0,2.8838672844057136,2.3752755430192742,1.1820478584191534,4.380014297789938,0,1.9639320433532674,3.830493235577709,0,5.698850442248784,0,3.8365617072336704,4.948301361386001,3.435109852839762,3.9306196055298024,0,5.748774950563444,4.477137398279222,0,4.251111228117214,0,4.082414304543306,4.067908113300231,2.811506137673483,2.2875616378913364,0,0.7812411947092848,0.4946449050677444,0,1.6198890177830272,0,0.3245920137979539,0.9139560612004871,0.13712866669854762,1.2039165223860735,0,0.40985116287671985,0.5859352782299574,0
0,0.8072997624901603,0.3194103274968967,0.8758596163898211,0,0.09378375316408594,0.0017642014140442086,0,0.35795561872299686,0,0.1435826872870436,0.39556209659705033,0.02261845977944077,0.22370128645469478,0,2.973918679985818,3.3958818410112457,0,0.2516558922060028,0,4.07502403284213,3.058668114666407,3.356996293140881,2.1388345505317865,0,2.80448759069186,2.2522608076919575,0,1.1918344871339421,0,0.051358404941350244,0.0831070592668226,0.5238399040644062,1.3450309994602314,0,1.8074030223382884,2.0526852329779786,0,1.1751624902334257,0,0.7658647424186888,0.604189323126473,0.7292255541370842,0.46766698886087354,0,0.3446915130520267,1.2571709713452286,0,0.06784835572522141,0,0.18058967250310332,1.4758596163898225,0.47963144868505836,0.6062162468359134,0,0.708187418120648,0.4420443812770003,0,0.7564173127129585,0,0.9773815402205592,0.2762987135453052,1.9363941881043303,0.17391867998581745,0,0.3970486794092771,0.1516558922060014,0,3.475024032842132,0,1.0569962931408803,1.0611654494682128,0.13869863956119133,0.004487590691859111,0,0.6004185200004315,0.8918344871339414,0,0.04864159505865118,0,0.12383990406440759,0.74503099946023,0.08189861671788279,1.6074030223382891,0,1.2384987198021733,0.9751624902334264,0,0.7658647424186888,0,0.8292255541370821,0.567666988860875,0.2777505687751862,0.4446915130520246,0,0.5070896088829677,0.2678483557252207
0,2.0520488277170976,1.7062558678843551,1.0723240358012909,0,0.5527819243808345,1.4363773951656782,0,1.3597046593302977,0,0.891238723501484,0.4719518756354084,1.123648775612299,0.08956712417562329,0,0.1536983221615813,2.2109859266671137,0,0.02230510547510889,0,0.3345578824991229,2.8436385847128562,0.607093838871549,4.4081730848572995,0,0.16264087668756844,1.082306563611283,0,2.8715323226922713,0,0.8611526272276748,0.13386486732188985,0.851505868171138,0.3551574416422376,0,1.249844862077623,0.41508626196209164,0,0.5331342421399228,0,0.943010313985269,0.6389135353326374,0.8243604363272219,0.30768072696426785,0,0.7416948790695805,0.6041181576049297,0,2.75832865088843,0,2.4062558678843544,1.972324035801293,1.0795903174716557,1.4527819243808366,0,1.4261959657297396,2.2597046593303,0,1.891238723501484,0,2.2236487756123005,0.8104328758243753,2.480526339999095,2.55369832216158,0,1.2507503155797544,0.1776948945248904,0,0.8345578824991229,0,1.392906161128451,1.8081730848573017,1.0485108261831542,2.0626408766875706,0,2.202375415132842,3.071532322692274,0,1.3611526272276748,0,1.551505868171141,0.2448425583577638,1.5066997331651066,2.1498448620776216,0,0.09967944890227187,0.5331342421399228,0,0.943010313985269,0,0.724360436327224,0.20768072696426643,0.5792509509226029,0.7416948790695805,0,1.0375857921051086,2.5583286508884306
0,0.5040871035579038,1.3927206348831938,0.3648649633387322,0,0.9134081007073753,0.3449637752924666,0,0.48499460196866906,0,0.41329318412108407,0.37422100262915237,0.5209778329297627,0.9756702715149679,0,1.5938290022181896,2.2351871311741824,0,1.328167041282267,0,0.7117254425853794,1.0349796646409466,0.8996558804531603,0.6243191921282509,0,2.268572420681469,2.5887709779914836,0,0.4390483639390581,0,0.21861042982293455,0.25608816836913206,0.7414424118518106,1.5173686121007819,0,1.9511628295360843,1.1567234490043177,0,0.22327072149216676,0,0.7171069974279902,0.12603620982732622,0.9941572387789215,0.28520036324635,0,1.0761664285036936,0.24342546780513175,0,0.4229839035683085,0,0.6927206348831909,0.3351350366612671,1.8994295303329736,0.11340810070737462,0,0.17474681873606812,0.31500539803133165,0,0.3867068158789131,0,0.3790221670702394,2.175670271514967,0.9317466483927461,1.2061709977818111,0,1.7467835092002346,1.7281670412822692,0,0.2882745574146206,0,2.0003441195468383,2.775680807871751,1.5446193766889493,0.46857242068147187,0,1.4383740110690155,0.13904836393906095,0,0.5186104298229353,0,0.5414424118518113,1.2173686121007812,1.6921986538016967,1.6511628295360836,0,0.6679649632739668,0.12327072149216534,0,0.7171069974279902,0,1.094157238778923,0.1852003632463486,0.4522489130477645,1.176166428503695,0,0.224540499936424,0.7229839035683057
0,2.2164961019763716,2.0171321273915233,1.6693328345015175,0,2.297752473218793,1.4940415801066145,0,1.2473981667908056,0,2.1176695117079483,3.12491053599431,2.2549766594293974,0.7497585011899623,0,3.6436810501132832,2.4590488001256467,0,1.1895077104713465,0,1.410707532252136,2.9476312076993914,0.9766500031057035,1.7803073185901006,0,1.1724477376695432,0.6344422982370617,0,1.0961261764459245,0,0.5830643143123666,0.4403954092227593,0.4923008596751224,0.9493076403658449,0,0.7411900655409909,0.1865715587030401,0,0.48433358436084717,0,0.008274414502466243,1.275616926765533,0.44029759909390265,1.0684922727669246,0,1.1138840810867912,1.6149539194296452,0,1.7484326339206469,0,2.7171321273915225,2.5693328345015196,1.689062342485805,3.297752473218793,0,2.3627702443163585,2.347398166790807,0,3.3176695117079475,0,3.5549766594293946,1.7497585011899623,3.2658486528762367,3.743681050113281,0,2.9570629402984316,2.889507710471346,0,3.0107075322521375,0,2.8766500031057056,0.41969268140990224,0.06466611875552175,0.027552262330456045,0,1.7412064054017158,1.1961261764459223,0,0.5830643143123666,0,0.19230085967512167,1.0493076403658428,0.9507998880432709,0.9411900655409937,0,0.6179173224572025,0.68433358436085,0,0.19172558549753305,0,0.44029759909390265,1.0684922727669246,0.39831699336786386,1.1138840810867912,0,1.302349004676028,1.648432633920649
0,0.4181271929232864,0.2339044271340356,0.9124580142063579,0,0.07700570513855354,0.16857421639252124,0,0.22685357142708185,0,0.48679148685080875,0.4325298861883269,1.2683189845271876,0.4744171381455651,0,1.7978845778498886,0.5822161232624303,0,1.794589444998575,0,2.26379969618705,3.542733197448964,3.6283094400466176,3.5123626605351177,0,3.985642305868268,2.1713005414472484,0,3.7009925978852927,0,1.9470460433546997,0.14437851791602085,0.6607244630281564,0.1164659820825733,0,0.6531337337690744,0.7713663051233333,0,0.15162300367304837,0,0.449919895552501,0.2632473835032165,0.5202592536223101,0.24006076530243092,0,0.14418092257083615,0.42600611216536066,0,0.125848502116245,0,0.3660955728659623,1.81245801420636,1.4711889555490814,0.9770057051385557,0,0.8278803935341621,1.2268535714270818,0,0.6132085131491927,0,0.06831898452718477,1.025582861854435,1.298037822842364,4.097884577849889,0,0.051451000396369295,0.3054105550014228,0,0.4637996961870492,0,0.17169055995337956,1.1876373394648816,0.05448377996707521,1.3856423058682665,0,3.5109151174941537,3.50099259788529,0,1.647046043354699,0,0.8607244630281556,0.016465982082575437,0.7852390002437453,0.5531337337690729,0,0.683691490851519,0.14837699632695234,0,0.3499198955524996,0,0.7202592536223094,0.44006076530243377,0.9074338895786589,0.04418092257083828,0,1.5041416085494,0.0741514978837543
0,0.6541864864098272,1.4733921942076513,0.020852127017796818,0,0.15086789225187758,0.796829214082944,0.011500707363254037,0,0,0.510386080472184,0.10792428956549571,0.6781710084197741,1.074243363436672,0,2.186265240193851,7.53079411924519,2.897100535884686,0,0,0.6518351977774373,0.2797442441938429,3.2035445861028258,1.3510322851937246,0,1.859286864633816,0.6071114377170979,0.5935787588448989,0,0,0.6579082469373674,0.6863771422228275,1.1656828909449217,1.674118511484334,0,0.13949470374155837,0.01466243486276042,0.8671795252560379,0,0,0.7426764251204929,0.730328845403907,0.18380720438418052,1.337637704523896,0,1.4754061156983944,1.5252228762171178,1.0043167887108666,0,0,2.4733921942076513,1.1791478729822025,2.445448567848821,1.250867892251879,0,1.2115007073632533,1.4213142688637035,1.5870985212008684,0,0,2.078171008419776,0.025756636563329494,1.1358727018834394,2.986265240193852,0,6.2971005358846845,1.1930188426423918,3.358727355751025,0,0,1.103544586102828,3.951032285193726,2.0132380249312014,0.059286864633815384,0,0.39357875884489957,1.1904803405374125,1.146729797542264,0,0,1.0656828909449203,1.8741185114843368,2.033073993496135,0.06050529625844092,0,0.6671795252560386,0.6692750954206907,0.625999431972069,0,0,0.0838072043841791,1.337637704523896,0.8065127414313729,1.4754061156983944,0,0.9043167887108687,0.48751972512142316
0,0.5948846284530376,2.055169829386248,1.6365111148522438,0,1.5688577021279961,1.1248591079072767,0.29921214885169434,0,0,1.000572465987144,0.33549230135429653,0.3009871317651083,1.039640080828402,0,0.4954667059981759,3.7761194849422353,5.162621696665873,0,0,2.308490268048917,0.7639216212618649,0.2790680144468425,0.3501670628665998,0,1.7462877797425058,3.0170351043018115,0.36795078787714175,0,0,1.435479612228992,1.8314143241901206,1.5253576652605823,1.5387341636817347,0,0.18846740495880354,0.6717013190757726,0.23041243202092687,0,0,0.6976508205811989,0.9847157098123738,0.5456116229091101,0.895455968272266,0,2.1971307419008816,1.414392424539301,0.7240501747185846,0,0,2.9551698293862465,2.6365111148522438,3.259928854524045,2.568857702127996,0,1.3992121488516958,1.1534505722972241,2.1664233189439877,0,0,1.600987131765109,0.1603599191715972,1.4365598654974967,2.804533294001825,0,3.237378303334129,4.462948771286527,4.123621102460746,0,0,2.679068014446841,2.7501670628665984,3.4703874030012223,3.246287779742506,0,0.16795078787714246,1.2119286062114973,3.25300135672569,0,0,1.5253576652605823,1.4387341636817368,1.6179563057544861,0.38846740495880283,0,0.5304124320209276,0.035530632307160914,0.07571060853413769,0,0,0.4456116229091087,0.6954559682722667,0.7743497106152546,1.9971307419008824,0,0.4240501747185874,1.018022498318441
0,1.4824399780069832,3.825745374897158,1.8178855522171737,0,1.1950290298568547,1.723507082570105,1.8776051048063316,0,0,1.8334491604090033,1.2273805020014752,1.7544367629712543,0.2770924099637071,0,1.3241483827118223,2.358847322490057,6.317103500579702,0,0,1.129262414911146,2.2019116123482725,1.0021123923432391,2.5169106123293687,0,1.4506776418000484,0.824209410704821,4.11000307212327,0,0,0.8558539070159554,0.7606341457263106,0.5219812512625346,0.29417298727324237,0,1.5685313938040402,0.26685183205611196,1.9639471378713331,0,0,0.9192342391732318,1.5507616842942227,1.783805487792545,0.7065905575539482,0,0.8680376978452387,2.150698949388776,1.224668369186034,0,0,4.925745374897156,2.917885552217175,2.5687623004602713,2.4950290298568554,0,3.1776051048063287,3.2655572896152787,3.6634217353960317,0,0,3.2544367629712543,2.6770924099637057,2.309694961976266,1.0758516172881798,0,1.082896499420297,3.4531911135751088,1.8400402698471332,0,0,2.7978876076567616,1.6830893876706305,3.010597152833789,0.8493223581999487,0,4.210003072123271,1.095479691009892,1.2732678123762824,0,0,0.621981251262536,0.1941729872732445,0.8127546333676747,1.1685313938040416,0,1.3639471378713353,1.8459844723811898,0.9059374808899179,0,0,1.6838054877925437,0.5065905575539489,1.8371913270145015,0.7680376978452408,0,1.0246683691860348,0.9620864478948299
0,0.557548985366811,0.5637415438971018,2.002775406934088,0,0.8965978982937379,1.1760775136039925,0.15235327909449126,0,0,0.3929180522128135,0.17304644284908832,0.38864733041541655,0.6433322425384951,0,0.3972216995786333,3.0359721520805216,3.612221756304134,0,0,1.3009250211840744,1.3459572266239874,0.3639711970238686,2.179401481403424,0,3.164230715483864,1.1146374532271395,2.069639679829418,0,0,1.4145071726860365,0.2666137126563868,1.24979968398803,0.08663187575402986,0,0.5017226768541292,0.004541840145023457,1.0248727695340847,0,0,0.12175615807060325,1.2479238371423378,0.07895986826328283,0.16680176215059106,0,0.33912881741080625,0.1332173585183405,0.9184914258419425,0,0,1.6637415438971033,0.8027754069340887,0.8616565938397116,0.30340210170626136,0,1.2476467209055109,0.38749836245496283,0.28803980970647913,0,0,1.8886473304154165,1.256667757461507,5.335728381229298,2.8972216995786333,0,4.587778243695865,1.4605958439764457,1.8871545514293793,0,0,2.53602880297613,0.22059851859657797,5.837666880836242,4.2642307154838655,0,2.069639679829418,1.0110470200144306,0.7175063837741575,0,0,1.349799683988028,0.386631875754027,2.9919878401924898,0.29827732314586797,0,0.5248727695340847,0.9560392623041913,0.051579439411852945,0,0,0.12104013173671646,0.2668017621505925,1.0722405139135383,0.33912881741080625,0,0.8184914258419411,1.0073801421948438
0,0.9192518988559115,1.2121955673460896,1.2696399601895507,0,2.2780505754940883,1.0567720617409684,1.827139151363193,0,0,2.4817559473687325,1.2773421367453324,0.7087518094909768,0.5575621684209651,0,4.74177609154248,5.976661974612053,2.0109089029526537,0,0,3.936974812543042,1.3966526253861034,3.9354097207034116,0.5668002779978352,0,3.5065596613487635,1.8959906378540374,2.583626770138462,0,0,1.537177572237585,1.5006067092030868,0.6798377477756112,2.428614033897116,0,1.0417280337525732,0.09044344216023248,0.6096895418752339,0,0,1.2132827492364164,0.5576817417804669,1.1613090604621945,2.369177731103658,0,1.2194278763544517,1.25634750008307,2.4710621386840153,0,0,2.8121955673460874,2.96963996018955,2.5302530395945695,3.9780505754940876,0,3.5271391513631922,4.3781342499317155,3.2927500773176224,0,0,2.8087518094909782,1.1424378315790342,2.0417866863835847,6.441776091542479,0,4.089091097047348,0.4442048982467526,1.0927036827737133,0,0,1.7354097207034123,1.6331997220021641,1.2355248932797664,2.106559661348765,0,2.383626770138463,4.05752189505484,3.1784216412631743,0,0,0.7798377477756091,2.428614033897116,2.217310454395097,0.7417280337525725,0,0.19031045812476677,0.7369636435583011,1.3343048241446418,0,0,1.1613090604621945,2.369177731103658,0.549095599368826,1.2194278763544517,0,2.371062138684014,1.5599509133886613
0,0.08436401980963737,1.70431359567214,2.452868522105822,1.8325379507842392,0,1.088716573219557,1.0971593036626537,1.8872370997204122,0,0,0.3425298304613875,1.425519054570131,1.3540332065129022,3.3901509503538207,0,4.455328178803754,1.967640739045958,0.6472115444338584,0,0,0.6555473248724972,3.6444375622638248,3.813406690625367,2.71560104342889,0,0.6663058322449551,0.7311884473578516,2.460663213201844,0,0,2.1657694195900916,1.84545895782054,0.12418814050426263,2.073054851864711,0,0.07246404860527988,1.1494487612412634,1.0226320719214002,0,0,0.5833934960198306,0.6019848717787184,1.0938240914796395,0.7920714753446525,0,0.39592233493106477,0.47175082619598996,1.2514268054614597,0,0,3.752868522105823,3.1325379507842364,2.5510580689173707,2.2887165732195562,0,3.187237099720413,1.261685837938078,3.018417809601795,0,0,2.5540332065129014,5.790150950353823,5.599501471900346,1.855328178803756,0,1.3472115444338613,2.756761747651513,1.6600631119219855,0,0,4.313406690625367,3.415601043428893,6.537120802203479,1.0663058322449572,0,2.860663213201846,2.0264382212082452,3.135819736047452,0,0,3.024188140504261,1.3269451481352874,1.1593063826897563,0.9275359513947201,0,0.12263207192139802,0.7086280488042185,0.7700346858067668,0,0,0.8938240914796403,0.6920714753446546,0.7600584278411162,0.19592233493106548,0,1.2514268054614597
0,2.718344783259827,0.6962517235237442,1.0137210071076659,0.013579057223410018,0,0.14089591907804078,0.2023741394406997,0.42420196719156067,0,0,2.220234219658259,0.3414654793151968,0.07290197364581275,3.1339542334174375,0,2.0101723864318615,6.594525576939716,4.323321004028891,0,0,0.4726321734940555,0.07902493985007908,1.7839924038298385,2.659547011947371,0,1.5167818400865052,0.3746478992352884,1.3462049714552222,0,0,0.7877906365699943,0.3643407990688772,1.0016033470355445,0.4948877193315546,0,0.18912185583229757,0.19614451624881113,0.5031596465741437,0,0,0.9169852188282412,0.8513495075333068,1.7368187894034754,1.8903294312052026,0,1.4264823147983599,0.19145753341533833,3.179903348928711,0,0,2.6137210071076673,1.6135790572234114,1.820329127953464,1.2591040809219614,0,1.9242019671915607,2.901937087886946,1.2425180818401138,0,0,1.9729019736458113,5.6339542334174375,5.970702119170738,0.8101723864318622,0,2.423321004028889,1.0902728478321393,1.8849967862361865,0,0,1.2839924038298385,3.559547011947373,2.8033280066377593,1.7167818400865045,0,1.0462049714552215,0.7362730233024664,0.5533195449091828,0,0,0.20160334703554383,1.2948877193315553,0.25859323699402026,1.0891218558322997,0,1.5031596465741437,0.36207162927560077,1.6859289986536332,0,0,2.136818789403474,2.1903294312052033,0.202644116465855,1.826482314798362,0,3.2799033489287126
0,1.2985615306519485,0.5705678419459801,1.3399761571825088,0.2074677885884988,0,1.733121971638246,0.047470939323268624,0.8552190835714484,0,0,0.7199208946424029,0.21450612604636987,3.267669198964839,0.7507472825477848,0,1.9523026640148018,5.828268820999842,4.0313761947200994,0,0,0.4207795396737062,0.19632703688425934,0.5369151247348185,2.3252721495242383,0,0.5798242837506606,1.4114032606126266,0.1858501913093349,0,0,0.2895119245414044,0.2853668506926823,1.4174972241129815,0.5607795892064615,0,0.35143623757661757,0.6854002545099576,0.06230218845818669,0,0,1.1175941497692747,1.11883928489587,0.6117146827056708,0.28622234292201654,0,0.2962892319507233,1.5569997216158775,1.4397585361843106,0,0,2.7399761571825074,1.2925322114115012,5.032124718191358,2.9331219716382453,0,2.255219083571447,1.189985539182338,2.21583363465642,0,0,1.8676691989648404,3.050747282547782,1.5841693343587302,0.4523026640148018,0,5.731376194720099,3.448862345046816,0.6927073673896693,0,0,0.036915124734818505,3.225272149524237,1.2200747864491959,0.7798242837506599,0,0.11414980869066582,2.885658740615174,0.9945785011960879,0,0,0.7174972241129822,0.13922041079353775,0.6296238633709734,0.2485637624233803,0,0.8623021884581838,0.8203755123347136,1.03685224651273,0,0,1.1117146827056708,0.6862223429220151,1.1114822636918902,0.7962892319507233,0,1.7397585361843113
0,1.3292826861321423,1.0702867922080053,0.46904728072727764,0.11139535997793715,0,0.5795344496665109,0.7001421182186114,0.4779458169658817,0,0,0.05318791505588294,1.53210269605772,0.49352320226981305,4.175848535350191,0,6.0363395473798995,4.690202550481903,0.7382760232043992,0,0,0.20658596636786086,2.049146755411087,3.883185306550068,0.8883572904428192,0,2.3944023400997985,0.7081593224138167,1.4460800587105815,0,0,1.8405111489228467,0.9063248952106733,0.703766811648947,1.1062205306459667,0,0.8765659411448681,1.2486004314847605,0.4325098222992132,0,0,0.15791640195393697,0.07460966812722702,0.7334961683979593,0.5288090401497847,0,2.263056845605117,1.2817465957650036,1.0450369781153164,0,0,1.0309527192727224,1.6113953599779371,2.345441770327117,1.979534449666513,0,1.8779458169658803,0.7781938684761975,2.4663192516954293,0,0,1.3064767977301877,6.675848535350191,11.538158926928748,3.5363395473798995,0,1.4382760232043985,1.2713697306655902,0.21063428888335167,0,0,4.4831853065500695,1.8883572904428192,2.107462051622054,2.7944023400998006,0,1.2460800587105823,1.8760003491445048,2.2509093607045614,0,0,2.0037668116489478,0.693779469354034,0.4114005917905601,0.4765659411448695,0,0.4674901777007854,0.27663672452657195,0.7234023044438196,0,0,1.2334961683979593,0.9288090401497833,0.9809408413054577,2.6630568456051193,0,1.2450369781153157
0,2.3428262525738344,0.01725810470999889,0.8852126260561981,2.8011272288601976,0,1.818309900385655,0.7535991509243019,1.388375430236902,0,0,1.0081452082388438,0.4608841063734701,0.13956195235615,1.5533805446681512,0,3.0663596030183413,1.557341239574093,1.0561574054459122,0,0,0.9546669636899878,0.5164380463649785,0.024124506289840753,0.6230646981646899,0,0.8854246842426079,2.6961404885526896,2.017351004433049,0,0,0.7948075785231445,1.098196048374568,1.2050340230965055,0.23358994826446278,0,0.8778170320075382,0.18664512660990695,0.3482895314760164,0,0,2.0757880639775124,1.1804010582301352,2.1625988897936175,3.0802837064129562,0,0.8359205453204019,3.541399048135883,3.125116311067117,0,0,2.485212626056196,4.401127228860199,2.4462766163718506,3.2183099003856572,0,2.7883754302369006,3.212401839319403,2.600086309529212,0,0,1.86043804764385,4.2533805446681505,1.143625588057958,1.5663596030183413,0,0.15615740544591006,0.5401340807129031,0.8353725763979618,0,0,0.2758754937101564,1.023064698164692,0.9292875753676881,0.5854246842426072,0,1.717351004433052,0.523234545588867,1.0708403191050913,0,0,0.10503402309650411,1.066410051735538,0.46272266578244015,1.0778170320075375,0,1.148289531476017,2.7548511837739227,1.1582337820728625,0,0,2.8625988897936168,3.680283706412954,4.645210167348511,1.4359205453204034,0,3.5251163110671158
0,1.2249090500011448,2.8968467638658524,1.8145717851284147,1.0509393299951935,0,2.383070995305834,1.7096424756227968,0.87538907556306,1.038415055986258,0,3.0588342510518274,0.24268072158213805,4.32502397270795,3.6804516089425015,0,10.749255198456506,4.817992229336603,2.0850985955963566,0.905737125503407,0,1.503023560860651,2.866909378208117,0.7160907595960566,2.4091855392204096,0,1.8015833544394368,0.5945629335904918,1.5599389191394586,2.8426703409958662,0,0.8539264379520333,1.1379927004719903,0.2039723147014776,0.24969263152997812,0,0.6748940431142749,0.8587127451562111,0.8030807998176144,2.502120815291754,0,1.5505975906026137,0.23559246412332868,0.10152987572732641,1.4358506264998674,0,0.16359755078209304,0.5682864934369825,0.3693937013168984,0.6750909499988538,0,0.014571785128417503,0.8490606700048069,0.18382683126312216,0.8830709953058324,0,0.62461092443694,0.5615849440137417,0.25441740920441447,1.0588342510518274,0,2.3250239727079496,6.6804516089425015,5.716933655953461,13.449255198456505,0,3.0850985955963566,0.6057371255034063,0.31768909405640855,0.10302356086065245,0,0.4839092404039427,1.6091855392204089,0.3912395268306774,2.4015833544394347,0,1.2599389191394579,2.642670340995867,2.0070702511102887,1.4539264379520311,0,2.0039723147014747,1.6503073684700205,0.9670974237174015,0.17489404311427492,0,0.6969192001823856,1.0021208152917538,0.5840951660839977,0.05059759060261371,0,0.7984701242726722,0.5358506264998653,0.9228616822110318,1.0635975507820952,0,1.0693937013168977
0,1.8061939745382105,1.7899423840344113,0.23038075145008818,0.9444120499742965,0,1.0964299434319642,1.1168571618289391,0.32296444784661205,1.4488727349981296,0,0.4871416697505051,0.46398215158304623,0.4329370507398238,3.388064868400189,0,9.466217358105485,8.183512294319936,0.2650975386591341,3.224098048172614,0,1.7020787012447371,1.2209728966550557,1.3132340300250824,0.3063405294162749,0,1.9669387692767728,1.8032368636712093,0.6048303476926051,1.4123267601313074,0,0.7440550144823455,0.19926334276737379,1.4094526926199649,2.3293329902719506,0,0.47012066957575627,0.193462499350062,0.4367020403900703,0.15546165124309397,0,0.8468174368284807,0.6062824518294114,2.6193935653769564,2.156482031624087,0,0.6565056940390619,0.10765920107048288,3.0695934429786007,3.3061939745382105,0,1.5696192485499125,0.8555879500257042,1.0671073452129747,2.596429943431964,0,1.9229644478466135,3.2488727349981303,2.8249170794289853,2.487141669750505,0,2.5329370507398252,6.888064868400189,12.810983332103973,7.466217358105485,0,0.9650975386591334,3.024098048172611,0.8921582333250342,1.1020787012447357,0,0.8132340300250824,0.40634052941627274,1.8060183990946612,1.9669387692767728,0,0.7048303476926066,1.812326760131306,0.6556932237621744,0.044055014482346166,0,0.5094526926199663,1.52933299027195,1.7108491286980652,0.770120669575757,0,1.6367020403900696,1.555461651243096,1.175039174598119,0.5531825631715215,0,3.6193935653769564,3.0564820316240855,0.20348999852135918,1.5565056940390605,0,3.8695934429786014
0,2.2321023908887803,0.3738728033720342,0.03366380639175759,0.6511282213167782,0,0.966156702440518,0.1615212059893949,0.03911447867885087,1.4171384341989217,0,0.577946090697111,0.17697942394314659,1.5413304295610608,1.6569662715647553,0,2.6367901111548306,6.738928728056187,1.3883326685215742,2.0411158678832138,0,2.337999554806199,0.8819762239465767,0.14299760387383031,0.27654178230010373,0,0.581262843916619,4.643353623876354,2.447526196471312,0.876786670917447,0,1.2174640139590984,1.3942600716631262,1.7385674540175167,1.8486774200380687,0,0.7047033957890463,0.09534129592077534,0.44308048633753927,2.0078597296163245,0,3.1405888536411837,1.692388138145457,0.5225161656848734,0.211389841685115,0,0.8582447855809789,3.301401001734124,2.5509090590108734,4.4321023908887796,0,2.366336193608241,3.0511282213167767,2.4687203267069613,2.8661567024405166,0,1.9608855213211491,3.617138434198923,3.835494636989962,3.077946090697113,0,4.3413304295610615,1.2430337284352433,4.601290654860978,1.736790111154832,0,1.2883326685215728,0.8411158678832145,1.1292701958367815,2.4379995548062006,0,1.1429976038738303,0.7234582176998963,1.680786653822942,1.081262843916619,0,2.747526196471309,1.2767866709174491,1.1912372361022179,0.7174640139590984,0,0.6385674540175152,0.6486774200380694,0.7109205022458305,1.2047033957890463,0,1.6430804863375386,3.3078597296163252,3.039480532684653,4.540588853641186,0,0.47748383431512664,1.211389841685115,1.4722697793954964,1.9582447855809804,0,3.350909059010874
0,0.7567095021031047,0.2784779333022769,0.3640617175794336,0.7841276186078687,0,0.04811050001516648,1.0600966667596357,0.5466080474229571,0.7939576009384588,0,0.7717817355146401,0.14353115182181497,0.2311627284561908,2.284080837137534,0,0.7322308616637798,0.4244104118535432,1.1909556797167902,1.789672301167343,0,1.7315038245365102,1.517958275336344,0.26170949331031323,1.3427191939533607,0,2.002690826669859,3.7906374210489027,1.8933095848731405,2.918932287144518,0,2.6493024735448323,1.9550228109761605,1.2016858771711192,3.6901929314015653,0,0.13056994009379608,0.326639863531593,0.4554652591441375,0.7059944659792876,0,0.4307446518723559,1.685999538544145,1.7416807164569228,1.031893322262441,0,2.423423021164293,1.5961875176153733,0.9366776965154173,2.456709502103104,0,1.735938282420566,2.8841276186078684,3.299145929111045,1.5481105000151665,0,1.1533919525770422,2.5939576009384577,2.495174156846705,1.3282182644853613,0,1.4688372715438085,4.684080837137532,6.438850818487747,1.3322308616637777,0,1.3909556797167895,0.789672301167343,1.698090764358085,0.6315038245365088,0,1.438290506689686,0.7572808060466407,1.5804181669478865,2.80269082666986,0,1.6933095848731412,2.418932287144518,0.6207583865453685,1.7493024735448301,0,0.0016858771711198983,2.3901929314015646,1.4998926348655495,1.1694300599062046,0,1.6554652591441368,0.9940055340207117,0.94037573533992,1.3692553481276448,0,3.141680716456925,2.3318933222624416,1.8653797997577684,3.7234230211642902,0,2.1366776965154166
0,0,0,0,0,0,0,0,0,0,0,0,0,0,0,0,0,0,0,0,0,0,0,0,0,0,0,0,0,0,0,0,0,0,0,0,0,0,0,0,0,0,0,0,0,0,0,0,0,0,0,0,0,0,0,0,0,0,0,0,0,0,0,0,0,0,0,0,0,0,0,0,0,0,0,0,0,0,0,0,0,0,0,0,0,0,0,0,0,0,0,0,0,0,0,0,0
