sensors,0.5,1,1.5,2,2.5,3,3.5,4,4.5,5,5.5,6,6.5,7,7.5,8,8.5,9,9.5,10,10.5,11,11.5,12,12.5,13,13.5,14,14.5,15,15.5,16,16.5,17,17.5,18,18.5,19,19.5,20,20.5,21,21.5,22,22.5,23,23.5,0,0.5,1,1.5,2,2.5,3,3.5,4,4.5,5,5.5,6,6.5,7,7.5,8,8.5,9,9.5,10,10.5,11,11.5,12,12.5,13,13.5,14,14.5,15,15.5,16,16.5,17,17.5,18,18.5,19,19.5,20,20.5,21,21.5,22,22.5,23,23.5,0
0,36.5,45.07222431,37.3,37.3,-88.56044957,37.5,37.6,3643.528145,37.8,4483.426352,-16468.20401,38.4,-63254.34316,60301.8529,29.2,343917.1339,-129128.7288,27.3,-3488257.158,2442856.334,28.6,-10379526.56,89634961.03,26.9,580396574,8123967.318,29,-15031217460,31.7,33,2.54867E+11,35.4,2.55665E+11,-3.71723E+12,37.6,-1.17501E+13,4.06541E+13,37.9,2.98249E+14,-8.69586E+14,38,-5.03088E+15,-7.70314E+15,37.9,-9.40878E+16,1.91E+17,37.9,1.04E+18,2.68E+18,38.1,-2.12E+19,38.4,38.3,2.69E+20,38.3,38.3,-6.54E+21,38.4,-8.62E+21,1.57E+22,34.9,9.13E+22,-2.63E+22,28.8,-2.74E+23,-3.60E+23,32.1,2.16E+24,-3.00E+24,33.9,-2.75E+25,-3.13E+24,34.6,-1.97E+26,9.43E+26,34.6,-2.19E+27,36.4,37.4,1.86E+28,39.1,5.53E+28,-8.43E+28,40.7,-6.35E+29,1.84E+30,40.6,7.56E+30,-8.27E+30,40.9,-9.16E+31,3.99E+31,40.7,-4.36E+32,2.04E+33,41.5
1,37.2,40.37498322,-14.27771323,37.9,-129.8028556,501.3153236,38.2,2719.342368,-3712.671477,38.5,-10399.5754,-10252.41294,37.1,39017.23162,-85500.09954,32.2,-153283.9978,-383125.4145,-3148062.823,4751893.111,3002104.153,-8377124.757,92597398.61,238796395.9,548489875.5,-362610418.3,724002441.9,-12364758969,34839797751,36.8,2.59822E+11,-5.73846E+11,39.1,-2.23946E+12,-3.60553E+12,38.3,2.00488E+13,5.80583E+13,39.2,-9.61091E+14,-1.80613E+15,38.9,-1.0313E+15,-1.83326E+16,-8.82492E+16,2.77E+17,6.08E+17,1.15E+18,2.05E+18,4.94E+18,-1.46E+19,8.47E+19,39.1,3.71E+20,-9.99E+20,39.2,-4.18E+21,7.44E+21,39.1,4.34E+21,2.58E+22,32.2,-4.11E+22,2.08E+23,33.8,-3.43E+23,-6.55E+23,1.84E+24,-3.20E+24,-1.27E+25,-2.94E+25,1.73E+25,-2.11E+25,-1.14E+26,1.06E+27,39,-1.19E+27,2.51E+27,40.9,2.22E+28,-4.30E+28,42,3.20E+28,-6.15E+29,42.4,1.04E+30,-1.68E+30,41.4,-1.06E+31,-1.86E+31,-7.97E+31,1.04E+32,2.16E+31,-3.98E+32,2.54E+33,6.73E+33
2,36.4,33.52782649,-12.38831255,37.5,-90.43722538,843.1769285,37.8,3437.497422,-217.466885,38.2,-18668.34709,-21770.87896,34.3,74722.56012,-137627.5788,29.2,-111025.4685,-668584.0573,27.3,4133958.182,2122782.879,-20567355.44,62918882.09,271583255,378564990.2,-837689606.8,-248831535.7,-13345023738,36430118067,34.2,3.01633E+11,-3.99669E+11,37.3,-3.85924E+12,-1.00592E+13,37.5,4.26156E+13,1.07063E+14,38.2,-1.40674E+15,-1.90718E+15,38,-1.25718E+15,-2.71221E+16,37.9,2.40E+17,7.16E+17,2.97E+17,6.45E+17,-2.55E+17,-5.44E+18,9.36E+19,38.7,2.69E+20,-1.62E+21,38.6,-6.27E+21,7.10E+20,38.7,1.70E+22,4.33E+22,29.1,-8.25E+22,4.24E+23,31.2,-7.59E+23,-1.90E+23,34.5,-4.85E+23,-1.65E+25,-6.46E+24,2.86E+25,-3.79E+25,-3.23E+26,9.56E+26,-5.58E+26,-3.11E+27,-1.42E+27,38.6,3.04E+28,-2.31E+28,40.7,-3.30E+28,-1.07E+30,41.1,2.07E+30,-1.81E+30,40.8,-1.23E+31,-2.48E+31,40.8,1.15E+32,-1.37E+31,41,1.80E+33,8.13E+33
3,36.2,41.79907395,-35.86815719,37.1,-343.6345778,1027.727462,37.5,5039.155224,-9590.599661,-27.57088009,-17682.48083,38.1,-99269.65651,-28492.28338,29.7,632616.6879,379786.1192,28.3,-3801662.716,10616633.28,32.1,-4161104.574,134051252.3,33.1,1037761149,-1231076800,34.6,-17157691830,71601722997,37.5,4.76489E+11,-1.10106E+12,38.9,-4.49837E+12,-1.80852E+11,-1.32893E+13,1.89958E+13,38.3,3.34825E+14,-1.22753E+15,38.4,-5.82792E+15,4.04958E+15,38.4,-7.94001E+16,4.99E+17,38.4,2.20E+18,1.13E+18,38.5,-2.94E+18,1.80E+20,38.7,9.13E+20,-1.98E+21,38.7,-8.85E+21,1.84E+22,-5.38E+21,9.72E+21,35.7,1.08E+23,5.80E+22,29.4,-7.37E+23,-1.42E+24,36,2.18E+24,-5.26E+24,38.4,-2.58E+25,7.24E+25,38.5,-2.44E+26,1.63E+27,39.6,-9.13E+26,2.20E+27,41.4,3.88E+28,-7.69E+28,7.88E+28,2.65E+28,-7.42E+29,-7.47E+29,2.41E+29,41.1,1.37E+31,-2.64E+30,41.1,-1.04E+32,2.63E+32,40.9,-2.20E+32,3.79E+33,41.4
4,36,38.87221532,-30.40593948,36.9,-243.3107881,768.9787586,37.1,3314.160372,-6921.616633,37.4,-16188.75392,-3886.213233,35.9,76291.89507,-147773.2376,31,137618.341,298300.8789,-3486717.108,9382979.725,9905216.297,-977318.8037,138114016.8,31.3,1015002774,-1188792215,33.8,-15211237930,62273057993,36.7,3.16228E+11,-8.69508E+11,38.6,-3.18939E+12,-1.77337E+12,38.4,3.11141E+13,3.70259E+13,38.9,-1.29404E+15,-1.69065E+15,-7.5613E+15,5.43872E+15,9.61942E+12,-9.43504E+16,4.43E+17,38.5,2.21E+18,7.68E+17,38.6,-9.43E+18,1.59E+20,38.9,6.75E+20,-1.46E+21,39,-5.24E+21,1.23E+22,39,1.57E+22,3.24E+22,30.9,-8.16E+22,2.64E+23,32,-1.16E+24,-1.74E+24,3.32E+23,-5.69E+24,-1.56E+25,-4.13E+25,6.56E+25,37.8,-1.73E+26,1.39E+27,38.4,-2.37E+25,2.56E+27,40.3,2.71E+28,-6.17E+28,41.4,-6.22E+28,-6.63E+29,41.8,1.02E+30,-2.96E+30,41.2,-6.83E+30,-7.62E+30,-1.10E+32,2.21E+32,2.13E+32,-1.52E+32,3.50E+33,41.9
5,35.7,46.51471447,-24.97335141,36.7,-226.193171,699.1377133,36.9,3760.999317,-5113.760512,37.2,-16968.79563,-7544.195558,34.1,22104.34626,-259570.1112,356706.511,421267.0912,628923.742,-2807733.29,7244027.564,12989903.66,-2695853.2,128307141.8,33.7,939111919.3,-718834808.8,34.5,-16401182246,55524053844,37.5,3.63204E+11,-7.07591E+11,38.6,-3.46405E+12,-2.45417E+12,38,2.839E+13,2.78165E+13,3.23538E+14,-1.13268E+15,-1.80323E+15,-6.49514E+15,8.21961E+13,5.41136E+15,-7.31693E+16,3.98E+17,38.4,1.94E+18,1.98E+18,38.6,-8.13E+18,1.56E+20,38.7,6.56E+20,-1.18E+21,38.8,-5.84E+21,1.05E+22,38.7,1.28E+22,3.18E+22,29.5,-1.29E+22,4.11E+23,-3.42E+23,-1.46E+24,-2.36E+24,1.92E+22,-3.93E+24,-1.75E+25,-2.80E+25,4.63E+25,38.4,-2.19E+26,1.41E+27,39.6,-4.67E+26,2.67E+27,41.3,3.14E+28,-4.81E+28,41.7,-9.67E+27,-7.44E+29,41.7,1.02E+30,-4.87E+30,9.35E+30,-1.38E+30,-4.18E+30,-9.43E+31,1.75E+32,3.29E+32,-1.35E+32,3.33E+33,41.5
6,39.2,48.25287558,-53.02572602,37.7,-497.3881567,909.2584744,38.1,5916.91449,-10875.77724,38.5,-11550.0017,5952.332893,34.7,-42977.81195,-285438.9657,19270.77169,-8183.910082,1650758.696,-2111862.936,12396890.01,17370627.96,7710971.204,172811465,29.1,1188774152,-1830055493,34.9,-22748216674,85303621737,37.2,5.49847E+11,-1.16406E+12,39.4,-4.26286E+12,5.0575E+12,38.8,3.63824E+12,-1.82714E+13,3.54035E+14,-1.01008E+15,-1.33143E+15,-8.4736E+15,5.35062E+15,3.32749E+16,-6.40983E+16,5.60E+17,39.2,2.86E+18,2.27E+17,39.4,-2.28E+19,2.05E+20,39.5,1.26E+21,-1.80E+21,39.6,-8.35E+21,1.84E+22,39.6,9.07E+21,3.50E+22,31.8,1.13E+23,4.06E+23,1.93E+23,-6.71E+23,-3.87E+24,-2.67E+24,-7.21E+24,37.1,-4.00E+25,9.28E+25,38,-5.31E+25,1.94E+27,39.1,1.40E+27,5.14E+27,40.7,4.04E+28,-8.50E+28,41.5,-1.11E+29,-5.22E+29,42.1,-1.66E+30,-5.84E+30,3.51E+30,-8.34E+30,1.86E+31,-9.35E+31,3.04E+32,4.92E+32,1.85E+32,4.36E+33,42.3
7,37.5,53.24551139,-52.20114889,38.5,-529.2593987,666.5787378,38.9,4937.088171,-7142.961294,39.3,-3647.060579,-1872.788578,-110673.8184,-87569.52986,31.6,43551.04761,255291.8222,30.1,-2703553.093,11478461.01,28.9,-2544172.991,178934987.3,29,1423232276,-1562294580,35,-20032643973,83717875803,37.3,5.09981E+11,-7.56041E+11,38.7,-3.42337E+12,4.04899E+12,39.8,2.56256E+12,40.6,3.88682E+14,-1.00656E+15,40.8,-9.06658E+15,5.42243E+15,40.5,-8.84794E+16,5.67E+17,40.5,3.21E+18,8.67E+17,40.7,-1.28E+19,2.19E+20,40.9,1.31E+21,-1.08E+21,41,-5.47E+21,1.21E+22,41,-1.42E+21,3.61E+22,1.51E+23,1.30E+23,30.3,1.89E+23,-1.10E+24,30.2,-2.15E+24,-6.49E+24,37.4,-3.54E+25,8.68E+25,38.5,-1.65E+26,1.90E+27,39.6,3.69E+27,6.57E+27,41,4.12E+28,-5.80E+28,42.2,-9.65E+28,-3.48E+29,43.5,-1.43E+30,43.1,4.61E+30,-4.35E+30,43.2,-1.06E+32,2.81E+32,43.2,-6.92E+31,4.57E+33,43.7
8,39.97,38.4,-41.7076546,-87.25225442,38.8,757.4301482,657.7840581,39,-6856.712723,3355.605878,39.1,-7332.979249,-96593.49372,33.6,-138299.0872,32.4,104531.6052,710474.3239,31.3,9331852.877,15633132.11,30.2,156409911.8,254532566.8,32.6,-1254702358,-523408810.9,37,75305614475,1.01579E+11,39,-7.5716E+11,-2.16626E+11,39.2,7.76335E+11,-1.95013E+13,40.3,2.14483E+13,40.6,-1.00603E+15,-1.85808E+15,40.4,3.27567E+15,1.26231E+16,40.1,4.78E+17,9.22E+17,40.3,1.19E+18,4.10E+18,40.5,1.85E+20,2.93E+20,40.6,-1.38E+21,-1.63E+21,40.8,1.03E+22,-8.91E+21,41,3.57E+22,1.33E+23,4.53E+22,2.40E+23,32.8,-8.40E+23,-2.56E+24,36.5,-5.46E+24,-1.47E+25,39.9,6.14E+25,1.10E+26,40.1,1.71E+27,1.48E+27,41.9,4.92E+27,1.08E+28,43.1,-6.16E+28,-5.40E+27,43.2,-4.68E+29,-1.69E+30,43.2,-2.69E+30,43,-6.90E+30,-1.92E+30,43.1,2.23E+32,3.92E+32,43.3,3.97E+33,7.72E+33
9,42.17,60.21218048,-67.0548896,42.3,-282.5509987,556.4121578,42.7,5542.484894,-427.7012714,43,-13154.73826,-13058.33652,38.9,3207.951401,-431482.4837,38.7,-237596.9985,961901.3051,-124099.5435,806509.811,3175503.635,3902414.94,112063109,242796724,938812292.6,79849861.48,36.3,-28151066667,60744768218,37.9,5.59333E+11,-4.73647E+11,39.7,-1.84977E+12,-1.63675E+12,40.9,2.48574E+13,2.56029E+13,40.4,-8.20039E+14,-1.34819E+15,-4.50517E+15,-1.71917E+16,-6.41208E+14,-3.47325E+16,2.21E+17,7.34E+17,2.16E+18,5.28E+18,42.1,-5.37E+19,1.43E+20,42.4,7.70E+20,-7.19E+20,42.8,-3.19E+21,6.58E+21,42.5,5.72E+21,2.70E+22,39.3,3.70E+22,6.46E+23,39.6,-2.81E+22,-2.53E+24,-3.05E+24,-8.58E+23,-4.72E+24,-2.25E+25,-2.69E+25,5.69E+25,-4.11E+25,2.21E+27,40.2,-1.49E+27,1.13E+28,40.5,4.06E+28,-4.02E+28,42.7,7.51E+28,-7.23E+29,42.8,1.48E+30,-6.42E+30,42.5,-1.69E+31,1.07E+30,-3.52E+31,1.36E+31,1.75E+32,1.12E+32,2.99E+33,7.06E+33
10,42.8,62.46649909,1.699430954,44.9,-152.0328839,285.7269573,45.4,5386.099194,4046.391667,45.4,-14090.05671,-6959.00475,41.8,-40108.82488,-339043.4477,38.5,-168824.3302,1457153.42,38.8,-6186557.123,5355288.065,36.9,28050592.8,162555689,35,501635020.7,-4675523437,-23692600556,27491308628,37.3,4.30178E+11,-59963493157,40,-1.716E+12,-2.85832E+12,42.5,1.27739E+13,8.78038E+12,42.3,-3.82493E+14,-6.44137E+14,42.3,-1.91842E+16,2.18392E+16,42,-1.13E+17,5.52E+17,42.6,3.28E+18,-1.34E+19,-5.66E+19,5.67E+19,43.5,5.12E+20,-2.43E+20,44.4,-5.18E+21,-3.74E+21,43.6,1.43E+22,2.43E+22,40.9,1.70E+23,5.35E+23,40.1,4.92E+22,-2.94E+24,38.4,4.20E+24,-2.20E+24,38.1,-6.81E+25,1.17E+26,39,1.34E+27,-1.19E+26,-3.46E+27,3.81E+27,39.8,2.51E+28,-1.10E+28,43.3,-6.31E+28,-7.21E+29,44.4,-1.02E+29,-5.58E+30,44.3,-1.08E+31,1.74E+31,45.2,-1.42E+32,2.25E+32,45.2,2.11E+31,4.15E+33
11,41.57,47.88054148,-24.98177635,42.3,48.74920234,267.6578095,42.5,2687.760129,-1167.703517,42.6,-14916.7862,-37285.72403,39.5,236584.5406,326644.8378,39.6,-1100544.196,-1960390.705,-6233156.781,6741113.915,14441021.17,-4491131.364,189369914,521165298.1,1648083670,1789301592,37.6,-14674750049,41875249088,40.3,1.82625E+11,-5.21833E+11,41.2,-3.72997E+12,-1.32366E+13,43,7.57893E+13,2.19187E+14,41.7,-1.28248E+15,-4.01907E+15,-1.21114E+16,-1.32772E+16,-2.91529E+16,-1.84E+17,4.28E+17,1.30E+18,3.32E+18,8.59E+18,1.41E+19,-1.36E+18,1.52E+20,41.6,2.66E+19,-8.79E+20,42.1,-3.69E+21,3.62E+21,41.5,1.32E+22,6.13E+22,41.3,-2.73E+23,-2.48E+23,40.2,9.65E+23,3.55E+23,1.32E+24,-1.35E+25,-3.18E+25,-8.68E+25,-5.84E+25,-8.18E+25,-4.77E+26,1.36E+27,41.6,-5.07E+27,6.12E+27,43.3,1.91E+28,-9.89E+27,44.4,-1.63E+29,-1.18E+30,43.9,3.89E+30,5.13E+30,43.8,-3.08E+31,-6.15E+31,-1.77E+32,6.82E+31,2.05E+32,-5.69E+32,5.33E+33,1.49E+34
12,39.33,66.66602083,41.3,41.3,213.9326015,41.4,649.4143259,1720.676138,42,-4814.544304,-20362.08229,42,-24563.85892,86250.60471,36.5,-260962.2893,-758119.3538,36.4,-1913660.031,34.6,34.2,-41555942.99,33.1,32.9,227025155.1,33.4,34,-9231755328,35.9,36.7,1.47637E+11,38.9,-4.69796E+11,-1.28661E+12,40.3,-7.26827E+12,4.37032E+13,39.7,1.62239E+14,-4.3181E+14,40.5,-2.06403E+15,-2.27705E+16,40.5,-1.33E+17,40.6,41,-5.40E+17,40.9,40.9,-1.60E+19,41,41.4,-2.90E+20,41.7,-1.56E+21,-3.51E+21,41.6,1.28E+22,1.56E+22,40.8,8.58E+22,-8.97E+20,39,4.03E+23,9.94E+23,37.7,1.43E+24,37.5,38,-1.05E+25,38.7,38.5,-5.08E+26,39.2,39.6,-2.94E+27,40.6,40.8,1.09E+28,42.2,-1.15E+28,5.37E+28,41.1,-8.26E+29,2.75E+30,41.7,-2.58E+30,-1.91E+31,42.5,-3.94E+31,-1.27E+32,43.1,-1.24E+33,43.6,44
13,41.47,44.3,44.1,-17.13328649,43.9,43.9,835.6058134,44.5,44.5,-11871.37836,44.2,-48818.7555,-59984.84484,41.1,-95566.9195,-8132.471702,39.4,-2079239.069,37.2,36.4,-1818153.401,35.6,35,562080296.4,35,35,-3886410126,36.6,38.7,92732353583,41.1,42.4,1.33634E+11,44.8,43.8,-1.19822E+13,41.1,1.66716E+14,3.46103E+14,42.9,-4.32341E+15,-5.74503E+15,42.3,-7.14669E+16,42.4,43,1.68E+18,43.3,42.7,-8.74E+18,42.6,42.7,2.63E+20,43.8,43.8,-2.58E+21,44.1,43.6,1.90E+22,43.3,5.87E+22,1.78E+23,43.5,3.47E+23,2.39E+23,40.6,7.65E+22,39.7,39.8,-2.70E+25,41.3,41.4,1.01E+26,41.1,41.8,-3.87E+26,43.4,43.7,1.85E+27,44.9,45.9,6.10E+28,46,42.7,-7.85E+29,42.9,-4.07E+30,5.06E+29,44.1,-6.28E+31,44.8,44.8,-1.83E+32,45.2,45.8,1.62E+34
14,38.43,38.9,-10.144597,39.1,182.7861598,-207.9820195,39.5,999.7237151,4860.849587,39.8,-18703.36655,-46313.97519,36,241365.152,84953.06629,36.4,-1522857.497,-2314987.96,34.2,2704433.397,-5890889.75,33.7,99222375.78,440601896.8,32.1,1912781820,-915027707.3,-11717235084,6794810770,36.5,2.22983E+11,2.96545E+11,40.2,-1.16869E+12,-1.45207E+13,37.3,5.72767E+13,1.73476E+14,38.1,-8.76646E+14,-3.71798E+15,38.4,-2.00598E+16,-7.28669E+16,38.5,2.12E+17,1.09E+18,39,9.03E+18,1.65E+18,-1.32E+19,5.19E+19,39.6,-2.32E+20,7.77E+20,40,-3.08E+21,1.83E+20,40.1,7.70E+21,4.98E+22,41.1,-2.46E+23,1.05E+23,37,2.08E+24,1.04E+24,36.6,-8.10E+24,-1.75E+25,38.6,-6.14E+25,-3.18E+25,-5.52E+26,1.69E+27,9.91E+26,-2.07E+27,1.18E+28,41.2,2.41E+28,4.39E+27,43.1,1.59E+29,-1.24E+30,40,4.38E+30,8.63E+29,40.4,-3.61E+31,-6.44E+31,41.4,-4.29E+30,-2.73E+32,42,3.25E+33,1.22E+34
15,37.6,37.7,37.8,-82.40886662,38.2,38.2,995.9723591,38.6,38.7,-6378.59654,39,39.2,-28169.35839,32,-90046.52991,-271050.7526,28.9,-1442757.58,-2175459.536,27.3,2539367.405,26.3,25.8,388346859.1,25.6,26,-2848628905,29,30.3,1.11373E+11,32.3,34.2,-7.68433E+11,37.1,37.1,-1.0048E+13,36.3,9.79429E+13,2.25844E+14,37.4,-2.69234E+15,-3.81383E+15,37.5,-3.91421E+16,-1.28E+17,37.8,1.10E+18,38.1,38.3,-3.47E+18,38.5,38.6,2.80E+20,39,39.1,-2.19E+21,39.4,39.5,1.49E+22,39.7,36.6,9.64E+22,31.8,2.69E+23,5.49E+23,30,4.04E+23,5.61E+23,30.6,-1.52E+25,32.7,32.8,4.37E+25,31.6,33.1,1.32E+27,35.3,35.8,1.01E+28,37.6,39,-3.72E+28,40.2,38.8,-1.36E+30,39.4,-2.18E+30,-3.37E+30,40.2,-4.44E+31,-5.63E+31,41,1.08E+31,-9.26E+32,41.8,1.10E+34
16,40.27,72.54363436,40.2,-96.66546042,12.33416503,40.5,1229.090633,2934.07954,40.9,1052.329787,41.9,42,-47354.64497,33.8,32.3,-572708.2076,29.8,29.4,-2237080.88,29,28.7,-29513829.26,27.6,27.8,491515318.2,28,29.9,-20414517419,33.3,1.24799E+11,3.15526E+11,36.6,-6.83901E+11,38.8,39.4,-1.60483E+13,38.5,39.3,3.10959E+14,40.4,39.8,-5.22679E+15,39.7,39.8,-1.51E+17,39.9,40.3,1.55E+17,40.6,40.8,-3.81E+19,41.3,3.13E+20,7.08E+19,41.7,-2.44E+21,-2.64E+21,42.2,3.71E+21,42.4,39.5,1.31E+23,32.7,31,1.17E+24,31.6,31.2,-2.75E+23,33.1,34,-2.86E+25,35.5,35.3,-4.89E+26,36.5,37.3,-3.49E+27,38.1,8.87E+27,3.20E+28,40.3,-2.31E+28,41.6,41.1,-1.84E+30,41.9,42.2,-7.31E+30,42.9,43.6,-6.90E+31,43.8,43.7,-9.65E+32,44.5,45
17,37.37,75.50881562,37.5,-152.8705643,-479.4993047,37.9,1917.529046,9389.660288,38.3,4605.994512,38.6,38.7,-29086.38464,21.4,20.5,-367701.7169,18.5,18.1,-47049.40717,17.6,17.5,-24488973.12,17.5,17.3,557184514.3,17.1,22.5,-33203304307,28.9,1.89784E+11,7.42847E+11,32.6,-2.05902E+12,-4.30988E+12,35.1,-1.74783E+12,35.5,36,2.02624E+14,36.3,36.3,-1.24391E+15,36.4,36.6,-4.49392E+16,36.8,37,5.66E+17,37.3,37.5,-6.87E+19,37.9,4.01E+20,1.11E+21,38.8,-4.17E+21,-7.72E+21,39,5.78E+20,39.3,32.9,8.00E+22,20.5,19.3,6.79E+23,18.8,18.5,-7.49E+23,22.2,25.3,8.16E+24,28.3,27.3,-2.69E+26,31.9,33,-3.36E+27,33.8,1.05E+28,5.04E+28,35.9,-1.14E+29,-1.16E+29,37.6,-1.22E+30,38.3,38.5,-3.46E+29,39,39.6,-1.66E+31,40.1,40.1,-5.57E+32,40.9,41.2
18,38.43,37.5,-51.60322045,-186.4480947,38,254.4015701,1914.946248,7899.093471,11452.65381,38.8,-13525.6049,-44942.52725,31.5,-14044.15592,-256787.0344,21.6,-470283.8012,-455028.148,19.6,-8307065.537,13302107.87,19,59713159.47,452868849.3,19,946639124.7,-5651090335,27.7,38096445629,1.98516E+11,31.1,-97858355507,33.7,-3.64991E+12,-1.34425E+13,35.2,4.90305E+13,1.54671E+14,36.2,-1.09157E+15,-3.39071E+15,36.8,-2.98834E+16,-1.00747E+16,37,-3.95778E+16,1.29E+18,37.4,6.23E+18,-1.04E+19,38.2,1.19E+20,4.59E+20,39.4,-4.78E+19,39.6,-5.61E+21,-1.49E+22,40.1,-2.10E+21,5.42E+22,24,9.27E+22,6.61E+23,21.1,1.77E+23,-1.53E+24,21.9,6.25E+24,-1.78E+25,29.9,-1.05E+26,5.07E+25,28.8,1.61E+27,1.89E+27,33.6,9.52E+27,1.46E+28,35.2,-6.98E+27,36.8,-4.70E+28,-1.28E+30,38.4,2.61E+30,-3.19E+30,39.6,-2.15E+31,-3.57E+31,41.1,-1.87E+32,3.63E+32,41.8,1.22E+33,1.28E+34
19,37.43,67.8850012,37.3,37.4,-220.8355086,37.6,1269.370131,5718.295374,38.1,1169.658849,-7830.885476,38.6,-39412.81359,27.7,26.8,-280753.3926,23.2,22.4,-1052224.175,21.3,20.9,-17701595.86,20.5,20.2,721711887.5,20.3,23.5,-19886689653,27.6,1.3907E+11,4.43024E+11,31.4,-1.43544E+12,-3.31619E+12,34.1,-6.77235E+12,34.8,35.3,2.28382E+14,35.6,35.8,-3.60021E+15,36,36.1,-7.37195E+16,36.2,36.4,1.03E+18,36.8,36.9,-3.80E+19,37.6,38.3,5.97E+20,38.7,-2.82E+21,-6.39E+21,38.9,4.85E+21,-1.17E+21,35.1,9.10E+22,25.9,24,5.62E+23,23.5,22.7,-9.72E+23,24.7,26.7,-1.16E+25,29.2,28.3,-3.16E+26,30.3,31.5,-1.66E+27,32.8,9.81E+27,2.93E+28,35.1,-8.41E+28,-1.02E+29,37.4,-1.33E+30,38.2,38.3,-2.09E+30,39.1,39.6,-4.37E+31,40.3,40.3,-5.10E+32,41.2,41.6
20,38.73,83.22915416,38.3,-104.2414872,-216.0205877,38.9,1880.955617,7158.212527,39.4,-9009.481855,39.9,40,-25530.75656,25.3,24.3,-37826.1665,20.4,19,-851939.8035,17.5,17.1,-31669359.4,16.3,16.5,316549251.4,16.7,20.4,-24499477021,25.4,1.72349E+11,6.35602E+11,30.4,-1.84217E+12,33.1,33.8,-1.4195E+12,34.7,35,2.1101E+14,35.9,36.2,-1.49511E+15,36.8,36.9,-8.30291E+16,37.2,37.3,-5.31E+17,37.7,38.4,-4.40E+19,38.7,3.82E+20,5.94E+20,40,-4.69E+21,-1.05E+22,40.6,1.78E+22,40.9,40.3,1.04E+23,23.7,22.3,1.52E+23,21.5,20.7,1.07E+23,24.1,26,6.15E+24,28.2,26,-5.73E+26,26.9,28.7,-4.96E+27,30.6,4.65E+27,4.86E+28,34.3,-8.42E+28,36.6,37.1,-1.09E+30,38.4,38.8,2.77E+30,40.1,40.9,-1.94E+31,41.8,41.7,-9.34E+32,42.8,43.3
21,39,37.8,-33.05306508,-129.9017475,38.3,230.7057556,2146.690384,8250.816476,10363.77271,38.9,-19071.64243,-34148.81995,32.5,-56157.60916,-372834.4357,22.3,-115179.205,615144.3136,19.1,-10758269.81,15097125.92,17.1,19081967.14,307267268.4,16.9,762671925.6,-7789186905,23.8,30663645240,1.8175E+11,5.77107E+11,2.79322E+11,31.5,-4.53196E+12,-9.2691E+12,34.7,3.86565E+13,9.60277E+13,36.4,-7.99319E+14,-2.16048E+15,37.2,-2.96623E+16,1.87345E+16,37.5,-1.84E+17,1.10E+18,37.7,4.91E+18,-2.06E+19,38.7,1.02E+20,3.78E+20,39.3,-3.20E+19,39.6,-8.09E+21,-1.63E+22,39.7,1.10E+22,5.06E+22,26,1.76E+23,7.69E+23,21.6,-2.41E+23,-2.47E+24,21.8,9.27E+24,-1.29E+25,27.7,-9.35E+25,1.57E+26,25.5,1.29E+27,2.09E+26,29.7,7.02E+27,5.42E+27,4.11E+28,2.72E+28,35,-9.07E+28,-1.11E+30,38.8,1.48E+30,-6.12E+30,40.6,-1.28E+31,-7.98E+30,41.1,-2.25E+32,4.79E+32,41.8,-3.03E+32,9.11E+33
22,41.1,68.63572461,5.971081444,40,-163.5821189,-175.0830855,40.4,4548.952966,7144.14069,40.9,-5231.435762,-31371.50634,36.9,43455.1089,-63761.44481,27.2,-732098.1231,-914371.2125,-1424801.985,-4216118.685,10466812.69,-13882715.01,70937150.08,380675331.3,644252655.6,1429685733,24.8,-14322945460,12919446810,29.4,3.4309E+11,3.50009E+11,33.6,-3.90164E+12,-1.04566E+13,36.5,3.36376E+13,1.20302E+14,38.4,-6.24044E+14,-2.52887E+15,39.1,-2.0966E+16,-1.32326E+16,-8.34184E+16,-8.12315E+15,1.08E+18,6.15E+17,6.12E+18,-4.16E+18,-2.38E+19,6.85E+19,41,4.12E+20,6.46E+20,41.4,-6.54E+21,-1.22E+22,41.7,-5.05E+21,4.19E+22,30.3,2.51E+22,3.15E+23,26.2,9.48E+23,-2.51E+23,-1.07E+24,-1.15E+24,-1.89E+25,-2.34E+25,-8.90E+25,4.67E+25,-4.37E+26,1.04E+27,30.7,-1.75E+27,6.31E+27,34,3.08E+28,2.96E+28,37.2,-1.09E+29,-9.04E+29,41,9.99E+29,-2.06E+30,42.5,-1.95E+31,-3.25E+31,-5.26E+31,-1.39E+32,2.23E+32,-4.74E+32,1.46E+33,1.08E+34
23,36.9,37.4,-8.904245001,-99.69890381,38.1,-95.80746244,686.1204992,38.5,4611.708553,1038.073728,38.9,-38263.51296,-67143.99396,29.9,397.36212,27.1,25.6,-1289078.979,23,-258332.9412,9882326.545,20.2,103427631.8,410933414.9,20.1,1596607424,-915879457.1,25.8,22690873620,1.10343E+11,29.6,1.79799E+11,-4.08838E+11,32.8,-1.25272E+13,-1.92492E+13,35.1,1.27061E+14,36.1,36.3,-2.58417E+15,36.6,36.6,-2.26939E+16,37,1.33E+17,1.08E+18,37.1,7.06E+18,3.32E+18,37.8,9.43E+19,3.23E+20,39.1,5.91E+20,-1.52E+21,39.5,-8.47E+21,-3.36E+21,40,4.38E+22,1.38E+23,29.5,2.01E+23,26.7,26.3,2.63E+23,25.8,-5.64E+24,-2.21E+25,30.7,-7.84E+25,-1.24E+24,28.2,1.21E+27,1.64E+27,31.4,9.09E+27,1.22E+28,33.8,1.03E+28,-1.07E+27,36.9,-9.59E+29,-1.92E+30,39.1,-1.37E+30,39.7,40.5,-3.76E+31,41.7,42.1,1.61E+32,42.3,2.74E+33,1.16E+34
24,41.83,40.1,4.820824285,-106.2025708,40.6,-62.11076302,1532.214658,41.2,6498.789689,41.5,-6881.97018,-40562.61416,37.5,7020.778509,8382.856395,27.1,-744029.8099,-822578.7522,21.5,-8642862.237,15998773.08,18.8,41190707.94,397066848.9,18.9,1434726296,-4485275255,24.6,8517867309,1.47611E+11,29.6,3.75931E+11,-1.79465E+12,33.5,-1.00558E+13,36.6,3.60622E+13,1.47963E+14,38.5,-5.04607E+14,-2.61618E+15,39.3,-2.66775E+16,-2.62917E+15,39.8,-1.46E+17,1.17E+18,40.1,5.76E+18,-8.38E+18,41.4,5.95E+19,3.30E+20,41.8,3.90E+20,-3.48E+21,42.2,-1.53E+22,42.2,9.75E+20,5.44E+22,31.9,1.01E+23,2.54E+23,25.5,9.83E+23,-4.96E+23,24.8,3.66E+24,-2.04E+25,30.5,-1.06E+26,7.71E+25,26.3,7.96E+26,1.19E+27,30.6,4.99E+27,7.59E+27,34.3,4.10E+28,36.5,38.4,-8.24E+29,41.2,4.25E+29,-4.87E+29,42.6,-1.79E+31,-3.05E+31,44.6,-2.23E+32,3.58E+32,45.4,3.45E+32,1.13E+34
25,39.43,37.9,-4.412366065,-70.76271781,38.6,38.4910032,1240.92452,39.1,4002.581698,-1063.880217,39.6,-26465.0528,-21871.23918,28.4,-102955.7522,-131733.5012,25.2,-58611.56186,22.6,21.8,19977448.06,20.5,44253356.8,346685766.6,20,1483433048,-4194795781,25.6,17592663666,1.27339E+11,29.4,1.1216E+11,-1.38929E+12,32.8,-8.47621E+12,-6.33184E+12,35.7,8.34092E+13,1.87339E+14,36.8,-1.79509E+15,37.2,37.3,1.77921E+16,37.5,-1.23E+17,1.15E+18,38.4,5.94E+18,-9.16E+18,38.9,7.38E+19,2.90E+20,39.6,3.75E+20,-2.96E+21,39.8,-9.17E+21,4.31E+21,39.9,3.95E+22,7.54E+22,28.5,2.67E+23,2.81E+23,25.4,-1.24E+24,24.5,26.8,-2.20E+25,30.2,-1.02E+26,1.23E+26,28.1,9.57E+26,5.28E+26,31.3,6.09E+27,4.86E+27,34.2,7.34E+27,-6.71E+28,37,-8.80E+29,-1.18E+30,39.5,-3.28E+30,1.88E+29,41,-1.12E+31,42.2,42.7,4.67E+32,43,5.06E+32,1.02E+34
26,41.53,40,3.069645815,-37.13269048,40.7,-86.91992762,41.1,4715.818095,7168.202241,41.6,-8074.858617,-35292.7115,37.4,44469.62814,-89718.65197,27,-863153.2257,-978286.5485,22.3,-7869841.324,13897343.36,19.8,55133259.81,388336251.8,19.8,1592743560,-4586216753,26.1,7192189111,1.07406E+11,3.72035E+11,4.15394E+11,33.6,-4.89044E+12,-1.36732E+13,36.8,4.03678E+13,1.25626E+14,38.7,-5.83367E+14,-2.46038E+15,39.5,-2.9733E+16,-1.30498E+16,39.9,-1.12E+17,1.23E+18,40.5,6.62E+18,-1.10E+19,41.8,4.89E+19,2.28E+20,1.96E+20,6.12E+20,41.5,-7.78E+21,-1.51E+22,41.5,8.73E+20,4.75E+22,30.2,3.80E+22,3.52E+23,26.3,1.13E+24,-1.60E+23,25.6,1.99E+24,-2.38E+25,31.3,-1.12E+26,1.06E+26,27.6,9.46E+26,6.00E+25,31.7,6.03E+27,1.19E+27,2.67E+28,3.17E+28,37.5,-1.44E+29,-1.13E+30,41.5,1.28E+30,-3.14E+30,42.8,-1.99E+31,-2.95E+31,44.8,-2.21E+32,2.67E+32,45.7,8.25E+32,1.14E+34
27,40.53,39.2,39.5,-50.07937889,39.8,39.9,1093.034755,40.3,6785.298819,2419.070257,40.7,-32189.53711,-22638.768,30.6,-2457.613199,-68652.57519,26,-155604.5562,23.7,22.8,17770368.41,21.4,21.1,301798020.5,21.2,21.5,-4326325492,27.1,28.4,1.08304E+11,31.3,32.3,-1.43641E+12,34.8,-1.01224E+13,-7.42509E+12,37.6,1.09497E+14,1.97943E+14,38.9,-2.20075E+15,-2.36963E+15,39.1,1.35752E+16,39.3,39.4,1.03E+18,39.8,40.1,-9.54E+18,40.5,40.5,2.25E+20,40.6,40.6,-2.73E+21,40.6,-1.38E+22,1.89E+21,40.7,4.24E+22,6.90E+22,29.3,1.54E+23,1.85E+23,26.2,-1.34E+24,25.9,27.7,-1.88E+25,31.1,31.8,1.27E+26,29.1,30.3,4.72E+26,32.7,33.3,2.16E+27,35.7,36.3,-8.27E+28,38.9,-8.49E+29,-1.13E+30,41.2,-8.47E+29,2.15E+30,42.7,-1.62E+31,43.5,43.7,4.19E+32,43.9,44.2,8.80E+33
28,40.1,74.7808149,39.2,39.3,-78.02610774,39.6,39.7,5843.19979,40,-4667.261696,-6633.853707,40.5,-623.8297236,-63350.0974,27.3,42053.11806,-936526.6945,23.7,-252108.1686,-10037965.25,20.1,-27891264.53,37292232.16,18.7,-128076419.9,19.4,22.5,-18366938921,27,28.4,4.21324E+11,31.9,-1.7284E+12,-5.48654E+12,35.8,-8.09203E+11,2.41254E+13,38.3,1.37486E+14,-3.92449E+14,39.4,-3.37038E+14,-3.39357E+16,39.6,-5.29595E+16,-2.03E+17,40.1,-1.08E+18,40.7,40.8,-4.12E+19,40.9,40.8,2.49E+20,40.7,-3.82E+21,-9.97E+21,40.6,1.09E+22,1.67E+21,36.7,5.19E+22,2.28E+23,26.2,-8.09E+22,1.36E+24,24.2,1.06E+23,3.75E+24,28.6,3.56E+22,-1.22E+26,28.5,-2.58E+26,29,30.1,-3.48E+27,31.8,33.9,2.63E+28,35.7,-9.34E+28,-2.18E+29,40.8,-6.30E+29,-4.44E+29,42.3,4.44E+30,-1.87E+31,44.1,-4.56E+30,-2.68E+32,43.6,-7.75E+32,4.18E+31,44.6
29,38.6,58.93842951,38,-25.13358762,32.09414693,38.4,738.9707953,38.7,38.8,-2308.539116,39.4,39.5,-11297.53285,31.4,30.2,-73843.60091,29.3,27.5,-820904.0768,26.3,26.4,-8644869.502,25.5,24.7,138118955.7,26.3,26.3,-7597906851,29.3,73670745390,32.1,32.8,-1.25848E+12,35.7,36.8,-3.07731E+12,37.1,37.6,1.56144E+14,37.7,37.8,-3.09493E+15,37.7,37.7,-4.86434E+16,37.7,37.8,9.22512E+16,38.1,38.2,-1.85E+19,38.6,1.47E+20,1.76E+19,38.7,-1.90E+21,38.6,38.7,8.40E+21,38.9,36.6,5.23E+22,31.2,29.3,1.62E+23,27.8,26.9,-9.59E+23,29,30,-1.76E+25,32.2,31.2,-7.63E+25,31.3,6.26E+26,-2.54E+27,33.9,2.46E+27,36.1,36.7,-8.59E+28,39.2,39.8,-6.96E+29,40.3,40.2,3.34E+29,40.6,41.1,-3.58E+31,41.2,41.1,-2.99E+32,41.7,41.9
30,40.5,40.1,16.17865647,141.6154562,40.6,153.9404053,-1214.662412,41,3464.286458,-5799.026824,41.5,-21471.56421,37.1,274319.9627,-101674.9441,35.3,-845010.7925,-2305004.886,33.3,1943950.936,-10741862.91,30.2,97992633.29,465445644.2,29.6,616206967.8,2203427574,33.4,2685316641,-59563610387,37,2.92683E+11,2.24495E+12,41.2,-2.05305E+13,-1.13682E+13,6.7828E+13,1.30964E+14,40.2,-1.41458E+15,-2.23791E+15,40.4,-1.65577E+16,-8.81303E+16,40.5,1.98E+17,1.01E+18,40.7,5.62E+18,5.10E+18,41.1,-9.42E+17,-5.77E+19,41.2,5.85E+20,2.05E+21,41.1,-2.15E+21,4.02E+20,41.3,4.04E+22,31.4,-3.21E+23,3.41E+23,37,4.31E+23,2.02E+24,36.5,-4.94E+24,-3.10E+25,39,-3.10E+25,-1.19E+26,36.3,1.64E+27,-1.43E+27,38.3,4.10E+27,-2.89E+27,41.2,-2.25E+28,2.02E+29,43.3,-1.79E+30,2.78E+29,5.29E+30,-4.39E+30,43.2,-2.23E+31,-4.24E+31,43.8,-2.13E+31,-5.31E+32,44,2.59E+33,1.31E+34
31,40.4,47.0734625,40.4,133.1506251,300.3992085,40.6,-659.3116526,40.9,41,-8851.469705,41.3,41.4,43148.28848,31.7,30.9,655894.8053,37,36,-1045476.703,34.7,33.8,-36980978.94,32.6,32.8,-1073464273,34.2,-1007658237,-7514447453,36.7,-20167568618,39.2,41,8.63584E+11,42.2,41.7,1.4938E+13,39.7,39.8,-1.0762E+14,40,40,4.55779E+15,40,40,-3.68282E+16,40.1,40.2,-3.33E+18,40.4,40.6,-2.32E+19,40.7,1.70E+18,40.8,40.8,2.45E+20,40.8,40.8,1.18E+22,41,37.5,-6.15E+22,37.2,36.4,-1.33E+24,38.5,38.3,5.07E+24,39.7,40.1,3.23E+25,41.3,39.7,-2.11E+26,38.2,-2.88E+27,-4.25E+27,39.9,-8.91E+27,43,43.9,1.32E+29,43.4,42.9,2.08E+30,42.6,42.5,1.34E+31,42.8,43.2,1.59E+31,43.1,43,-1.01E+33,43.4,43.9
32,41.23,42,1.963956202,165.3345193,209.955374,581.0066111,42.2,815.7069943,863.8099498,42.6,-30184.87679,-24177.12569,37.9,334814.6623,-139571.2847,35.8,-675355.9124,-2011287.757,34.2,3692921.55,-10360009.39,31.5,100387241.3,417424795.8,31.6,-117719645.3,3012734360,34.8,11414909166,36.7,2.87422E+11,1.06526E+11,41.3,-2.99641E+12,-1.85336E+13,40.7,9.06996E+13,1.17032E+14,41.2,-1.63819E+15,-1.93832E+15,41.5,-1.07394E+16,-7.64124E+16,41.6,2.40E+17,8.32E+17,41.9,4.15E+18,4.81E+18,42.4,1.94E+19,-8.76E+19,-2.08E+20,-2.90E+20,42.3,-5.25E+21,1.15E+21,42.4,2.89E+22,5.25E+22,31.1,-3.97E+23,3.31E+23,37.8,-9.54E+21,1.77E+24,37.8,-4.61E+24,-3.16E+25,40.3,8.39E+23,-1.53E+26,35.9,1.48E+27,-2.51E+27,38.6,2.01E+27,41.1,2.26E+28,-2.76E+28,45.4,1.23E+29,-1.79E+30,44.1,6.27E+30,-5.81E+30,44.2,-2.06E+31,-3.68E+31,44.8,3.85E+31,-5.07E+32,45,2.54E+33,1.18E+34
33,40.8,41.4,29.34666126,88.62372947,41.6,371.7283134,-346.7999753,42.1,-427.7005906,42.1,-23634.43778,-24576.04889,38.4,151273.8793,-148320.5263,32.8,-249330.9768,-1395315.727,33.2,988107.6249,-3813016.688,33.5,49146341.52,291712441.2,34.1,115617822.2,298564708.6,36.7,4010105449,-18451364399,39.4,-64435936681,40,-4.26909E+12,-1.09811E+13,40.4,5.6337E+13,8.51061E+13,40.9,-1.0395E+15,-1.63067E+15,41.1,-1.018E+16,-4.50505E+16,41.2,1.16E+17,6.64E+17,41.3,2.71E+18,-8.75E+17,41.5,1.93E+19,2.07E+19,41.5,-3.89E+20,1.60E+20,41.4,1.48E+20,41.3,2.73E+22,4.27E+22,31.8,-1.54E+23,3.55E+23,36.6,-3.69E+23,1.06E+24,39.7,-1.81E+24,-2.02E+25,40.6,-1.11E+25,-7.23E+25,39.3,7.10E+26,-1.36E+27,40.6,-8.56E+26,-3.14E+27,42.4,-1.75E+28,43.1,-2.00E+28,-1.07E+30,43.4,3.29E+30,-4.19E+30,43.6,-9.91E+30,-2.95E+31,44,1.13E+29,-2.18E+32,44.2,1.26E+33,8.39E+33
34,38.93,39.3,65.43275494,39.5,112.3767179,-447.6829717,39.7,2961.411675,1944.357564,40,-4502.731716,-23352.22025,36.4,90105.35995,79017.65925,26.3,-1158847.627,-2202300.634,27.8,-4193357.408,8443611.44,25.8,41354952.11,357896174.7,-731083694.4,1796720027,59520866.12,-3010089400,-40175078719,32,2.40561E+11,9.92112E+11,37,-7.40237E+12,-1.39672E+13,37.7,5.67622E+13,1.08057E+14,38.5,-2.05272E+14,-1.35782E+15,38.8,-2.6532E+16,-3.00533E+16,38.9,-4.01953E+16,1.03E+18,-2.87E+18,5.67E+18,-1.36E+18,-1.80E+19,-5.87E+19,39.6,-1.82E+20,1.32E+21,39.3,-1.22E+22,-1.31E+22,39.3,1.27E+22,5.38E+22,29.5,-1.12E+22,6.73E+21,32.9,1.79E+24,2.44E+24,33.1,-3.50E+24,-3.46E+25,-2.55E+22,-8.07E+25,4.04E+25,-4.07E+26,-1.36E+25,-1.78E+27,-5.36E+27,-2.21E+27,36.1,1.63E+28,6.30E+28,42,-2.43E+29,-1.02E+30,40.9,1.88E+30,-3.39E+30,41.5,-1.48E+31,-2.89E+31,42.2,-1.84E+32,-1.46E+31,42.4,1.07E+33,1.07E+34
35,39.47,40.7,37.13430949,96.35048039,40.7,-78.26330172,-638.7102854,41,75.53217831,-7461.404673,41.4,-16399.30014,-48368.94619,31.9,-61706.61146,648388.6834,29.1,-1991099.822,32.7,31.5,-273145.3882,30.4,30.2,335394556,31.1,32.1,345740153.3,34,-9257223566,-26151674403,36.9,3.139E+11,1.10355E+12,39.2,-9.96997E+12,-1.27864E+13,38.5,6.70214E+13,1.9643E+14,39.2,-1.48305E+15,39.3,39.5,-4.4366E+16,39.6,39.6,9.55E+17,39.8,39.9,-3.31E+17,40.1,2.96E+18,1.43E+19,40,7.05E+20,7.29E+20,40,-1.40E+21,6.36E+21,40.2,2.83E+22,8.34E+22,31.6,1.08E+23,-9.52E+23,35.9,2.07E+24,36,37.3,-2.51E+25,38.7,38.6,1.55E+25,36.4,36.2,-1.53E+27,38.1,2.29E+27,-1.35E+27,40.5,4.43E+27,1.15E+29,42.5,-8.88E+29,-2.85E+29,41.5,-4.15E+30,9.08E+30,42,-3.63E+31,42.4,42.5,-1.86E+32,42.7,43,1.01E+34
36,39.1,39.9,11.28952411,-4.526593209,40.1,-668.0932786,-416.6048874,40.5,4742.06562,6988.000758,40.9,-64866.62342,-185655.2588,29.1,298721.3338,723318.82,22,-2733189.868,30.7,30,540680.5471,29.4,29.6,446186756,30.9,2505471167,2169054936,34.2,-12947285656,2095703583,37.4,7.73589E+11,8.74388E+11,38.8,-1.21873E+13,-4.68965E+13,38,1.77486E+14,6.24853E+14,38.7,-4.36206E+15,38.7,38.8,-5.00574E+16,39.3,39.3,1.09E+18,39.5,9.79E+18,1.48E+19,39.7,3.92E+19,7.35E+19,39.8,1.37E+21,8.05E+20,39.7,-1.40E+22,-7.55E+21,40,7.19E+22,2.30E+23,24.2,-3.95E+23,-5.31E+23,34.2,1.29E+24,34.9,36.7,-2.45E+25,37.9,37.6,-4.51E+25,35.9,4.53E+26,2.27E+27,38.7,6.24E+27,1.20E+28,40.9,5.70E+28,5.56E+28,42.3,-4.98E+29,-2.70E+30,40.7,3.73E+30,1.43E+31,41.6,-6.79E+31,42.3,42.4,-8.19E+31,42.6,42.9,1.25E+34
37,39.8,49.95381564,40.6,33.98395099,40.7,40.8,-153.3576019,41.2,41.2,2806.785944,41.5,41.6,-150272.0232,28.1,25.5,271817.5565,21.6,25.6,-8808786.19,26.1,25.3,-79277457.18,25.6,26.2,342542540.6,28.6,1058168887,-16579811017,31.9,-12226053543,34.3,35.7,1.0201E+12,37.5,37.8,-3.64457E+13,37.9,38.6,5.34343E+14,38.7,38.7,-7.85355E+15,38.9,39,-3.25E+17,39.3,39.4,-1.91E+17,39.7,6.96E+18,-5.21E+19,40,1.59E+19,39.8,39.7,4.70E+20,39.7,39.7,-1.15E+22,39.8,33.7,2.05E+23,24.1,24.9,6.86E+22,31.4,30.6,8.40E+24,34.6,34.6,-4.79E+25,36,34.4,-4.20E+26,32.5,5.23E+26,-1.64E+27,35,3.84E+27,38.7,40,6.94E+28,40.7,39.7,-1.81E+30,40.2,40.5,5.58E+30,41.8,42.2,-1.77E+32,42.6,42.8,-2.57E+33,43.1,43.8
38,41.7,42.2,28.74283399,10.86966597,42.3,-991.6420914,-801.8069483,43,7505.524261,43,-11209.9605,-72627.18492,37.9,166835.0841,288577.7554,24.2,-1153058.421,-2731606.372,29.2,4809892.711,2403254.717,28.4,172755925.2,565908385.9,31.3,3500321865,2796963423,34.1,-22895822710,-10200993291,35.9,1.28891E+12,36.5,-9.08503E+12,-1.87399E+13,37.8,9.8783E+13,2.16324E+14,39.8,-9.47064E+14,-4.32396E+15,40.2,-2.88415E+16,-5.97612E+16,40.5,4.20E+17,1.22E+18,40.9,1.26E+19,1.61E+19,41.5,2.48E+19,6.05E+19,41.4,2.13E+21,2.17E+21,41.4,-1.83E+22,41.3,2.75E+22,9.28E+22,27.2,-1.07E+23,-3.26E+23,35.2,1.26E+24,1.23E+24,34.3,-1.58E+25,-3.38E+25,37.9,-6.92E+25,-1.27E+26,35.3,7.76E+26,2.25E+27,38,1.00E+28,1.66E+28,38.1,8.76E+28,39.5,-5.03E+29,-9.61E+29,40.7,3.62E+30,3.05E+30,42.2,-2.43E+31,-6.22E+31,43.6,-4.42E+31,-1.11E+32,44.2,5.57E+33,1.56E+34
39,39.9,39.3318277,40.6,-22.02934629,40.6,40.7,-944.5689347,41,41,18023.03845,41.5,41.4,-208019.9716,28.5,26.7,225535.5266,23.8,26.3,-10567997.97,28.8,28.4,-71447967.84,29.2,361033478.6,797427644.6,31.3,5370368006,34.1,35.4,-18963284911,37.2,37.3,2.08145E+12,38,37.9,-5.49159E+13,37.6,38.1,6.96912E+14,37.7,37.7,-1.13789E+16,37.8,37.8,-3.58E+17,37.9,4.43E+17,1.21E+18,38.3,2.32E+19,38.5,38.5,7.85E+19,38.5,38.5,2.63E+21,38.6,38.5,-3.22E+22,38.6,34.4,2.53E+23,26,25.3,3.95E+23,32.4,32,8.90E+24,35.7,36.1,-7.07E+25,36.9,-2.48E+26,-3.17E+26,35.9,2.52E+27,38.4,38.6,1.78E+28,40.5,41.3,1.40E+29,41.1,39.4,-3.09E+30,39.2,39.3,4.38E+30,40.3,40.7,-2.32E+32,41.1,41.2,-2.39E+33,41.6,9.13E+33
40,41.7,73.90271407,42.1,-148.1503317,42.1,42.1,689.7466311,42.5,42.6,-6626.624283,43.1,43,-90607.8409,29.3,27.6,-612390.4316,26.2,34,-5659242.208,34.4,34.6,-108227656.1,35,631325053.7,400968780.4,35.1,1380404741,33.1,33,1.07493E+11,33.9,34.4,-4.94706E+11,39.9,39.7,-2.86477E+13,38.7,39.3,3.26619E+14,40.1,40.1,-2.78698E+15,40.2,40.2,-3.16E+17,40.4,8.91E+17,-1.06E+18,40.9,1.97E+19,41.2,41.1,2.57E+20,41.1,41.1,7.31E+19,41.1,41.2,2.46E+22,41.4,36,1.60E+23,26.7,32,1.13E+24,37.3,37.7,6.43E+24,39.2,39.4,-8.77E+24,40.4,-3.21E+26,38.6,37.9,6.60E+27,35.6,34.1,3.03E+28,33.8,34.7,-9.23E+28,39.8,39.3,-3.21E+30,40.5,40.9,-9.58E+30,42.1,42.4,-8.56E+31,43,43.1,-3.09E+33,43.6,1.55E+34
41,40.9,48.48263023,41.1,-82.85839298,41.1,41.1,-416.2179488,41.6,41.6,5590.764309,42,41.9,-175626.0101,28.4,26.6,93879.75977,23.8,30.4,-9844643.267,32.3,32.1,-108367743.2,33.7,33.7,130742840.3,34.9,4062959429,-12642638026,37.6,33989771982,37.7,37.7,1.08918E+12,38.1,38.2,-4.99558E+13,37.4,38,5.93313E+14,38.3,38.4,-7.97083E+15,38.4,38.4,-3.99E+17,38.6,38.9,-9.06E+17,39,39.2,-5.21E+19,39.2,1.58E+20,39.4,39.4,1.60E+21,39.5,39.5,-1.23E+21,39.5,33.9,2.29E+23,24.8,28.6,3.89E+23,35.6,35.5,9.88E+24,38.7,38.9,-4.15E+25,39.6,39.3,-4.72E+26,39.4,4.32E+27,-1.36E+27,39.7,2.74E+28,39.9,40,4.75E+28,40.5,38.4,-3.28E+30,39.1,39.3,3.64E+30,40.1,40.4,-1.92E+32,40.9,41,-3.32E+33,41.6,42.2
42,41.2,51.75572774,41.3,41.2,269.1479058,41.2,16.66050007,2525.588651,41.8,-1332.835573,-14431.29759,42.1,-136101.5111,181345.0269,27.4,321583.1617,24.7,31.4,-8620026.563,33.5,33.4,-114521108.3,35.1,35.2,-598211039.8,37.2,38.3,-12965147032,39.9,40,2.32288E+11,39.8,3.75921E+11,-6.51735E+12,39.4,-3.66366E+13,9.42801E+13,38.7,4.47564E+14,39.2,39.4,-3.48192E+15,39.4,39.4,-3.59E+17,39.5,39.7,-2.66E+18,39.9,39.9,-5.73E+19,39.9,39.9,-7.16E+20,40.1,3.86E+20,-5.00E+21,40.2,1.18E+22,2.95E+22,35.3,1.76E+23,25.9,29.8,-5.49E+22,36.4,36.5,1.12E+25,39.7,40,-1.37E+25,40.9,40.5,-4.06E+26,42,42.5,-4.50E+27,42.3,1.99E+28,3.28E+28,42.6,2.02E+28,-3.19E+29,40.1,-2.41E+30,5.04E+30,40.6,8.18E+30,41.1,41.3,-1.45E+32,41.6,41.7,-3.45E+33,42.2,42.5
43,43,87.33512564,43.2,-250.3491632,385.0376074,43.2,1303.324097,43.7,43.7,-5841.011349,44.1,43.9,-135869.0552,30.2,28.1,-1331063.997,26,36.7,-6728449.887,36.9,36.8,-138590110.5,37.4,37.6,205340742.4,38.8,38.2,-16614119300,37.8,1.67542E+11,1.0049E+11,37.8,-1.2641E+12,41.1,41.8,-4.67189E+13,38.8,39.7,4.63399E+14,40.5,40.6,-5.11968E+15,40.6,40.6,-4.22E+17,40.8,41.1,-1.32E+18,41.3,41.4,-7.45E+19,41.4,3.71E+20,-1.19E+21,41.6,-6.30E+20,41.7,41.7,3.09E+22,41.7,36,2.29E+23,26.6,33.1,2.48E+24,40.8,41.4,6.19E+24,43.1,43.4,-7.82E+24,44.5,43.9,-6.65E+26,41.8,40.8,-2.89E+27,39.5,4.52E+28,5.84E+28,40.1,-1.81E+29,42.6,40.7,-5.32E+30,41.5,41.7,-2.04E+31,42.3,42.6,-1.12E+32,43.1,43.1,-3.89E+33,43.6,44.1
44,42.4,75.37642036,42.5,42.4,198.1892934,42.3,42.6,1347.464852,42.9,-13578.86891,-14456.41746,43.2,7562.202166,88013.50872,29.7,-437815.7144,-658869.8901,36.1,-515743.4969,-16448624.58,36.7,-61486065.08,36.5,37.5,-772726657.3,38.4,38.8,-16609934375,39.3,38.8,2.12562E+11,39.1,-1.46099E+12,-1.58796E+12,40.7,4.45077E+12,4.39788E+13,38.8,3.90104E+13,-3.08322E+14,39.8,3.9348E+15,-4.0014E+16,39.8,-1.16E+17,40,40.3,-2.80E+18,40.4,40.4,-6.24E+19,40.5,40.6,-4.85E+20,40.8,-2.84E+21,-1.81E+21,40.9,2.60E+22,5.14E+21,36.4,3.17E+22,-9.16E+22,33.2,8.45E+23,7.48E+23,40.9,3.31E+24,1.03E+25,42.5,4.12E+25,43.2,43.1,-2.67E+26,42.8,42.5,-2.04E+27,41.7,42.1,3.28E+28,42.2,-7.30E+28,2.11E+29,40.1,-4.20E+29,4.60E+30,40.7,-3.55E+30,-1.64E+31,41.5,2.80E+31,-4.00E+32,41.9,-1.64E+33,42.3,42.6
45,46.9,80.63788532,3.395683451,46.5,-17.8624284,163.9746639,46.7,2338.305556,47.1,-13336.17195,-24421.95407,47.5,66701.32807,42566.52121,29.5,-528467.3694,-235271.2758,37.5,2727262.77,-25000786.95,38.6,-38408790.01,-143949594.5,39,-1103694468,742838714.2,37.8,-19462213309,4449396324,37.3,3.23197E+11,-2.34721E+11,-1.65585E+12,-8.09023E+11,41.9,2.40872E+13,3.17651E+13,41,-1.69634E+14,3.74095E+14,42.8,9.14466E+15,-4.82644E+16,42.7,8.49202E+14,-7.55E+17,43.6,-3.69E+18,2.93E+18,43.3,-7.03E+19,-3.87E+19,43.9,-5.37E+18,9.57E+20,44.6,-3.19E+21,44.5,1.88E+22,1.34E+22,39.1,-4.60E+22,2.81E+22,35.2,8.24E+23,5.07E+23,42.2,1.85E+24,2.20E+25,41.2,6.82E+25,-1.77E+26,41.8,-2.50E+26,1.40E+27,40.8,2.05E+27,1.32E+28,39.4,3.62E+28,-8.25E+28,-6.26E+28,4.36E+29,41.5,1.16E+30,5.17E+30,42.7,-5.67E+30,-4.31E+30,43.9,1.14E+32,-5.35E+32,44.2,-9.09E+32,-4.89E+33,45.2
46,43.2,43.6,43.2,-27.69262594,43,42.9,1727.513766,43.6,43.7,-216.3328337,43.9,43.7,-56343.31765,29.7,28.1,-88425.99288,24.8,36.1,-1302342.886,36.1,37.1,-24339341.27,36.2,315796324.3,38.1,38.7,-4553039321,40.4,40,99391425618,40.5,41,-8.54728E+11,41.5,39.9,-2.87754E+12,37.6,38.6,2.95031E+14,39.7,39.9,1.02539E+15,39.8,39.8,-6.84747E+16,40,3.23E+17,40.4,40.3,-1.67E+19,40.4,40.4,2.09E+20,40.8,41.1,-4.28E+21,41.1,41.1,-1.25E+22,40.8,34.9,1.07E+23,24.6,31.8,8.42E+23,41,40.9,2.85E+24,41.3,8.43E+24,41.4,42.1,-2.41E+26,42.8,42.9,-1.76E+27,43.1,42.9,-6.00E+27,43.3,43.9,4.69E+28,44.1,40.2,-6.19E+29,40.1,40.2,4.01E+30,40.7,41,-5.68E+30,41.2,41.2,-6.85E+32,41.4,7.91E+33
47,46,46.3,-36.92344991,77.70795035,-158.3906046,809.1656703,45.8,3738.25922,-7376.686593,46.4,-19588.77425,-8208.357319,40.1,-43572.07351,-698668.8717,28.1,-527976.9846,23725.40594,34.2,-17287295.46,-36038632.42,33.5,-73067701.11,55117140.99,34.7,-696901242.1,-5557331354,40.1,51160462849,52281353151,4.30193E+11,-1.21373E+12,41,-1.8532E+12,-3.37929E+12,37.9,8.75127E+12,-6.36055E+11,40.4,-2.70563E+14,-2.57506E+14,41,-3.2621E+16,-7.9297E+16,41,-4.72E+17,-2.34E+17,41.6,4.92E+17,-2.26E+19,41.4,4.82E+19,-1.21E+19,4.54E+20,-1.09E+21,42.3,-5.84E+21,1.24E+22,41.6,1.64E+22,9.04E+21,29.4,1.55E+23,1.06E+24,35.9,5.37E+23,-4.99E+23,37.3,1.94E+25,2.05E+25,40.9,-9.13E+25,-1.13E+26,41.8,1.61E+27,-2.39E+27,43,9.02E+27,43,3.28E+28,-1.24E+29,44,2.30E+29,-5.51E+29,41,1.76E+30,-8.31E+30,41.4,-1.21E+31,3.76E+30,41.9,-3.37E+32,-8.41E+32,42.1,-3.24E+33,-9.71E+31
48,43.53,24.2683736,-117.4155502,-37.76511277,-636.6577019,1201.660601,-104.2646526,4937.750438,-17042.32196,14317.37301,-13662.94186,24735.92459,-134171.2544,114515.4602,-445372.8823,-74526.11509,-861243.0223,463148.1046,-3404217.409,12965115.31,-12151921.42,19533165.32,193402885.8,176389532,1483387990,-2629869281,1098330784,-24303232638,1.21681E+11,41336311571,5.38345E+11,-2.16097E+12,9.43388E+11,-2.69048E+12,4.49431E+12,-2.58939E+13,3.02907E+13,-9.75028E+11,4.88114E+14,-1.24635E+15,-9.92795E+14,-9.34792E+15,4.4203E+13,-3.67002E+16,-8.42919E+16,6.30E+17,3.24E+17,3.59E+18,-8.83E+17,1.98E+18,-3.17E+19,2.48E+20,1.89E+20,1.49E+21,-2.54E+21,-4.77E+19,-6.25E+21,3.08E+22,-4.01E+22,2.62E+21,1.62E+22,1.98E+23,-5.15E+22,5.53E+23,5.67E+23,5.24E+23,-1.82E+24,-1.30E+24,-7.07E+24,-1.11E+24,-7.69E+25,7.49E+25,-8.95E+25,-8.29E+25,2.64E+27,-1.02E+27,1.90E+27,1.08E+28,2.04E+27,4.21E+28,-1.74E+29,1.09E+29,5.86E+28,-6.78E+29,-1.59E+30,1.34E+30,-6.46E+30,-1.43E+30,-2.49E+31,5.26E+30,-1.09E+32,3.20E+32,-3.12E+32,2.78E+32,5.26E+33,4.88E+33
49,0,0,0,0,0,0,0,0,0,0,0,0,0,0,0,0,0,0,0,0,0,0,0,0,0,0,0,0,0,0,0,0,0,0,0,0,0,0,0,0,0,0,0,0,0,0,0,0,0,0,0,0,0,0,0,0,0,0,0,0,0,0,0,0,0,0,0,0,0,0,0,0,0,0,0,0,0,0,0,0,0,0,0,0,0,0,0,0,0,0,0,0,0,0,0,0
